epoch,train_loss,val_loss,val_loss_unweighted,val_macro_f1,val_acc,lr,epoch_s
1,0.6108087740688826,0.6689864993095398,0.6349382400512695,0.8044383996244387,0.8155136268343816,0.0003,5.185621500015259
2,0.39471094567081105,0.49969956278800964,0.48209333419799805,0.8279487304518044,0.8364779874213837,0.00029912069357315393,4.6679112911224365
3,0.30984286092594077,0.4396629333496094,0.3793466091156006,0.8512315846475248,0.870020964360587,0.000296493083356513,4.772043228149414
4,0.28285194640918715,0.2482067346572876,0.23791596293449402,0.8944325764864853,0.9035639412997903,0.00029214797567742035,4.722769498825073
5,0.2438902571789694,0.273727148771286,0.23529353737831116,0.8997241922773838,0.9140461215932913,0.0002861363129506435,4.725163459777832
6,0.2696555425738748,0.3823125958442688,0.32958921790122986,0.8760904005164135,0.8909853249475891,0.00027852857642513836,4.700297832489014
7,0.29032633172243544,0.3678051233291626,0.3174777925014496,0.873452940751222,0.8888888888888888,0.00026941395985584653,4.7038092613220215
8,0.23435669864102285,0.2533613443374634,0.23167720437049866,0.9070964659228443,0.9161425576519916,0.0002588993237884696,4.705170392990112
9,0.19693884492258262,0.2317044734954834,0.2102886140346527,0.9040786068569191,0.9161425576519916,0.00024710794271727413,4.688726902008057
10,0.20859376681197986,0.30425789952278137,0.2901170551776886,0.8745354178656733,0.8867924528301887,0.00023417805980435736,4.727915287017822
11,0.18720589910568128,0.4457261860370636,0.49426841735839844,0.8138835257396426,0.8092243186582809,0.00022026126610496852,4.780801057815552
12,0.18824962239821874,0.29149743914604187,0.26195380091667175,0.8985911038781463,0.9119496855345912,0.00020552072330098716,4.690578460693359
13,0.17626489204484613,0.3080090582370758,0.28497743606567383,0.9054216990335102,0.9140461215932913,0.00019012925077938314,4.703284025192261
14,0.18612015220475284,0.3158052861690521,0.2858602702617645,0.8907153597087311,0.9014675052410901,0.00017426729948291468,4.809770584106445
15,0.1620469794755956,0.31875455379486084,0.2951439619064331,0.8842635547690788,0.8951781970649895,0.00015812083628781258,4.859598398208618
16,0.15789819904543087,0.2866615056991577,0.2496347278356552,0.9014189713444063,0.9140461215932913,0.00014187916371218736,4.806979417800903
