cluster_id,darkness_status,sea_vv_db,slick_vv_db,slick_core_vv_db,damping_ratio_db,edge_contrast_db,edge_sharpness,slick_texture_db_std,slick_px,darkness_class
2,ok,-20.762092790361088,-26.345689698628473,-26.70174778162871,5.583596908267385,4.619549522360753,0.8273429472533719,5.2039143470477365,96147,intermediate
7,ok,-23.1806264247047,-27.382678849334702,-27.58084482760161,4.202052424630004,3.6414424525382074,0.8665866306650948,4.910742770275274,16328,intermediate
3,ok,-21.2128403580744,-25.577546939779474,-26.056466879668832,4.364706581705075,3.737977746945795,0.8564098587093457,4.747143025149421,48571,intermediate
15,ok,-14.60169822998317,-17.751437666221786,-17.947877999818296,3.149739436238617,2.161839468680686,0.6863550183891814,3.14830684323274,13582,intermediate
1,ok,-21.057986648190223,-24.394953788180295,-24.69128114402958,3.3369671399900724,2.6066844449261097,0.7811537649525265,4.250239620528218,22610,intermediate
12,ok,-16.712866502186724,-19.178090195755335,-19.452887317021425,2.4652236935686105,1.827357092564263,0.7412540684772569,3.2381375861032162,7228,weak/weathered-looking
16,ok,-20.08007207823872,-22.531824975926035,-22.774448160948054,2.4517528976873137,1.5968586806158775,0.6513130593715869,3.697077064624628,3975,weak/weathered-looking
22,ok,-16.110008954057022,-18.310465801636095,-18.447064838232954,2.2004568475790727,1.0266007722618724,0.4665398339400891,2.980204132072356,7255,weak/weathered-looking
21,ok,-16.421554441936916,-18.49105510215597,-18.74375476496394,2.0695006602190524,1.2641589069369203,0.6108521399568492,3.1343688639270355,4245,weak/weathered-looking
17,ok,-15.219744345491454,-17.266203319739695,-17.396900444269804,2.0464589742482406,1.0845297600457648,0.5299543131296649,3.0898211189141755,13214,weak/weathered-looking
19,ok,-15.096808046682767,-17.07470857014532,-17.354683080282744,1.9779005234625515,1.2020293668807458,0.6077299402178475,2.971780065678376,9052,weak/weathered-looking
18,ok,-14.903749325078081,-17.021427024618728,-17.404011062729708,2.1176776995406463,1.233263875612355,0.5823661815392716,3.062524505745759,4262,weak/weathered-looking
