cluster_id,label,silent_name,silent_last_report_min,row,col,lon,lat,peak_db,size_px,dist_to_slick_km,near_slick
2,ais_silent_at_t0,IRELAND,31.75,14102.59090909091,17513.409090909092,-88.96767057904017,28.00503108684927,13.781508108025637,22,21.372129466817746,False
2,dark_vessel_candidate,,,16085.5,14795.5,-89.27636100317825,28.140209775559548,-11.711137776995342,4,14.069490978877687,False
2,dark_vessel_candidate,,,15474.333333333334,16492.5,-89.09507036944406,28.11229860368187,-6.269742078225135,12,4.843933857271158,False
2,dark_vessel_candidate,,,15841.657894736842,16680.763157894737,-89.08296440384802,28.148361788659052,9.942016267446705,38,1.9212780417133755,True
2,dark_vessel_candidate,,,16403.833333333332,16490.666666666668,-89.11236161139071,28.195948289213213,-7.245091252252895,6,1.6896220304907392,True
7,ais_silent_at_t0,IRELAND,31.75,14102.59090909091,17513.409090909092,-88.96767057904017,28.00503108684927,13.781508108025637,22,17.340605883826218,False
7,dark_vessel_candidate,,,13342.615384615385,19586.0,-88.74639004665664,27.969333428684042,-10.11857501616648,13,22.24792538079064,False
7,dark_vessel_candidate,,,15474.333333333334,16492.5,-89.09507036944406,28.11229860368187,-6.269742078225135,12,21.18301980381567,False
7,dark_vessel_candidate,,,15841.657894736842,16680.763157894737,-89.08296440384802,28.148361788659052,9.942016267446705,38,19.66921129530464,False
7,dark_vessel_candidate,,,16403.833333333332,16490.666666666668,-89.11236161139071,28.195948289213213,-7.245091252252895,6,23.192164667398103,False
3,ais_silent_at_t0,IRELAND,31.75,14102.59090909091,17513.409090909092,-88.96767057904017,28.00503108684927,13.781508108025637,22,20.98893495275444,False
3,dark_vessel_candidate,,,16085.5,14795.5,-89.27636100317825,28.140209775559548,-11.711137776995342,4,7.987806562707387,False
3,dark_vessel_candidate,,,15474.333333333334,16492.5,-89.09507036944406,28.11229860368187,-6.269742078225135,12,4.33251472200603,False
3,dark_vessel_candidate,,,15841.657894736842,16680.763157894737,-89.08296440384802,28.148361788659052,9.942016267446705,38,6.30963093279219,False
3,dark_vessel_candidate,,,16403.833333333332,16490.666666666668,-89.11236161139071,28.195948289213213,-7.245091252252895,6,7.704179750555432,False
15,dark_vessel_candidate,,,9559.5,2442.5,-90.38395557159217,27.348513297875492,-5.70984358722926,4,17.00204571032557,False
1,ais_silent_at_t0,IRELAND,31.75,14102.59090909091,17513.409090909092,-88.96767057904017,28.00503108684927,13.781508108025637,22,23.83471264761686,False
1,dark_vessel_candidate,,,16085.5,14795.5,-89.27636100317825,28.140209775559548,-11.711137776995342,4,16.921893174030597,False
1,dark_vessel_candidate,,,15474.333333333334,16492.5,-89.09507036944406,28.11229860368187,-6.269742078225135,12,9.65331405850292,False
1,dark_vessel_candidate,,,15841.657894736842,16680.763157894737,-89.08296440384802,28.148361788659052,9.942016267446705,38,5.516150670931352,False
1,dark_vessel_candidate,,,16403.833333333332,16490.666666666668,-89.11236161139071,28.195948289213213,-7.245091252252895,6,2.0277292183609203,False
12,ais_silent_at_t0,WEST AURIGA,63.3,7559.5,5452.5,-90.04653185762398,27.219031641264813,14.741488814522995,4,23.73742031379289,False
12,ais_silent_at_t0,WEST AURIGA,63.3,7562.714285714285,5453.0,-90.04654410589785,27.21932964145489,14.05004020722502,7,23.713463576716844,False
12,ais_silent_at_t0,WEST AURIGA,63.3,7566.25,5449.5625,-90.0469531083966,27.2195906311355,18.736356723590845,16,23.664274831957222,False
12,dark_vessel_candidate,,,8863.23076923077,4825.076923076923,-90.13392158121165,27.325979842668573,-4.679561856445172,13,9.575533703433722,False
12,dark_vessel_candidate,,,9559.5,2442.5,-90.38395557159217,27.348513297875492,-5.70984358722926,4,16.02891408309172,False
12,dark_vessel_candidate,,,9865.0,4815.444444444444,-90.15422503271044,27.416081516169744,-6.33740156229255,9,5.777354132671683,False
12,dark_vessel_candidate,,,9875.5,4815.0,-90.15447204065181,27.417020135511585,-6.838494704816956,4,5.768903500961978,False
12,dark_vessel_candidate,,,9878.5,4816.5,-90.154380956068,27.41731562848076,-5.756173907304479,4,5.783116538817141,False
12,dark_vessel_candidate,,,10380.266666666666,4814.666666666667,-90.16425818077893,27.462495255749666,-5.704753640814487,15,7.584459656572798,False
12,dark_vessel_candidate,,,10990.4,5829.633333333333,-90.07509533658764,27.534468435036906,13.111332714052777,30,19.41233935280565,False
16,dark_vessel_candidate,,,6761.285714285715,12155.5,-89.36606644459832,27.257867942206875,-1.7802232802353242,14,16.605564091171953,False
16,dark_vessel_candidate,,,7332.5,9866.5,-89.60412538357447,27.27185564599573,-9.165679890632507,4,10.264112854144562,False
16,dark_vessel_candidate,,,7319.25,11604.0,-89.43129349850433,27.299131284037998,-7.639411355630403,4,14.180617676654919,False
22,dark_vessel_candidate,,,5294.5,4178.5,-90.12909439897825,26.993524335635616,-5.7320769590693645,4,9.722923180354885,False
22,dark_vessel_candidate,,,6401.5,3427.5,-90.22487273481752,27.08060639782671,-6.5931991842991895,4,7.743745929851838,False
22,ais_silent_at_t0,SHELIA BORDELON,78.81666666666666,7329.785714285715,1025.904761904762,-90.48081583089954,27.123468797890435,4.362974817557673,42,24.813416560906543,False
21,dark_vessel_candidate,,,5294.5,4178.5,-90.12909439897825,26.993524335635616,-5.7320769590693645,4,9.644200224396748,False
21,dark_vessel_candidate,,,6401.5,3427.5,-90.22487273481752,27.08060639782671,-6.5931991842991895,4,4.677570407845541,False
17,dark_vessel_candidate,,,6401.5,3427.5,-90.22487273481752,27.08060639782671,-6.5931991842991895,4,18.05514856811376,False
17,ais_silent_at_t0,SHELIA BORDELON,78.81666666666666,7329.785714285715,1025.904761904762,-90.48081583089954,27.123468797890435,4.362974817557673,42,4.337631377464043,False
17,dark_vessel_candidate,,,9559.5,2442.5,-90.38395557159217,27.348513297875492,-5.70984358722926,4,23.623492585295256,False
19,dark_vessel_candidate,,,6401.5,3427.5,-90.22487273481752,27.08060639782671,-6.5931991842991895,4,20.234359576813663,False
19,ais_silent_at_t0,SHELIA BORDELON,78.81666666666666,7329.785714285715,1025.904761904762,-90.48081583089954,27.123468797890435,4.362974817557673,42,1.725916982930987,True
18,dark_vessel_candidate,,,6401.5,3427.5,-90.22487273481752,27.08060639782671,-6.5931991842991895,4,22.88940003390835,False
18,ais_silent_at_t0,SHELIA BORDELON,78.81666666666666,7329.785714285715,1025.904761904762,-90.48081583089954,27.123468797890435,4.362974817557673,42,0.8183941063651178,True
18,dark_vessel_candidate,,,9559.5,2442.5,-90.38395557159217,27.348513297875492,-5.70984358722926,4,24.778660548310288,False
