row,col,size_px,peak_db,lon,lat,label,match_id,match_name,match_km,d_lon_m,d_lat_m,silent_mmsi,silent_name,silent_last_report_min,silent_dist_km
2425.5,4470.5,4,-6.335950704982109,-90.04488974185863,26.7398974346384,dark_vessel_candidate,,,,,,,,,
2509.5,7308.5,4,-7.551265617418954,-89.76610750470967,26.7949982714632,dark_vessel_candidate,,,,,,,,,
2182.5945945945946,21019.54054054054,37,11.514832813066882,-88.40233546746474,26.987371287578704,dark_vessel_candidate,,,,,,,,,
3543.5,5855.5,4,-8.470803522633597,-89.92950518682798,26.863908546663357,dark_vessel_candidate,,,,,,,,,
3638.4117647058824,21229.29411764706,17,13.336445601820099,-88.40762485098618,27.121696443160797,dark_vessel_candidate,,,,,,,,,
3653.5,21224.5,4,10.980730722633488,-88.40837168694306,27.122979355461155,dark_vessel_candidate,,,,,,,,,
4474.833333333333,7986.166666666667,6,10.482816469352244,-89.73644769716117,26.98334487038444,dark_vessel_candidate,,,,,,,,,
4485.666666666667,7989.75,12,13.536964204490335,-89.73629875591581,26.984380398394354,dark_vessel_candidate,,,,,,,,,
4490.833333333333,7990.833333333333,6,10.34732182800327,-89.73628967128221,26.984863883733947,dark_vessel_candidate,,,,,,,,,
4448.27027027027,22378.702702702703,37,9.21942909205333,-88.30789159131243,27.21255157244153,dark_vessel_candidate,,,,,,,,,
5366.76,235.74,50,14.065266774618294,-90.52050069877673,26.933040890099495,platform_no_ais,2422-1,WR 29 A (Big Foot) (Chevron U.S.A. Inc.),0.08565353805546977,41.13404335743621,74.71257532972402,,,,
5294.5,4178.5,4,-5.7320769590693645,-90.12909439897825,26.993524335635616,dark_vessel_candidate,,,,,,,,,
6117.5,14220.5,4,-11.242628114340578,-89.14897987280978,27.233377337410587,dark_vessel_candidate,,,,,,,,,
5932.25,18337.041666666668,24,18.836056400499864,-88.73647248640147,27.28257687319342,dark_vessel_candidate,,,,,,,,,
6401.5,3427.5,4,-6.5931991842991895,-90.22487273481752,27.08060639782671,dark_vessel_candidate,,,,,,,,,
6761.285714285715,12155.5,14,-1.7802232802353242,-89.36606644459832,27.257867942206875,dark_vessel_candidate,,,,,,,,,
7045.5,14302.5,4,-9.049439215264172,-89.1580149989479,27.31827253368904,dark_vessel_candidate,,,,,,,,,
7873.2,902.9333333333333,15,19.01389152637425,-90.50364989134589,27.170343723463134,ais_stationary,538005314,OCEAN BLACKHORNET,0.03893514773925569,31.70238815068325,22.51959161481004,,,,
7886.0,895.0,7,17.155602899497246,-90.504686903611,27.171361736241305,ais_stationary,538005314,OCEAN BLACKHORNET,0.15324841939454742,-70.9995067333813,135.05072411389818,,,,
7329.785714285715,1025.904761904762,42,4.362974817557673,-90.48081583089954,27.123468797890435,ais_silent_at_t0,,,,,,367655260,SHELIA BORDELON,78.81666666666666,0.11873084232818172
7268.761904761905,2664.9523809523807,21,17.949163949169147,-90.31725998603632,27.145854457987753,ais_stationary,538005361,OCEAN BLACKLION,0.014415979937770837,2.8718569748968625,-14.044452256303899,,,,
7332.4358974358975,2645.4358974358975,39,9.219747395977096,-90.32043307761397,27.151261735628385,ais_stationary,367507790,HARVEY SUPPORTER,0.04598628163796592,37.7849208157969,26.117703751224113,,,,
7354.315789473684,2755.8947368421054,38,13.440361223324786,-90.30991308868194,27.155105408643063,ais_stationary,368196410,C-CONSTRUCTOR,0.045178846119737895,40.3043656419999,-20.38110362382824,,,,
7652.0,2249.4166666666665,48,13.298244161566197,-90.36590327889982,27.17334205698204,ais_stationary,368166560,ARGOS PLATFORM,0.019729892169410936,11.31112554529086,-16.07919475539532,,,,
7639.425531914893,3226.063829787234,47,10.968841063968428,-90.26885456532867,27.188756474135527,platform_no_ais,1215-1,GC 782 A (Mad Dog) (BP Exploration & Production Inc.),0.009428033559281625,-5.457421436134381,7.6469640893459,,,,
7267.125,5590.25,16,17.237710869985545,-90.02724619852738,27.194994666178484,ais_stationary,369494390,BP ATLANTIS PLATFORM,0.05457315068038892,-50.12079265557274,-21.592200630370968,,,,
7271.695652173913,5593.434782608696,23,17.19415839068622,-90.02701823066853,27.19545983771986,ais_stationary,369494390,BP ATLANTIS PLATFORM,0.04071249958922387,-27.5487598116777,29.827861553226214,,,,
7559.5,5452.5,4,14.741488814522995,-90.04653185762398,27.219031641264813,ais_silent_at_t0,,,,,,538009623,WEST AURIGA,63.3,0.40337926385602124
7562.714285714285,5453.0,7,14.05004020722502,-90.04654410589785,27.21932964145489,ais_silent_at_t0,,,,,,538009623,WEST AURIGA,63.3,0.43272209074635526
7566.25,5449.5625,16,18.736356723590845,-90.0469531083966,27.2195906311355,ais_silent_at_t0,,,,,,538009623,WEST AURIGA,63.3,0.44494400354700814
7591.078947368421,5611.289473684211,38,15.636730736104703,-90.0313880566907,27.224536659847455,ais_stationary,577358000,ISLAND VENTURE,0.021135411655557566,18.010226019112466,11.02812347706788,,,,
7332.5,9866.5,4,-9.165679890632507,-89.60412538357447,27.27185564599573,dark_vessel_candidate,,,,,,,,,
7319.25,11604.0,4,-7.639411355630403,-89.43129349850433,27.299131284037998,dark_vessel_candidate,,,,,,,,,
8950.5,3321.0,6,18.902505187654395,-90.28490588090412,27.30850578978635,ais_stationary,235053116,SEVEN OCEANS,0.0407474700832766,37.0052990690235,-17.046397016997048,,,,
8957.695652173912,3321.2608695652175,23,19.67110203862597,-90.28501979949834,27.309158606492296,ais_stationary,235053116,SEVEN OCEANS,0.06111299370246912,25.737251821008133,55.11596165847898,,,,
9054.818181818182,3319.727272727273,33,7.306447825649853,-90.28705910442659,27.317884499261893,ais_stationary,367773540,LUCY,0.0318034314285543,28.090136699285427,14.884212731061126,,,,
8596.74,4759.08,50,10.830553451354278,-90.13532762287815,27.30085909187742,ais_stationary,366050100,TLP SHENZI,0.053071148749744015,-52.721994861655915,6.5320161301703905,,,,
8863.23076923077,4825.076923076923,13,-4.679561856445172,-90.13392158121165,27.325979842668573,dark_vessel_candidate,,,,,,,,,
8960.826086956522,6954.478260869565,46,11.418263543557838,-89.92431729955388,27.3703724784002,ais_stationary,3660489,NEPTUNE TLP,0.020440615308500033,-1.1484464349360246,20.28816848613893,,,,
8988.8125,6947.0,16,-1.1168796830274743,-89.92559578784044,27.372769451337202,ais_stationary,3660489,NEPTUNE TLP,0.3139482887093246,-127.53756112789185,285.24955694245364,,,,
8577.0,8782.5,6,-5.761930572773047,-89.73536752629222,27.36610040336577,dark_vessel_candidate,,,,,,,,,
8583.166666666666,8783.333333333334,12,-4.552426327636711,-89.73540176721455,27.36666969756221,dark_vessel_candidate,,,,,,,,,
9549.40625,910.1875,32,13.615412253552154,-90.53582080045106,27.321526887277457,ais_stationary,366048300,HOLSTEIN,0.007127835891361466,4.865920128268568,5.182919650004436,,,,
9559.5,2442.5,4,-5.70984358722926,-90.38395557159217,27.348513297875492,dark_vessel_candidate,,,,,,,,,
9338.268292682927,4436.634146341464,41,10.517743850329822,-90.18167094194902,27.36225514841948,ais_moving,366908680,MARCO POLO TLP,0.016271751852680188,-2.0704355351269825,16.044706289035844,,,,
9360.32142857143,4812.107142857143,28,32.549553315334016,-90.14480818575173,27.370552163497607,ais_stationary,538004610,DEEPWATER INVICTUS,0.058089776290310514,-1.7978141731051098,57.7199530254444,,,,
9865.0,4815.444444444444,9,-6.33740156229255,-90.15422503271044,27.416081516169744,dark_vessel_candidate,,,,,,,,,
9875.5,4815.0,4,-6.838494704816956,-90.15447204065181,27.417020135511585,dark_vessel_candidate,,,,,,,,,
9878.5,4816.5,4,-5.756173907304479,-90.154380956068,27.41731562848076,dark_vessel_candidate,,,,,,,,,
9520.5,16886.0,6,-8.70133414305041,-88.9464259902336,27.58255631947245,dark_vessel_candidate,,,,,,,,,
9559.5,17664.5,4,-10.554945618351542,-88.86952349283106,27.59845034806352,dark_vessel_candidate,,,,,,,,,
9515.083333333334,22501.916666666668,24,-3.1333803653599994,-88.3860477110507,27.670425041672473,dark_vessel_candidate,,,,,,,,,
10380.266666666666,4814.666666666667,15,-5.704753640814487,-90.16425818077893,27.462495255749666,dark_vessel_candidate,,,,,,,,,
11179.29411764706,4965.470588235294,17,15.180352179622545,-90.16470257295194,27.53701883677042,ais_stationary,636016002,PACIFIC SHARAV,0.03857511949576179,-3.0228591055559906,38.2302047550337,,,,
11188.541666666666,4964.041666666667,24,16.107696082022006,-90.16502339226676,27.53782807134039,ais_stationary,368508000,GENIE LAB,0.03541750687698125,-35.37259986812764,-2.432075755415326,,,,
10875.6,5575.58,50,12.634688390870007,-90.09815609713708,27.51987704244614,platform_no_ais,2710-1,GC 433 A (Kings Quay) (Murphy Exploration & Production Company - USA),0.01282233382111044,-9.787351780917634,-8.247795745277031,,,,
10990.4,5829.633333333333,30,13.111332714052777,-90.07509533658764,27.534468435036906,dark_vessel_candidate,,,,,,,,,
10891.5,13055.5,4,-5.874654845370485,-89.35362604105963,27.644466134705375,dark_vessel_candidate,,,,,,,,,
11593.816326530612,1106.2857142857142,49,12.798628658609639,-90.55649711716397,27.50910877656176,ais_stationary,366054900,STAMPEDE TLP,0.03263623755850238,-32.591083785455574,2.294649425112425,,,,
11420.575757575758,14666.69696969697,33,6.518847864050113,-89.2027683258746,27.718112143306175,dark_vessel_candidate,,,,,,,,,
12966.5,693.5,4,-4.275883840989282,-90.62454603162531,27.62575798224921,dark_vessel_candidate,,,,,,,,,
12624.365853658537,2465.1463414634145,41,15.611780194402222,-90.44155096856984,27.6250725269072,platform_no_ais,1290-1,GC 338 A(Front Runner) (Murphy Exploration & Production Company - USA),0.04118360802372609,-40.443666826157326,-7.957049577161541,,,,
13036.975609756097,4215.09756097561,41,7.566698808358331,-90.2753650874992,27.69179218814074,platform_no_ais,251-1,GC 254 A(Allegheny Sea (Eni US Operating Co. Inc.),0.02707978290436599,25.64446052429758,-8.731814758744108,,,,
13157.2,10530.4,5,14.17596881654622,-89.64801472644737,27.807407959101486,ais_stationary,538004609,DEEPWATER ASGARD,0.009411431847812861,7.763461938996919,5.301399078326909,,,,
13163.21052631579,10537.421052631578,38,14.018220301672166,-89.64742749996023,27.808064212619783,ais_stationary,369240000,PEYTON CANDIES,0.04088619889890565,35.322773090466605,-20.53693700929955,,,,
14284.263157894737,1961.6315789473683,19,4.329647000600485,-90.5241815327256,27.76610038142979,ais_stationary,367556730,HARVEY COLT,0.046587054721349226,41.6418073816602,-20.85734245031979,,,,
13867.5,5665.0,6,-6.742854803416747,-90.14694122106461,27.790926257666527,dark_vessel_candidate,,,,,,,,,
14102.59090909091,17513.409090909092,22,13.781508108025637,-88.96767057904017,28.00503108684927,ais_silent_at_t0,,,,,,311000646,IRELAND,31.75,0.27218244406221104
13342.615384615385,19586.0,13,-10.11857501616648,-88.74639004665664,27.969333428684042,dark_vessel_candidate,,,,,,,,,
13886.2,19592.6,5,17.824655250278852,-88.75558164056045,28.01836109344804,ais_stationary,636015856,NOBLE FAYE KOZACK,0.007574581215391659,-5.983299512629461,4.626048770580198,,,,
13893.588235294117,19584.58823529412,17,17.599806355545663,-88.75651779128157,28.018900229009084,ais_stationary,636015856,NOBLE FAYE KOZACK,0.11727030560924563,-97.98164996502999,64.22209368848357,,,,
13897.0,19580.5,6,17.922639469548752,-88.7569889976363,28.019143089719652,ais_stationary,636015856,NOBLE FAYE KOZACK,0.17077549882666082,-144.28851741719205,91.06791663464627,,,,
14824.711538461539,828.1538461538462,52,10.398697328671172,-90.64775184435572,27.795498549961163,ais_stationary,367785160,BRUTUS TLP,0.0339550956811982,23.452575473489674,24.434862706861082,,,,
14926.5,692.5,4,12.175052904588243,-90.66327716789948,27.80235522182783,ais_stationary,538005124,DEEPWATER PROTEUS,0.12119674004135476,-56.60577597669261,106.56758223808957,,,,
14927.0,695.5,6,14.232684890273706,-90.66298807094975,27.80245147622589,ais_stationary,538005124,DEEPWATER PROTEUS,0.12120600185269756,-28.138314474300852,117.20754339954901,,,,
14931.357142857143,691.2142857142857,14,17.70122342389576,-90.663501100991,27.80277093860396,ais_stationary,538005124,DEEPWATER PROTEUS,0.17237185914507744,-78.65653323271357,152.52091467133454,,,,
14417.468085106382,2035.4255319148936,47,15.631903750206197,-90.51943970222666,27.779354794350333,ais_stationary,369108000,CADE CANDIES,0.2806107338937461,-117.17160501057481,-253.53418529367025,,,,
14441.8,2054.5,10,3.792017868542716,-90.51801582093759,27.781870794320994,ais_stationary,369108000,CADE CANDIES,0.03379833998176589,23.063869249430535,24.584451463268877,,,,
15347.75,12780.75,4,-9.39234744128867,-89.46432090676218,28.041314784442392,dark_vessel_candidate,,,,,,,,,
14732.0,15215.25,4,8.985870782649124,-89.20925679442607,28.02507324082576,ais_stationary,366101000,VITO FPU,0.0457304310930035,7.755759823820565,-44.80393252803189,,,,
14738.16,15214.88,50,10.963027298221563,-89.20940779983205,28.025621921564426,ais_stationary,366101000,VITO FPU,0.017440661773596055,-7.083009338549261,15.847236324265666,,,,
14762.952380952382,15187.47619047619,21,-3.4318413173747606,-89.21260900739713,28.027415142873707,ais_stationary,366101000,VITO FPU,0.38677940386115217,-321.65439696647763,214.06991985221822,,,,
14945.275862068966,15193.448275862069,29,2.818280369513984,-89.2153853834857,28.043926053824958,ais_moving,367609520,HARVEY CONDOR,0.37612937975632404,-98.74198888644499,360.82928242835544,,,,
14638.342105263158,16282.578947368422,38,15.312120892572786,-89.100703488279,28.033694631041243,platform_no_ais,2089-1,MC 941 A(Mirage/Titan) (Equinor USA E&P Inc.),0.030548097479778293,10.872641444453235,-28.384142479640246,,,,
15309.92857142857,22442.14285714286,28,19.062243461225947,-88.49560513235346,28.190915710603267,platform_no_ais,1101-1,MC 778 A(Thunder Horse (BP Exploration & Production Inc.),0.0020090883081181924,1.81459936736358,0.8615265041469655,,,,
15316.0,22438.5,6,15.049688365847073,-88.49607925879124,28.191405583563846,platform_no_ais,1101-1,MC 778 A(Thunder Horse (BP Exploration & Production Inc.),0.07110759884522887,-44.704338200094234,55.012083566489096,,,,
15867.431818181818,1165.8863636363635,44,8.302380505473868,-90.63462430564782,27.89521689928731,ais_moving,367657110,PECAN ISLAND,0.11407618849863557,109.94989714363734,-30.664387217908384,,,,
16353.977777777778,4353.533333333334,45,14.031099640893814,-90.32597878167317,27.99296764027604,platform_no_ais,811-1,"EW 1003 A (Prince) (Talos Energy Ventures, LLC)",0.00718096964886397,-7.188771139557619,-0.06138612014986222,,,,
15627.825,11750.8,40,10.536427151849594,-89.57262180854465,28.04982492895736,ais_silent_at_t0,,,,,,257040610,OLYMPIC ARTEMIS,88.43333333333332,0.3042509508642534
15391.5,12765.5,4,-5.9210989028394545,-89.46666557282897,28.045007595928123,dark_vessel_candidate,,,,,,,,,
15500.0,12677.833333333334,6,-5.586252978493774,-89.47746879968932,28.053358573606527,dark_vessel_candidate,,,,,,,,,
15504.5,12662.5,4,-6.68007547263401,-89.47908738154703,28.05351547200431,dark_vessel_candidate,,,,,,,,,
15539.5,12670.5,4,-8.49587428234366,-89.4789422983568,28.056796834535064,dark_vessel_candidate,,,,,,,,,
16085.5,14795.5,4,-11.711137776995342,-89.27636100317825,28.140209775559548,dark_vessel_candidate,,,,,,,,,
16235.588235294117,15190.686274509804,51,13.641835967933218,-89.23954959875613,28.160054864354116,platform_no_ais,2385-1,MC 807 B (Olympus) (Shell Offshore Inc.),0.03835653773671968,-35.59609202721088,-14.30214157360787,,,,
16310.925925925925,15369.222222222223,54,11.692755776990861,-89.2230535957405,28.169694366143883,ais_stationary,367101870,MARS TLP,0.014792876379330558,-7.12468188876166,-12.892095737004752,,,,
15474.333333333334,16492.5,12,-6.269742078225135,-89.09507036944406,28.11229860368187,dark_vessel_candidate,,,,,,,,,
15841.657894736842,16680.763157894737,38,9.942016267446705,-89.08296440384802,28.148361788659052,dark_vessel_candidate,,,,,,,,,
15938.725,16491.5,40,24.86927786915992,-89.10371679514866,28.15408983203423,platform_no_ais,70004-1,MC 809 A (Ursa) (Shell Offshore Inc.),0.0281930171083521,-10.528584431642855,-26.003944883380825,,,,
15861.4,20160.085714285713,35,13.469380767487472,-88.73447369665712,28.205021042559082,ais_stationary,367612310,HOS BLACK FOOT,0.026093386823019055,8.014690892601122,24.688621450786528,,,,
15908.333333333334,20137.261904761905,42,10.026403683474332,-88.7376122946671,28.208887794508414,platform_no_ais,1175-1,MC 773 A(Devils Tower) (Eni US Operating Co. Inc.),0.020472425888660818,-9.113752348325663,-18.228981379332154,,,,
16266.333333333334,19843.11111111111,9,14.98318829003438,-88.77360597460239,28.23650161449304,ais_stationary,311001096,SANTORINI,0.17928712199347907,0.7893854920584543,-178.22916944203195,,,,
16279.851851851852,19844.814814814814,27,16.28437639609804,-88.7736799653625,28.237744946434265,ais_stationary,311001096,SANTORINI,0.04153835714403895,-6.467013057866212,-40.79125665898964,,,,
15974.48717948718,23524.97435897436,39,16.239918809028307,-88.3987727611691,28.267427416537682,platform_no_ais,2045-1,MC 736 A(Thunder Hawk) (Talos QN Exploration LLC),0.024931094273340025,18.021530087730902,-17.146918653259533,,,,
16025.161290322581,22823.8064516129,31,12.650960824122263,-88.47008004769297,28.261170540715536,ais_moving,255805765,GISELA OLDENDORFF,0.6125955191072053,-230.60909754501893,564.2953310911684,,,,
16699.46153846154,787.0769230769231,26,2.3180803096138898,-90.6888371860274,27.963723567189327,ais_silent_at_t0,,,,,,367391920,HARVEY JAGUAR,52.16666666666667,0.38530649075749757
16660.5,7857.5,4,13.018752952043695,-89.9816709753481,28.078982197109255,ais_stationary,367067370,CHRISTIAN CHOUEST,0.12792713195105684,121.07122364254083,-41.466828572602665,,,,
16662.96153846154,7842.653846153846,26,13.712021926881647,-89.98320294359941,28.078958360908903,ais_stationary,371765000,WEST NEPTUNE,0.04605500679041211,45.873146514129026,-4.602785129948401,,,,
16695.0,12796.714285714286,7,16.522075414005904,-89.48794503985836,28.16289234925646,ais_moving,538008599,OVERSEAS SUN COAST,0.4163448906777816,229.14803985861872,-345.73051319091655,,,,
16695.545454545456,12801.363636363636,11,17.49710547379548,-89.48748953644491,28.163016691088277,ais_moving,538008599,OVERSEAS SUN COAST,0.431685680817366,273.8501795137124,-331.9857671018066,,,,
16696.8,12809.4,5,14.190289955341953,-89.48670803472373,28.1632596774562,ais_moving,538008599,OVERSEAS SUN COAST,0.4656372559221673,350.545102206689,-305.12605399165056,,,,
16550.2,14794.0,20,18.135611266506665,-89.28513294012868,28.18202489377976,ais_stationary,636015112,GLOBETROTTER II,0.12650510502755055,25.223799812896825,123.24035841474846,,,,
16553.0,14755.625,32,11.726205045257164,-89.28903069083803,28.18166162760278,ais_stationary,338225000,HARVEY ENERGY,0.05061289206131459,17.594518532936497,47.18397965556967,,,,
16403.833333333332,16490.666666666668,6,-7.245091252252895,-89.11236161139071,28.195948289213213,dark_vessel_candidate,,,,,,,,,
16627.634146341465,17699.756097560974,41,13.833315430010755,-88.99522040021067,28.235276291975385,platform_no_ais,2498-1,MC 724 A (Gulfstar 1) (Hess Corporation),0.019133092413317468,19.140651080816557,0.7254323538479213,,,,
16557.17021276596,24952.27659574468,47,9.195982924385579,-88.26568540852927,28.341729220164243,ais_stationary,367303720,BLIND FAITH,0.0025682777793485678,-2.2654870684141604,-1.2073944733053565,,,,
16572.676470588234,24837.117647058825,34,3.210122987238349,-88.27754209276408,28.341367343518495,ais_stationary,367651380,ELK,0.029987613206290304,20.370084102772655,21.898573486625068,,,,
