MMSI,ais_reports_48h,ais_gaps_ge_60min,ais_longest_gap_min,ais_gap_intervals,ais_last_report_before_t0_min,ais_speed_jumps_gt_50kn,mmsi_standard,vessel_type,length_m
210328000,1224,2,133.83333333333334,39.3-37.6h;8.0-5.7h,0.23333333333333334,0,True,99.0,80.0
235053116,545,3,1553.3333333333333,40.8-39.7h;39.7-13.8h;4.4-3.4h,8.366666666666667,0,True,90.0,157.0
236111902,1441,0,0.0,,2.1166666666666667,0,True,90.0,96.0
249390000,1901,1,101.36666666666666,44.1-42.4h,1.3,0,True,70.0,199.0
255803670,500,0,0.0,,2190.7166666666667,0,True,72.0,334.0
257084660,557,0,0.0,,2119.5,0,True,80.0,183.0
311001096,1741,0,0.0,,2.25,0,True,90.0,228.0
311012300,664,4,907.0,37.0-35.6h;35.6-34.5h;33.3-30.9h;30.1-15.0h,71.25,0,True,90.0,92.0
319627000,1293,0,0.0,,1.5,0,True,80.0,182.0
338002000,934,1,556.8166666666667,36.7-27.4h,10.233333333333333,0,True,90.0,88.0
338189000,1019,2,849.5,39.9-25.8h;25.8-17.6h,0.8333333333333334,0,True,90.0,76.0
338281000,175,6,1293.0166666666667,38.5-17.0h;17.0-12.5h;12.5-11.3h;9.6-8.6h;8.1-5.6h;5.1-2.0h,118.61666666666666,0,True,90.0,91.0
338302000,895,0,0.0,,1677.9666666666667,0,True,80.0,186.0
338536000,1433,2,145.9,34.4-32.0h;29.0-26.9h,0.2,0,True,90.0,79.0
338615000,1256,5,149.66666666666666,40.2-39.1h;27.2-25.8h;25.8-23.9h;23.9-22.8h;19.1-16.6h,0.36666666666666664,0,True,90.0,73.0
338798000,1181,3,249.16666666666666,31.4-30.0h;30.0-25.8h;25.8-24.4h,0.05,0,True,90.0,99.0
351684000,1000,1,140.26666666666668,43.0-40.7h,0.15,0,True,70.0,228.0
357659000,990,0,0.0,,0.4666666666666667,0,True,60.0,290.0
366047800,194,4,800.9666666666667,47.7-46.3h;46.3-45.0h;43.8-42.4h;33.8-20.5h,75.26666666666667,0,True,90.0,174.0
366048300,141,5,696.0833333333334,40.1-38.1h;38.0-36.6h;36.6-25.3h;25.3-13.7h;13.1-11.9h,22.333333333333332,0,True,90.0,76.0
3660489,575,0,0.0,,4.85,0,False,90.0,
366050100,757,4,419.5,35.1-32.8h;32.4-31.3h;26.4-24.9h;23.2-16.2h,10.0,0,True,90.0,44.0
366101000,381,3,93.05,31.3-30.2h;28.0-26.5h;4.5-3.0h,5.15,0,True,90.0,0.0
366495000,1059,3,194.83333333333334,22.0-20.9h;20.7-17.5h;16.9-15.7h,427.75,0,True,80.0,183.0
366840000,873,2,223.83333333333334,30.7-27.0h;5.9-4.5h,8.1,0,True,90.0,81.0
366908680,515,7,1160.7,39.2-38.1h;37.9-35.0h;35.0-15.6h;11.9-10.6h;7.1-5.4h;4.2-2.1h;1.8-0.4h,19.966666666666665,0,True,90.0,
367063220,408,5,483.3333333333333,33.9-32.2h;31.0-23.0h;21.7-17.1h;14.2-12.1h;8.6-6.1h,282.56666666666666,0,True,90.0,99.0
367094770,25,3,112.68333333333334,45.6-44.4h;44.1-42.2h;38.6-36.9h,2214.5833333333335,0,True,30.0,23.0
367101870,631,0,0.0,,1.4333333333333333,0,True,90.0,74.0
367353110,759,0,0.0,,1918.3166666666666,0,True,80.0,183.0
367357000,1466,2,379.68333333333334,36.1-29.8h;29.5-27.8h,0.06666666666666667,0,True,90.0,86.0
367501540,106,2,269.46666666666664,8.0-3.5h;3.5-2.1h,2.8333333333333335,0,True,31.0,42.0
367507790,1318,0,0.0,,2.2666666666666666,0,True,90.0,89.0
367550980,719,6,371.31666666666666,37.2-32.1h;32.1-30.3h;29.4-25.0h;25.0-23.0h;23.0-16.8h;6.9-5.7h,49.233333333333334,0,True,90.0,
367561730,1560,3,146.18333333333334,43.6-42.2h;34.4-32.0h;29.6-28.5h,0.26666666666666666,0,True,60.0,53.0
367588580,572,1,1838.1833333333334,41.9-11.3h,1.6,0,True,31.0,38.0
367609520,1169,1,146.16666666666666,20.6-18.2h,0.5166666666666667,0,True,90.0,92.0
367612310,1575,1,424.51666666666665,32.3-25.2h,1.2666666666666666,0,True,90.0,92.0
367643110,518,2,1885.4166666666667,35.9-4.5h;4.3-1.7h,43.4,0,True,60.0,52.0
367648150,519,2,146.0,34.6-33.4h;31.9-29.5h,1769.7333333333333,0,True,31.0,30.0
367653160,484,5,207.33333333333334,38.9-37.5h;36.6-33.2h;29.9-27.7h;25.4-24.1h;18.6-17.5h,1.0333333333333334,0,True,60.0,58.0
367655260,551,3,1276.15,36.5-15.2h;7.8-4.7h;4.2-1.4h,78.81666666666666,0,True,90.0,78.0
367677960,1075,2,125.11666666666666,26.4-24.3h;3.5-2.5h,39.833333333333336,0,True,60.0,58.0
367684260,395,4,888.0333333333333,40.7-39.1h;39.1-37.0h;36.8-29.1h;29.1-14.3h,452.7,0,True,90.0,84.0
367687040,1100,4,287.3833333333333,38.5-36.1h;31.3-30.3h;28.9-27.7h;13.8-9.0h,342.1,0,True,31.0,29.0
367693810,1908,1,106.51666666666667,27.9-26.2h,0.21666666666666667,0,True,90.0,84.0
367763610,14,1,68.96666666666667,44.9-43.8h,2625.116666666667,0,True,30.0,22.0
367775000,510,0,0.0,,522.9166666666666,0,True,70.0,292.0
367789310,1254,3,438.31666666666666,34.6-33.5h;33.0-25.7h;25.7-24.2h,0.16666666666666666,0,True,90.0,95.0
368001000,465,2,300.1666666666667,31.0-26.0h;26.0-24.5h,635.1833333333333,0,True,90.0,89.0
368042000,530,5,494.85,36.4-29.9h;29.0-25.2h;25.2-16.9h;16.9-15.7h;8.5-7.3h,73.9,0,True,90.0,70.0
368059520,387,4,1492.3333333333333,40.1-38.7h;38.5-13.6h;9.3-8.3h;7.7-2.5h,46.13333333333333,0,True,20.0,94.0
368166560,1132,6,284.6666666666667,36.2-34.3h;29.3-28.0h;28.0-26.8h;24.1-22.9h;22.9-21.2h;20.7-15.9h,6.283333333333333,0,True,98.0,129.0
368179260,1191,5,145.85,36.3-34.7h;28.5-27.4h;23.4-20.9h;20.9-19.8h;18.6-16.9h,0.43333333333333335,0,True,79.0,82.0
368196410,1000,2,359.68333333333334,34.8-33.5h;22.5-16.5h,14.5,0,True,20.0,97.0
368589000,900,1,1324.9,37.3-15.2h,0.11666666666666667,0,True,80.0,183.0
369045000,812,7,279.8333333333333,32.2-27.6h;26.4-25.3h;22.7-18.9h;16.2-14.6h;14.5-13.4h;7.9-4.9h;4.1-3.0h,176.91666666666666,0,True,90.0,64.0
369232000,771,2,174.03333333333333,32.3-29.4h;29.4-27.0h,17.15,0,True,90.0,91.0
369286000,587,3,887.9833333333333,40.1-38.1h;38.1-29.8h;29.8-15.0h,1.0166666666666666,0,True,90.0,73.0
369494390,85,5,834.1166666666667,40.3-39.1h;39.1-28.8h;28.8-14.9h;13.2-2.5h;2.5-0.0h,1.3166666666666667,0,True,90.0,0.0
369494392,156,5,1065.0666666666666,40.8-38.0h;37.6-33.2h;33.2-15.5h;12.9-11.8h;6.6-5.0h,30.75,0,True,90.0,
369533000,451,3,1431.0166666666667,38.6-14.7h;7.6-6.4h;6.1-4.3h,9.433333333333334,0,True,90.0,76.0
370069000,2325,0,0.0,,2.3666666666666667,0,True,80.0,182.0
370573000,928,0,0.0,,639.55,0,True,80.0,183.0
371085000,1164,1,73.03333333333333,36.6-35.4h,0.8333333333333334,0,True,80.0,146.0
374788000,1362,1,129.66666666666666,7.1-4.9h,7.316666666666666,0,True,80.0,180.0
408919000,220,0,0.0,,1394.5,0,True,89.0,295.0
413527660,1468,0,0.0,,1.2,0,True,80.0,115.0
477855700,659,1,147.16666666666666,34.5-32.1h,1924.15,2,True,70.0,179.0
538003526,1194,0,0.0,,0.4,0,True,80.0,250.0
538004610,687,5,331.51666666666665,38.2-35.0h;34.6-29.1h;28.5-27.2h;20.3-14.8h;13.9-12.7h,21.833333333333332,0,True,90.0,238.0
538005314,702,4,1291.8333333333333,40.8-39.3h;39.3-38.0h;38.0-36.9h;36.9-15.3h,17.25,0,True,90.0,229.0
538005361,650,6,419.5,37.1-35.5h;34.6-27.6h;24.4-21.1h;20.1-18.9h;18.9-16.8h;8.0-6.8h,2.183333333333333,0,True,90.0,229.0
538005604,646,0,0.0,,1812.3166666666666,0,True,70.0,177.0
538005813,1252,3,331.0,46.8-45.3h;44.8-39.3h;36.1-34.9h,2.466666666666667,0,True,80.0,183.0
538006982,977,0,0.0,,1.2833333333333334,0,True,70.0,
538009623,636,6,528.5,36.7-35.5h;34.6-31.2h;30.8-28.8h;26.5-24.8h;24.8-16.0h;6.1-4.5h,63.3,0,True,0.0,227.0
548704000,786,3,91.31666666666666,36.0-34.8h;33.5-32.0h;28.2-27.2h,1270.7,0,True,70.0,86.0
548978000,762,1,379.5,38.5-32.2h,0.18333333333333332,0,True,70.0,229.0
563086300,100,5,1362.1,42.4-40.0h;40.0-36.8h;36.8-14.1h;7.3-3.3h;3.3-1.5h,87.21666666666667,0,True,90.0,242.0
563141900,829,0,0.0,,2.3,0,True,70.0,229.0
566199000,825,2,83.95,47.5-46.3h;46.3-44.9h,578.5333333333333,0,True,80.0,141.0
577358000,1211,2,82.36666666666666,21.8-20.7h;19.6-18.2h,1.5166666666666666,0,True,90.0,159.0
636015856,1330,0,0.0,,0.5166666666666667,0,True,99.0,228.0
636016002,1254,3,269.0,21.4-19.5h;19.5-15.0h;6.3-5.3h,7.816666666666666,0,True,90.0,227.0
636018377,974,0,0.0,,235.66666666666666,0,True,70.0,225.0
636019499,1477,0,0.0,,301.7,0,True,70.0,229.0
941202904,7,0,0.0,,2746.35,0,False,,
