candidate_id,component_id,seed_area_m2,seed_centroid_lon,seed_centroid_lat,n_particles_seeded,n_active_minus48h,n_deactivated,origin_mean_lon,origin_mean_lat,origin_median_lon,origin_median_lat,origin_spread_km,trajectory_min_lon,trajectory_max_lon,trajectory_min_lat,trajectory_max_lat,max_current_outside_frac,max_wind_outside_frac,first_current_exit_h,first_wind_exit_h,reached_minus48h,origin_cloud_hour,origin_cloud_n,first_deactivation_h,max_current_fallback_zero_frac,max_wind_fallback_zero_frac,runtime_s,run_status,physics_valid_for_attribution,realized_current_margin_w_km,realized_current_margin_e_km,realized_current_margin_s_km,realized_current_margin_n_km,realized_current_min_margin_km,realized_wind_margin_w_km,realized_wind_margin_e_km,realized_wind_margin_s_km,realized_wind_margin_n_km,realized_wind_min_margin_km,realized_min_margin_km,forcing_min_margin_km,forcing_risk_flag,n_deactivated_outside_current,n_deactivated_outside_wind,deactivation_reasons,rerun_matches_saved_file
E007-C1,1,13342.783863306046,-89.10036123435613,28.226319140457928,2000,2000,0,-88.75527085876465,27.961360417366027,-88.75527954101561,27.96134567260742,0.0516625094598085,-89.10101318359375,-88.754638671875,27.946552276611328,28.22686195373535,0.0,0.0,,,True,-48.0,2000,,0.0,0.0,10.815349778997188,completed,True,358.15387727077945,246.44475225393631,381.84914496303236,224.24415593727625,224.24415593727625,358.15387727077945,246.44475225393631,381.84914496303236,224.24415593727625,224.24415593727625,224.24415593727625,224.2440490722656,low,0,0,{},True
E007-C2,2,2081677.366691962,-89.10570787721102,28.21577348274248,2000,2000,0,-88.75864196777344,27.947188626289368,-88.75828552246094,27.947583198547363,1.1198571461429765,-89.12955474853516,-88.7381820678711,27.926326751708984,28.22234535217285,0.0,0.0,,,True,-48.0,2000,,0.0,0.0,3.0073508719942765,completed,True,355.37359902926823,244.85862401715235,379.60778411778085,224.74469964323018,224.74469964323018,355.37359902926823,244.85862401715235,379.60778411778085,224.74469964323018,224.74469964323018,224.74469964323018,224.7418212890625,low,0,0,{},True
E007-C3,3,10183.189399428666,-89.1435830791788,28.22058394353148,2000,2000,0,-88.79453074645996,27.931417482376094,-88.79453277587889,27.93141269683838,0.0424146519598774,-89.14413452148438,-88.79401397705078,27.91970443725586,28.22111320495605,0.0,0.0,,,True,-48.0,2000,,0.0,0.0,2.897329538995109,completed,True,353.94072948972433,250.387923311416,378.8739110812985,224.8812499380331,224.8812499380331,353.94072948972433,250.387923311416,378.8739110812985,224.8812499380331,224.8812499380331,224.8812499380331,224.88119506835935,low,0,0,{},True
E007-C4,4,9740467.593608692,-89.12530909756241,28.176491421998957,2000,2000,0,-88.76833982086181,27.895362505912782,-88.76665496826172,27.89376163482666,1.822766996348438,-89.15758514404297,-88.7409439086914,27.856550216674805,28.219491958618164,0.0,0.0,,,True,-48.0,2000,,0.0,0.0,2.90868754600524,completed,True,352.62955560934273,245.24937388852285,371.87530882228185,225.06092134107016,225.06092134107016,352.62955560934273,245.24937388852285,371.87530882228185,225.06092134107016,225.06092134107016,225.06092134107016,225.0404815673828,low,0,0,{},True
E007-C5,5,4926762.973985381,-89.18538024709031,28.16151862999029,2000,2000,0,-88.81214238739014,27.84384744930267,-88.80933380126953,27.84039878845215,3.031334971269084,-89.22891235351562,-88.76539611816406,27.805139541625977,28.20809555053711,0.0,0.0,,,True,-48.0,2000,,0.0,0.0,3.141390124001191,completed,True,345.66294173031986,247.8124272141644,366.17814600185926,226.32390441310181,226.32390441310181,345.66294173031986,247.8124272141644,366.17814600185926,226.32390441310181,226.32390441310181,226.32390441310181,226.29486083984372,low,0,0,{},True
E007-C6,6,197727.8279694468,-89.0796495286919,28.202104618226848,2000,2000,0,-88.73225262832642,27.94764338493347,-88.73257446289062,27.94761848449707,0.271754597693598,-89.083740234375,-88.72734069824219,27.92740631103516,28.204944610595703,0.0,0.0,,,True,-48.0,2000,,0.0,0.0,2.9304553539986955,completed,True,359.924949392744,243.79240363067225,379.7274190172585,226.67310036553138,226.67310036553138,359.924949392744,243.79240363067225,379.7274190172585,226.67310036553138,226.67310036553138,226.67310036553138,226.6731719486847,low,0,0,{},True
E007-C7,7,44955.67300414294,-89.10571352388324,28.19830485327437,2000,2000,0,-88.75656400299073,27.92916887187958,-88.75659179687501,27.92914390563965,0.0888208218656848,-89.10694122314453,-88.75505065917969,27.912546157836918,28.19955444335937,0.0,0.0,,,True,-48.0,2000,,0.0,0.0,2.94344563800405,completed,True,357.66412940785733,246.5581092596106,378.0806441602823,227.2704533591111,227.2704533591111,357.66412940785733,246.5581092596106,378.0806441602823,227.2704533591111,227.2704533591111,227.2704533591111,227.2704925537109,low,0,0,{},True
E007-C8,8,179493.21611274034,-89.0822239443659,28.18522409833133,2000,2000,0,-88.73197102737427,27.929497373580933,-88.7319107055664,27.92942523956299,0.2282236769990911,-89.0860824584961,-88.72848510742188,27.908849716186523,28.18661880493164,0.0,0.0,,,True,-48.0,2000,,0.0,0.0,2.822246089002874,completed,True,359.7552973183511,243.9397786722746,377.6710118444531,228.70401407245203,228.70401407245203,359.7552973183511,243.9397786722746,377.6710118444531,228.70401407245203,228.70401407245203,228.70401407245203,228.70406638693007,low,0,0,{},True
E007-C9,9,11591.700346805155,-89.07718040186658,28.183583116081707,2000,2000,0,-88.72677079772949,27.930811935424806,-88.72676086425781,27.930806159973145,0.046482342837211,-89.07783508300781,-88.72612762451172,27.91099739074707,28.18410301208496,0.0,0.0,,,True,-48.0,2000,,0.0,0.0,2.93138267500035,completed,True,360.5728600790637,243.70779472697726,377.90901284329703,228.98282039001737,228.98282039001737,360.5728600790637,243.70779472697726,377.90901284329703,228.98282039001737,228.98282039001737,228.98282039001737,228.98281617937124,low,0,0,{},True
E007-C10,10,106088.39722330125,-89.07068392202045,28.176575049016417,2000,2000,0,-88.71906394195557,27.9275720539093,-88.71903228759764,27.927597999572757,0.158747855892354,-89.0735092163086,-88.7162857055664,27.905731201171875,28.17889213562012,0.0,0.0,,,True,-48.0,2000,,0.0,0.0,2.80932588900032,completed,True,361.0156489896821,242.7472672751159,377.32542438056265,229.56030214100284,229.56030214100284,361.0156489896821,242.7472672751159,377.32542438056265,229.56030214100284,229.56030214100284,229.56030214100284,229.56022613776892,low,0,0,{},True
E007-C12,12,1651825.372802049,-88.87275520979763,28.148152915738432,2000,2000,0,-88.4915659866333,28.048554328918456,-88.49393463134764,28.04554271697998,1.29507433309364,-88.88269805908203,-88.47064208984375,27.976459503173828,28.156423568725582,0.0,0.0,,,True,-48.0,2000,,0.0,0.0,2.805725756006723,completed,True,379.86585871395073,218.28765651491833,385.1634288265133,232.05031724762034,218.28765651491833,379.86585871395073,218.28765651491833,385.1634288265133,232.05031724762034,218.28765651491833,218.28765651491833,232.04905700683597,low,0,0,{},True
E007-C14,14,69941.64050076157,-88.86547970399525,28.12071494429489,2000,2000,0,-88.48435499572754,28.03255643749237,-88.48443984985352,28.03257942199707,0.1194202842723729,-88.86672973632812,-88.48231506347656,27.961151123046875,28.122657775878903,0.0,0.0,,,True,-48.0,2000,,0.0,0.0,2.895450730000448,completed,True,381.5176632470526,219.50420259236958,383.46697024768963,235.7922999670561,219.50420259236958,381.5176632470526,219.50420259236958,383.46697024768963,235.7922999670561,219.50420259236958,219.50420259236958,235.792236328125,low,0,0,{},True
E007-C16,16,85547.19208551198,-90.23618617651144,27.939321007406622,2000,2000,0,-89.63176268005371,27.81674509811401,-89.63179016113281,27.81679058074951,0.1207451979492824,-90.23786163330078,-89.6303482055664,27.79540061950684,27.941017150878903,0.0,0.0,,,True,-48.0,2000,,0.0,0.0,2.863446515999385,completed,True,247.2313081156273,333.0458904607427,365.0989152940339,255.921707634012,247.2313081156273,247.2313081156273,333.0458904607427,365.0989152940339,255.921707634012,247.2313081156273,247.2313081156273,247.22640991210935,low,0,0,{},True
E007-C17,17,123928.19743192196,-90.23938958166931,27.932224121321376,2000,2000,0,-89.63682304000855,27.809613733291627,-89.63684844970702,27.80959415435791,0.1442444895776902,-90.24115753173828,-89.63492584228516,27.788183212280277,27.934011459350582,0.0,0.0,,,True,-48.0,2000,,0.0,0.0,2.98401782700239,completed,True,246.92297015555502,333.5166953346701,364.29911036164594,256.69806746707224,246.92297015555502,246.92297015555502,333.5166953346701,364.29911036164594,256.69806746707224,246.92297015555502,246.92297015555502,246.9240875244141,low,0,0,{},True
E007-C18,18,27472.995772652328,-89.81688126607587,27.88529344273853,2000,2000,0,-89.39036446380615,27.5736776304245,-89.39041137695312,27.57369041442871,0.0886639439459044,-89.81822967529297,-89.38928985595703,27.569316864013672,27.88604164123535,0.0,0.0,,,True,-48.0,2000,,0.0,0.0,2.939551664996543,completed,True,288.6720594595457,309.9881732979833,340.04559113901746,262.0139868386867,262.0139868386867,288.6720594595457,309.9881732979833,340.04559113901746,262.0139868386867,262.0139868386867,262.0139868386867,262.0139427805631,low,0,0,{},True
E007-C19,19,24053.262671768665,-90.21287117637216,27.40853198111979,2000,2000,0,-89.96759065246582,27.18301174736023,-89.96759796142578,27.18299770355225,0.0752779541069548,-90.2136688232422,-89.96703338623047,27.16407012939453,27.409395217895508,0.0,0.0,,,True,-48.0,2000,,0.0,0.0,2.9051580279992777,completed,True,250.82139537205717,368.3184240390383,295.1404765278034,314.83298713797456,250.82139537205717,250.82139537205717,368.3184240390383,295.1404765278034,314.83298713797456,250.82139537205717,250.82139537205717,250.8226133890836,low,0,0,{},True
E007-C21,21,704400.5145656392,-90.21869196720266,27.386855725144024,2000,2000,0,-89.98355078125,27.1557166967392,-89.98360061645508,27.155397415161133,1.0187612948609197,-90.22480010986328,-89.97325134277344,27.123943328857425,27.399560928344727,0.0,0.0,,,True,-48.0,2000,,0.0,0.0,2.9190771939975093,completed,True,249.7949706964987,368.97566017617214,290.6941946935051,315.92272394043664,249.7949706964987,249.7949706964987,368.97566017617214,290.6941946935051,315.92272394043664,249.7949706964987,249.7949706964987,249.7679240017627,low,0,0,{},True
E007-C23,23,122787.2434861511,-90.5540558212327,27.3672458050737,2000,2000,0,-90.2261820487976,27.205715215682982,-90.22620391845705,27.20570278167725,0.1754207162164214,-90.55681610107422,-90.22366333007812,27.16809463500977,27.3691520690918,0.0,0.0,,,True,-48.0,2000,,0.0,0.0,2.9076282019959763,completed,True,216.9678906393588,393.6720596548768,295.58641645504656,319.29231736848044,216.9678906393588,216.9678906393588,393.6720596548768,295.58641645504656,319.29231736848044,216.9678906393588,216.9678906393588,216.96893310546875,low,0,0,{},True
E007-C24,24,23708.64891690016,-90.17760906785092,27.36509827939507,2000,2000,0,-89.9817292137146,27.114397649765014,-89.98174285888672,27.114389419555664,0.0760173582053492,-90.17863464355467,-89.98098754882812,27.09503936767578,27.365917205810547,0.0,0.0,,,True,-48.0,2000,,0.0,0.0,2.8885246989957523,completed,True,254.3856823568894,369.9271653680403,287.4914841862929,319.6507703995504,254.3856823568894,254.3856823568894,369.9271653680403,287.4914841862929,319.6507703995504,254.3856823568894,254.3856823568894,254.3863677978516,low,0,0,{},True
E007-C25,25,49542.680003486574,-90.57973392878768,27.360028390962256,2000,2000,0,-90.25407794952392,27.20247545528412,-90.25413513183592,27.20251750946045,0.1011661958165846,-90.58070373535156,-90.2528076171875,27.164573669433597,27.36160469055176,0.0,0.0,,,True,-48.0,2000,,0.0,0.0,2.8832048550029867,completed,True,214.62219824433998,396.5645702909054,295.19627184118855,320.12863706523325,214.62219824433998,214.62219824433998,396.5645702909054,295.19627184118855,320.12863706523325,214.62219824433998,214.62219824433998,214.6187438964844,low,0,0,{},True
E007-C26,26,1257385.090246588,-90.56542846033496,27.35440077384824,2000,2000,0,-90.2414622077942,27.195125458717342,-90.24159622192384,27.194764137268063,0.5105865571843913,-90.57299041748048,-90.23253631591795,27.152099609375,27.36138153076172,0.0,0.0,,,True,-48.0,2000,,0.0,0.0,3.0041662319999887,completed,True,215.393698624819,394.5954242822067,293.81407093899014,320.15336523052156,215.393698624819,215.393698624819,394.5954242822067,293.81407093899014,320.15336523052156,215.393698624819,215.393698624819,215.3941802978516,low,0,0,{},True
E007-C27,27,74669.20295272022,-90.57648765333349,27.358049354343336,2000,2000,0,-90.25127936935424,27.200210519790648,-90.25127792358398,27.200182914733887,0.1299166983014052,-90.57748413085938,-90.2499008178711,27.16206169128418,27.360166549682617,0.0,0.0,,,True,-48.0,2000,,0.0,0.0,2.9516068099983386,completed,True,214.94265577578383,396.28166002263583,294.91792935176835,320.28799633877674,214.94265577578383,214.94265577578383,396.28166002263583,294.91792935176835,320.28799633877674,214.94265577578383,214.94265577578383,214.94233617897456,low,0,0,{},True
E007-C28,28,92135.99490203708,-89.53208192210843,27.20199153423381,2000,2000,0,-89.54686249923706,26.880431322097778,-89.54710388183594,26.88047790527344,0.2234653452750381,-89.56090545654297,-89.497314453125,26.861635208129883,27.20367813110352,0.0,0.0,,,True,-48.0,2000,,0.0,0.0,3.000250990000495,completed,True,316.7854251094527,322.3224545846239,261.6295609702464,337.62816062399554,261.6295609702464,316.7854251094527,322.3224545846239,261.6295609702464,337.62816062399554,261.6295609702464,261.6295609702464,299.1912536621094,low,0,0,{},True
E007-C29,29,311853.5562283248,-89.52371230918337,27.1988798454727,2000,2000,0,-89.5347926826477,26.872780305862427,-89.53480529785155,26.872663497924805,0.5265467456057026,-89.55470275878906,-89.48637390136719,26.850574493408203,27.20295524597168,0.0,0.0,,,True,-48.0,2000,,0.0,0.0,3.008804429002339,completed,True,317.41506911728874,321.2584848150692,260.4040198351839,337.70826115959363,260.4040198351839,317.41506911728874,321.2584848150692,260.4040198351839,337.70826115959363,260.4040198351839,260.4040198351839,298.5143972498246,low,0,0,{},True
E007-C30,30,81550.02786509693,-90.4356798108464,27.13897492736073,2000,2000,0,-90.4024835319519,26.912717631340023,-90.40247344970705,26.912802696228027,0.1720457814435778,-90.44519805908205,-90.35700225830078,26.881813049316406,27.140260696411133,0.0,0.0,,,True,-48.0,2000,,0.0,0.0,3.0724469060005504,completed,True,228.56642820710266,407.75670710381655,263.865296152279,344.65520758904904,228.56642820710266,228.56642820710266,407.75670710381655,263.865296152279,344.65520758904904,228.56642820710266,228.56642820710266,229.23800659179688,low,0,0,{},True
E007-C31,31,24111.100211925805,-90.43848305997878,27.13581931348378,2000,2000,0,-90.4101293373108,26.908630661010744,-90.41012573242188,26.90859031677246,0.1133082922845637,-90.44691467285156,-90.36273193359376,26.87869644165039,27.1368465423584,0.0,0.0,,,True,-48.0,2000,,0.0,0.0,2.964436374997604,completed,True,228.40305192802296,408.3365602657769,263.51997091379155,345.03351533205137,228.40305192802296,228.40305192802296,408.3365602657769,263.51997091379155,345.03351533205137,228.40305192802296,228.40305192802296,229.0837637121591,low,0,0,{},True
E007-C33,33,129779.3156150505,-90.45167325054528,27.13143854660681,2000,2000,0,-90.42741094207764,26.90267719554901,-90.42755889892578,26.902666091918945,0.1833505316930032,-90.46298217773438,-90.37606048583984,26.87290573120117,27.13307380676269,0.0,0.0,,,True,-48.0,2000,,0.0,0.0,2.9402679129998432,completed,True,226.81883086424781,409.6742395095479,262.8783511076927,345.45155574129575,226.81883086424781,226.81883086424781,409.6742395095479,262.8783511076927,345.45155574129575,226.81883086424781,226.81883086424781,227.48939087185832,low,0,0,{},True
E007-C34,34,14892.629484340549,-90.42569552932788,27.13212879776541,2000,2000,0,-90.40623151397703,26.903151467323305,-90.40623474121092,26.903145790100098,0.0617586782382203,-90.43446350097656,-90.35433197021484,26.8741455078125,27.132713317871094,0.0,0.0,,,True,-48.0,2000,,0.0,0.0,3.033230380999157,completed,True,229.64589446629688,407.5225708834726,263.0157202577765,345.49149993446287,229.64589446629688,229.64589446629688,407.5225708834726,263.0157202577765,345.49149993446287,229.64589446629688,229.64589446629688,230.33802608687705,low,0,0,{},True
E007-C35,35,23757.545677751303,-90.47700548512624,27.13091687020869,2000,2000,0,-90.44729615783692,26.902057401657103,-90.44731903076172,26.90206527709961,0.0941751625675988,-90.4854507446289,-90.40068817138672,26.87347984313965,27.131635665893555,0.0,0.0,,,True,-48.0,2000,,0.0,0.0,2.9576297379971948,completed,True,224.59101278604382,412.1147213117364,262.94196358804254,345.61090981185856,224.59101278604382,224.59101278604382,412.1147213117364,262.94196358804254,345.61090981185856,224.59101278604382,224.59101278604382,225.2466583251953,low,0,0,{},True
E007-C36,36,280131.57536319643,-90.46781490682228,27.1287843141902,2000,2000,0,-90.44381142425536,26.898670090675356,-90.44416046142578,26.89872169494629,0.3039287603103199,-90.48128509521484,-90.38841247558594,26.869016647338867,27.130199432373047,0.0,0.0,,,True,-48.0,2000,,0.0,0.0,2.9539473349941545,completed,True,225.00977009137586,410.90805496770986,262.44743480712526,345.7700525049171,225.00977009137586,225.00977009137586,410.90805496770986,262.44743480712526,345.7700525049171,225.00977009137586,225.00977009137586,225.6608205093357,low,0,0,{},True
E007-C37,37,1127644.7426313236,-90.42305038226526,27.12606821240858,2000,2000,0,-90.4141533088684,26.89474773311615,-90.41250991821288,26.89466857910156,0.7224028637903908,-90.45301818847656,-90.34468841552734,26.861989974975582,27.13019180297852,0.0,0.0,,,True,-48.0,2000,,0.0,0.0,3.24280182000075,completed,True,228.2087862868069,406.599831685001,261.66886961573465,345.77089788434165,228.2087862868069,228.2087862868069,406.599831685001,261.66886961573465,345.77089788434165,228.2087862868069,228.2087862868069,229.31727600097656,low,0,0,{},True
E007-C38,38,88298.01103640348,-90.4023118104054,27.124397307861116,2000,2000,0,-90.39957626342772,26.892433992385865,-90.399658203125,26.89248847961425,0.1578138417886208,-90.42591094970705,-90.3376693725586,26.86299133300781,27.125707626342773,0.0,0.0,,,True,-48.0,2000,,0.0,0.0,2.876088619006623,completed,True,230.91290833031178,405.8995301069652,261.7798214483199,346.2677694822253,230.91290833031178,230.91290833031178,405.8995301069652,261.7798214483199,346.2677694822253,230.91290833031178,230.91290833031178,232.544917594233,low,0,0,{},True
E007-C39,39,6737.880403369665,-90.4071168382889,27.11962307827376,2000,2000,0,-90.41117450332642,26.886234714508056,-90.41115188598631,26.886280059814453,0.0595757149777414,-90.43548583984376,-90.34735870361328,26.858152389526367,27.12013816833496,0.0,0.0,,,True,-48.0,2000,,0.0,0.0,2.8350931230015703,completed,True,229.97170748866336,406.87965913072986,261.243660071454,346.884895822937,229.97170748866336,229.97170748866336,406.87965913072986,261.243660071454,346.884895822937,229.97170748866336,229.97170748866336,232.2519472070708,low,0,0,{},True
E007-C40,40,839833.4700908884,-90.45660676274534,27.109071623321068,2000,2000,0,-90.46420650863648,26.867272130966185,-90.46526718139648,26.8669958114624,1.0696153991907822,-90.51376342773438,-90.38178253173828,26.838342666625977,27.112478256225582,0.0,0.0,,,True,-48.0,2000,,0.0,0.0,2.909613438001543,completed,True,222.2050496139188,410.32603627096006,259.0487202399385,347.73365508650306,222.2050496139188,222.2050496139188,410.32603627096006,259.0487202399385,347.73365508650306,222.2050496139188,222.2050496139188,225.43218233831288,low,0,0,{},True
E007-C41,41,75186.02466409653,-90.43006656362114,27.11142561677961,2000,2000,0,-90.44096224975586,26.87332196998596,-90.44120407104492,26.873348236083984,0.1490187530677746,-90.4692840576172,-90.37171173095705,26.84691619873047,27.112234115600582,0.0,0.0,,,True,-48.0,2000,,0.0,0.0,2.8462058720033383,completed,True,226.62073881159372,409.33121108684475,259.99867659495584,347.7607071593601,226.62073881159372,226.62073881159372,409.33121108684475,259.99867659495584,347.7607071593601,226.62073881159372,226.62073881159372,229.64997708524172,low,0,0,{},True
E007-C43,43,65639.09560144693,-90.2190543418838,27.061323055249964,2000,2000,0,-90.31451778411864,26.788828943252565,-90.31453704833984,26.788866996765137,0.1058813518248723,-90.33372497558594,-90.21365356445312,26.76555824279785,27.062644958496094,0.0,0.0,,,True,-48.0,2000,,0.0,0.0,2.84897035099857,completed,True,240.2849477233428,393.5530754426441,250.98417605388886,353.2554286281206,240.2849477233428,240.2849477233428,393.5530754426441,250.98417605388886,353.2554286281206,240.2849477233428,240.2849477233428,250.9248504638672,low,0,0,{},True
E007-C44,44,431551.4220110476,-90.22173825046974,27.032802974552723,2000,2000,0,-90.32509718322754,26.75806250190735,-90.3246154785156,26.758673667907715,0.5385777522171794,-90.35490417480467,-90.21744537353516,26.72990226745605,27.038387298583984,0.0,0.0,,,True,-48.0,2000,,0.0,0.0,2.926740179995249,completed,True,238.22609452797988,393.66793585884005,247.03350951767604,355.94328203107415,238.22609452797988,238.22609452797988,393.66793585884005,247.03350951767604,355.94328203107415,238.22609452797988,238.22609452797988,250.36627197265625,low,0,0,{},True
E007-C45,45,8874.105317220092,-90.2258277362412,27.010166670486424,2000,2000,0,-90.3178872909546,26.72850854587555,-90.3178596496582,26.72849750518799,0.0517974885816759,-90.35784912109376,-90.22534942626952,26.7093505859375,27.010723114013672,0.0,0.0,,,True,-48.0,2000,,0.0,0.0,2.8780728170022485,completed,True,237.96275916057158,394.51990184925205,244.75640118227471,359.00858175767365,237.96275916057158,237.96275916057158,394.51990184925205,244.75640118227471,359.00858175767365,237.96275916057158,237.96275916057158,250.46796534761287,low,0,0,{},True
E007-C46,46,405046.5770846829,-90.26190087214444,27.001016073565797,2000,2000,0,-90.33567707443235,26.715898601531983,-90.3354949951172,26.715675354003903,0.4699663123817653,-90.39483642578124,-90.2544937133789,26.694204330444336,27.003890991210938,0.0,0.0,,,True,-48.0,2000,,0.0,0.0,3.0058792260024347,completed,True,234.27814454198563,397.45128515046764,243.07821354374778,359.7656058006586,234.27814454198563,234.27814454198563,397.45128515046764,243.07821354374778,359.7656058006586,234.27814454198563,234.27814454198563,246.1374053955078,low,0,0,{},True
E007-C47,47,29819.25720346719,-90.23129582415255,27.001629253133824,2000,2000,0,-90.31500800704956,26.716336517333986,-90.31497955322264,26.716367721557617,0.0777912115679622,-90.36209106445312,-90.23001861572266,26.697296142578125,27.00227928161621,0.0,0.0,,,True,-48.0,2000,,0.0,0.0,2.819106965995161,completed,True,237.55266901705272,395.01256781018697,243.4207824710837,359.94418897564816,237.55266901705272,237.55266901705272,395.01256781018697,243.4207824710837,359.94418897564816,237.55266901705272,237.55266901705272,249.86298421093227,low,0,0,{},True
E007-C48,48,124248.65673528612,-90.23860023961232,26.999890970282127,2000,2000,0,-90.3187718925476,26.714162601470942,-90.31876373291016,26.71415901184082,0.1595005435848831,-90.36994934082033,-90.235595703125,26.69476318359375,27.001020431518555,0.0,0.0,,,True,-48.0,2000,,0.0,0.0,2.902859803994943,completed,True,236.77276396779038,395.5737061522665,243.14013376447681,360.08367403064597,236.77276396779038,236.77276396779038,395.5737061522665,243.14013376447681,360.08367403064597,236.77276396779038,236.77276396779038,248.93951416015625,low,0,0,{},True
E007-C49,49,169689.08807835728,-90.24796369822931,26.999487167628367,2000,2000,0,-90.32497326660156,26.7138355550766,-90.32500839233398,26.713828086853027,0.1920905306339593,-90.3780746459961,-90.24475860595705,26.69392967224121,27.00084114074707,0.0,0.0,,,True,-48.0,2000,,0.0,0.0,2.8829305910039693,completed,True,235.96139716653403,396.4864418281053,243.04778176469858,360.10354008190455,235.96139716653403,235.96139716653403,396.4864418281053,243.04778176469858,360.10354008190455,235.96139716653403,235.96139716653403,248.0132583899446,low,0,0,{},True
