candidate_id,run_status_v1,run_status_v2,status_match,valid_v1,valid_v2,n_active_minus48h_v1,n_active_minus48h_v2,active_count_match,same_shape_and_times,status_arrays_equal,finite_mask_equal,n_positions_compared,exact_equal_where_finite,max_abs_dlon,max_abs_dlat,endpoint_distance_median_km,endpoint_distance_max_km,all_variables_bit_equal,origin_cloud_file_identical
E007-C1,completed,completed,True,True,True,2000,2000,True,True,True,True,98000,True,0.0,0.0,0.0,0.0,True,True
E007-C2,completed,completed,True,True,True,2000,2000,True,True,True,True,98000,True,0.0,0.0,0.0,0.0,True,True
E007-C3,completed,completed,True,True,True,2000,2000,True,True,True,True,98000,True,0.0,0.0,0.0,0.0,True,True
E007-C4,completed,completed,True,True,True,2000,2000,True,True,True,True,98000,True,0.0,0.0,0.0,0.0,True,True
E007-C5,completed,completed,True,True,True,2000,2000,True,True,True,True,98000,False,7.62939453125e-06,1.9073486328125e-06,0.0,0.0007513732304383837,False,False
E007-C6,completed,completed,True,True,True,2000,2000,True,True,True,True,98000,True,0.0,0.0,0.0,0.0,True,True
E007-C7,completed,completed,True,True,True,2000,2000,True,True,True,True,98000,True,0.0,0.0,0.0,0.0,True,True
E007-C8,completed,completed,True,True,True,2000,2000,True,True,True,True,98000,True,0.0,0.0,0.0,0.0,True,True
E007-C9,completed,completed,True,True,True,2000,2000,True,True,True,True,98000,True,0.0,0.0,0.0,0.0,True,True
E007-C10,completed,completed,True,True,True,2000,2000,True,True,True,True,98000,False,7.62939453125e-06,1.9073486328125e-06,0.0,0.0007509489744340834,False,False
E007-C16,completed,completed,True,True,True,2000,2000,True,True,True,True,98000,True,0.0,0.0,0.0,0.0,True,True
E007-C17,completed,completed,True,True,True,2000,2000,True,True,True,True,98000,True,0.0,0.0,0.0,0.0,True,True
E007-C18,completed,completed,True,True,True,2000,2000,True,True,True,True,98000,False,7.62939453125e-06,1.9073486328125e-06,0.0,0.00021135832134065813,False,False
E007-C19,completed,completed,True,True,True,2000,2000,True,True,True,True,98000,False,7.62939453125e-06,1.9073486328125e-06,0.0,0.0007560310501201179,False,False
E007-C21,completed,completed,True,True,True,2000,2000,True,True,True,True,98000,True,0.0,0.0,0.0,0.0,True,True
E007-C23,completed,completed,True,True,True,2000,2000,True,True,True,True,98000,False,7.62939453125e-06,1.9073486328125e-06,0.0,0.0007558658708165448,False,False
E007-C24,completed,completed,True,True,True,2000,2000,True,True,True,True,98000,True,0.0,0.0,0.0,0.0,True,True
E007-C25,completed,completed,True,True,True,2000,2000,True,True,True,True,98000,True,0.0,0.0,0.0,0.0,True,True
E007-C26,completed,completed,True,True,True,2000,2000,True,True,True,True,98000,False,7.62939453125e-06,1.9073486328125e-06,0.0,0.00021134696864506016,False,False
E007-C27,completed,completed,True,True,True,2000,2000,True,True,True,True,98000,True,0.0,0.0,0.0,0.0,True,True
E007-C28,completed,completed,True,True,True,2000,2000,True,True,True,True,98000,True,0.0,0.0,0.0,0.0,True,True
E007-C29,completed,completed,True,True,True,2000,2000,True,True,True,True,98000,False,7.62939453125e-06,1.9073486328125e-06,0.0,0.0007581296919780848,False,False
E007-C30,completed,completed,True,True,True,2000,2000,True,True,True,True,98000,True,0.0,0.0,0.0,0.0,True,True
E007-C31,completed,completed,True,True,True,2000,2000,True,True,True,True,98000,True,0.0,0.0,0.0,0.0,True,True
E007-C33,completed,completed,True,True,True,2000,2000,True,True,True,True,98000,True,0.0,0.0,0.0,0.0,True,True
E007-C34,completed,completed,True,True,True,2000,2000,True,True,True,True,98000,True,0.0,0.0,0.0,0.0,True,True
E007-C35,completed,completed,True,True,True,2000,2000,True,True,True,True,98000,True,0.0,0.0,0.0,0.0,True,True
E007-C36,completed,completed,True,True,True,2000,2000,True,True,True,True,98000,True,0.0,0.0,0.0,0.0,True,True
E007-C37,completed,completed,True,True,True,2000,2000,True,True,True,True,98000,True,0.0,0.0,0.0,0.0,True,True
E007-C38,completed,completed,True,True,True,2000,2000,True,True,True,True,98000,False,7.62939453125e-06,1.9073486328125e-06,0.0,0.00021133774947044182,False,False
E007-C39,completed,completed,True,True,True,2000,2000,True,True,True,True,98000,True,0.0,0.0,0.0,0.0,True,True
E007-C40,completed,completed,True,True,True,2000,2000,True,True,True,True,98000,True,0.0,0.0,0.0,0.0,True,True
E007-C41,completed,completed,True,True,True,2000,2000,True,True,True,True,98000,True,0.0,0.0,0.0,0.0,True,True
E007-C43,completed,completed,True,True,True,2000,2000,True,True,True,True,98000,True,0.0,0.0,0.0,0.0,True,True
E007-C44,completed,completed,True,True,True,2000,2000,True,True,True,True,98000,False,7.62939453125e-06,1.9073486328125e-06,0.0,0.000758918843685844,False,False
E007-C45,completed,completed,True,True,True,2000,2000,True,True,True,True,98000,True,0.0,0.0,0.0,0.0,True,True
E007-C46,completed,completed,True,True,True,2000,2000,True,True,True,True,98000,True,0.0,0.0,0.0,0.0,True,True
E007-C47,completed,completed,True,True,True,2000,2000,True,True,True,True,98000,False,7.62939453125e-06,1.9073486328125e-06,0.0,0.0007591529130916134,False,False
E007-C48,completed,completed,True,True,True,2000,2000,True,True,True,True,98000,True,0.0,0.0,0.0,0.0,True,True
E007-C49,completed,completed,True,True,True,2000,2000,True,True,True,True,98000,True,0.0,0.0,0.0,0.0,True,True
