link_gap_m,cluster,n_members,member_ids,area_m2,largest_member_area_m2,centroid_lon,centroid_lat,extent_major_m,extent_minor_m,extent_orientation_deg,hull_fill,n_oriented,orientation_coherence,prob_mean_areaw,prob_max,isolation_gap_m
250,0,1,4,9740467.593608692,9740467.593608692,-89.12530619231563,28.176489805475395,8863.282670903882,2172.246257658277,139.91092624986672,0.7453484354144324,1,,0.9814507476512538,1.0,858.1965627631963
250,1,1,5,4926762.973985381,4926762.973985381,-89.18536851693483,28.161515036072366,13305.038927605296,942.8442212174295,139.01427637167345,0.5233143332685701,1,,0.9656212840603583,1.0,3843.574101927877
250,2,2,2 6,2279405.1946614087,2081677.366691962,-89.1034464686895,28.214588202083696,5930.104382187093,1029.5191769376881,115.0301511732452,0.5277152097290938,2,0.9809122244108258,0.9578641468956207,1.0,770.2996506164676
250,3,2,12 13,1653582.2008899227,1651825.372802049,-88.87274037676823,28.148156764597815,2476.84831834957,1623.7462758012186,37.89221376647282,0.5599443600191168,0,,0.9674637471383918,1.0,1624.4916625663395
250,4,1,26,1257385.090246588,1257385.090246588,-90.56542835604667,27.35440074157764,1640.3088583566296,1069.6802629079166,134.24134659688144,0.79228161982877,0,,0.9741331230174849,1.0,266.62537486265234
250,5,3,32 34 37,1142891.9542626888,1127644.7426313236,-90.42308618800593,27.126149677763323,2953.347542051967,1271.7282757214548,87.73247291996923,0.4933503068293615,1,,0.8923566447933853,1.0,261.77549887650804
250,6,3,40 41 42,919629.9494133666,839833.4700908884,-90.45433186602108,27.109278822757524,5018.936049455791,422.1859380485252,82.1890646673949,0.5518427415544073,3,0.9838950011601681,0.8627803822650099,0.9998729228973389,1134.778203259582
250,7,2,20 21,707937.9851227477,704400.5145656392,-90.21866208274173,27.386927639128846,3136.4222653104794,402.69258740367684,22.957932459753863,0.7202926260726854,1,,0.9329931030174499,0.9999990463256836,656.994484469422
250,8,1,44,431551.4220110476,431551.4220110476,-90.22173814208828,27.032802879866935,1502.6532426774884,652.9808263159892,156.6777055709191,0.5513514637568128,1,,0.8957505945704485,0.9997252225875854,1683.151193596173
250,9,1,46,405046.5770846829,405046.5770846829,-90.26190078298677,27.00101611083072,1600.7031820403004,398.480049965866,112.55897716155427,0.7898999206944836,1,,0.8940507473912185,0.9996273517608643,320.976683667713
250,10,2,28 29,403989.55113036186,311853.5562283248,-89.52562101267756,27.199589543401945,1783.7659555378873,515.8214455526339,120.26371128946201,0.6059148904419582,2,0.995475883338004,0.9037600386219362,0.9999715089797974,66049.08070331394
250,11,1,36,280131.57536319643,280131.57536319643,-90.46781490312387,27.128784355600224,1317.6764271610805,319.0151413055622,92.46148450274558,0.8012107121457327,1,,0.8841651422313497,0.9991883635520935,261.764141197622
250,12,2,8 9,191084.9164595455,179493.21611274034,-89.08191797848629,28.185124568569858,979.2704890746363,330.0108581406196,98.90920940891947,0.7816127478495741,1,,0.8517776675787143,0.9939619302749634,567.5215091100745
250,13,1,49,169689.08807835728,169689.08807835728,-90.24796369598197,26.999487177559118,641.9577040390735,318.5262585472095,90.00146117638758,0.9308669040573618,1,,0.8953280159619064,0.9959102272987366,286.00617394861706
250,14,1,33,129779.3156150505,129779.3156150505,-90.45167324952824,27.131438553539656,641.1966589841081,318.53494652558487,90.00013966219586,0.8521526102119217,1,,0.8659715295815077,0.9990151524543762,569.0925595005391
250,15,1,48,124248.65673528612,124248.65673528612,-90.23860024077453,26.999890978538236,626.5475306791515,251.0332396214487,86.63840657455809,0.909092121146697,1,,0.8859638161318643,0.9995114803314209,286.00617394861706
250,16,2,25 27,124211.8829562068,74669.20295272022,-90.57778243735837,27.358838707139114,697.368609048531,423.08729774930384,128.97034468150156,0.5693436825969548,1,,0.8594103999756916,0.9986242055892944,266.62537486265234
250,17,1,17,123928.19743192196,123928.19743192196,-90.23938958197371,27.932224117451966,398.20256939005446,353.67368473909744,179.9948724236231,0.9617485724191055,0,,0.9307646993547678,0.999940037727356,433.75475695156865
250,18,1,23,122787.2434861511,122787.2434861511,-90.55405580305076,27.36724580489219,663.1366256777163,260.55324464153273,126.75032217641167,0.8818304967694851,1,,0.8845126070618973,0.9942856431007385,1106.1690987241486
250,19,1,10,106088.39722330123,106088.39722330123,-89.07068390140839,28.17657504509446,700.1865925013448,237.6837189903479,138.45457974505928,0.8579540966241278,1,,0.8132353831600669,0.98191899061203,567.5215091100745
250,20,2,30 31,105661.12807702273,81550.02786509693,-90.43631950464864,27.138254842727168,704.7392701427643,351.27174136868405,25.343360419813237,0.5780786293967028,0,,0.8544302958265856,0.9970633387565613,680.6954588954509
250,21,1,38,88298.01103640348,88298.01103640348,-90.40231180769587,27.124397308761306,409.6812815818916,298.62514166493827,90.00135043207442,0.8691095528979549,0,,0.7949442305718082,0.9559656977653503,261.77549887650804
250,22,1,16,85547.19208551198,85547.19208551198,-90.23618617221535,27.93932100276246,433.61685583284316,280.89450961818613,151.94846721119387,0.9118200280408264,0,,0.9140313409974056,0.9993013143539429,433.75475695156865
250,23,1,14,69941.64050076157,69941.64050076157,-88.86547969688878,28.120714939011844,458.102677603923,226.0527827152022,145.41087552454533,0.9086750879356782,1,,0.8721997318555362,0.9909029006958008,1624.4916625663395
250,24,1,43,65639.09560144693,65639.09560144693,-90.21905433978826,27.061323053243036,298.6203014085377,267.33747512903443,0.0006113424698472314,0.9487180641420473,0,,0.9011251253050727,0.9954318404197693,2418.0915705084044
250,25,1,7,44955.67300414294,44955.67300414294,-89.10571351944004,28.198304851271054,345.8110154510544,184.84452056661382,138.460294929377,0.8797245956813127,0,,0.8240507985465229,0.9668697118759155,1441.4169117789402
250,26,1,47,29819.25720346719,29819.25720346719,-90.23129582487054,27.00162925443883,249.64355408967688,159.26277532143357,90.00123483096503,0.9230768544553483,0,,0.7849925046875363,0.9309911131858826,325.8233309044457
250,27,1,18,27472.995772652328,27472.995772652328,-89.81688126590781,27.88529344503936,338.2713967753468,151.63359611668918,107.82244331630353,0.7499980148913444,1,,0.6188935331809216,0.6409646272659302,41415.1764152754
250,28,1,19,24053.262671768665,24053.262671768665,-90.21287117543702,27.40853198010181,199.0893399785804,159.9041340917772,179.9995710149111,0.9006621825731774,0,,0.778814740040723,0.9071617126464844,656.994484469422
250,29,1,35,23757.545677751303,23757.545677751303,-90.47700548479649,27.130916870181416,178.11115052040444,159.26806012267915,90.00053074930041,0.9305555088816431,0,,0.7874163718365911,0.9309722185134888,261.764141197622
250,30,1,24,23708.648916900158,23708.648916900158,-90.17760906660781,27.36509827908748,195.51475255428224,179.1788772549474,89.9995127547088,0.8815788961661544,0,,0.7268406837733824,0.8399642705917358,3908.902131044316
250,31,1,1,13342.783863306046,13342.783863306046,-89.10036123422171,28.226319140569426,123.4522278794811,119.46049698073755,90.00176933752083,0.9500000292295332,0,,0.7272608986026362,0.8165225982666016,770.2996506164676
250,32,1,3,10183.189399428666,10183.189399428666,-89.14358307895694,28.220583943249537,119.4618392461856,105.81954110943477,0.0002703630394300799,0.906250017930583,0,,0.6920536633195549,0.7909157276153564,858.1965627631963
250,33,1,45,8874.105317220092,8874.105317220092,-90.22582773631214,27.010166670163994,119.44765984217183,89.15222878233357,0.00013809933064190538,0.9090909659780396,0,,0.6987964463233948,0.7741456031799316,898.0061698320764
250,34,1,39,6737.880403369665,6737.880403369665,-90.40711683820172,27.119623077819853,119.4505491373192,89.06439500625653,0.00012667511269637277,0.8085106102417997,0,,0.6767317935040122,0.7631879448890686,299.1566078379138
250,35,1,15,3167.7365758121014,3167.7365758121014,-89.31488732941094,27.96290788311785,79.6385813365126,53.03533391313411,2.4399674725182445e-05,0.8571429478866762,0,,0.6264436576101515,0.6553090214729309,24174.306434580907
250,36,1,22,2830.784385420382,2830.784385420382,-90.21823068380881,27.369084050685018,59.72717970608458,53.32028643269451,179.9998344381356,0.941176430208998,0,,0.6222818791866302,0.6516600251197815,866.706261534862
250,37,1,11,2810.6097062453628,2810.6097062453628,-89.05327296549964,28.164003245728615,70.58431334610604,59.72999114003041,90.00202321505975,0.84210507107891,0,,0.6230307519435883,0.6499137282371521,1837.4819149582906
500,0,1,4,9740467.593608692,9740467.593608692,-89.12530619231563,28.176489805475395,8863.282670903882,2172.246257658277,139.91092624986672,0.7453484354144324,1,,0.9814507476512538,1.0,858.1965627631963
500,1,1,5,4926762.973985381,4926762.973985381,-89.18536851693483,28.161515036072366,13305.038927605296,942.8442212174295,139.01427637167345,0.5233143332685701,1,,0.9656212840603583,1.0,3843.574101927877
500,2,2,2 6,2279405.1946614087,2081677.366691962,-89.1034464686895,28.214588202083696,5930.104382187093,1029.5191769376881,115.0301511732452,0.5277152097290938,2,0.9809122244108258,0.9578641468956207,1.0,770.2996506164676
500,3,2,12 13,1653582.2008899227,1651825.372802049,-88.87274037676823,28.148156764597815,2476.84831834957,1623.7462758012186,37.89221376647282,0.5599443600191168,0,,0.9674637471383918,1.0,1624.4916625663395
500,4,3,25 26 27,1381596.9732027948,1257385.090246588,-90.56653900347344,27.35479977994619,2601.935725412202,1100.6527599308106,124.78800721118353,0.6319796982366721,1,,0.9638190258362711,1.0,1106.1690987241486
500,5,5,32 34 37 38 39,1237927.845702462,1127644.7426313236,-90.42151746217756,27.125989268842503,3654.6434067862147,1282.30211608926,102.60526052106562,0.35966477380705636,1,,0.8842348653852353,1.0,680.6954588954509
500,6,3,40 41 42,919629.9494133666,839833.4700908884,-90.45433186602108,27.109278822757524,5018.936049455791,422.1859380485252,82.1890646673949,0.5518427415544073,3,0.9838950011601681,0.8627803822650099,0.9998729228973389,1134.778203259582
500,7,4,46 47 48 49,728803.5791017935,405046.5770846829,-90.25343117679708,27.000493769246358,3977.355111446955,598.8678019064524,92.93347278568473,0.4039179153748995,3,0.9125459517608634,0.8885072954759403,0.9996273517608643,898.0061698320764
500,8,2,20 21,707937.9851227477,704400.5145656392,-90.21866208274173,27.386927639128846,3136.4222653104794,402.69258740367684,22.957932459753863,0.7202926260726854,1,,0.9329931030174499,0.9999990463256836,656.994484469422
500,9,1,44,431551.4220110476,431551.4220110476,-90.22173814208828,27.032802879866935,1502.6532426774884,652.9808263159892,156.6777055709191,0.5513514637568128,1,,0.8957505945704485,0.9997252225875854,1683.151193596173
500,10,2,28 29,403989.55113036186,311853.5562283248,-89.52562101267756,27.199589543401945,1783.7659555378873,515.8214455526339,120.26371128946201,0.6059148904419582,2,0.995475883338004,0.9037600386219362,0.9999715089797974,66049.08070331394
500,11,2,35 36,303889.12104094774,280131.57536319643,-90.46853339468008,27.128951093878023,1746.725844004708,394.2370843255317,97.58043906512539,0.5759212623826204,1,,0.8766014843944177,0.9991883635520935,569.0925595005391
500,12,2,16 17,209475.38951743394,123928.19743192196,-90.23808139744473,27.9351224078916,1242.2868846957065,406.92561764669375,19.79980127123133,0.47353834111805004,0,,0.9239310000599212,0.999940037727356,41415.1764152754
500,13,2,8 9,191084.9164595455,179493.21611274034,-89.08191797848629,28.185124568569858,979.2704890746363,330.0108581406196,98.90920940891947,0.7816127478495741,1,,0.8517776675787143,0.9939619302749634,567.5215091100745
500,14,1,33,129779.3156150505,129779.3156150505,-90.45167324952824,27.131438553539656,641.1966589841081,318.53494652558487,90.00013966219586,0.8521526102119217,1,,0.8659715295815077,0.9990151524543762,569.0925595005391
500,15,1,23,122787.2434861511,122787.2434861511,-90.55405580305076,27.36724580489219,663.1366256777163,260.55324464153273,126.75032217641167,0.8818304967694851,1,,0.8845126070618973,0.9942856431007385,1106.1690987241486
500,16,1,10,106088.39722330123,106088.39722330123,-89.07068390140839,28.17657504509446,700.1865925013448,237.6837189903479,138.45457974505928,0.8579540966241278,1,,0.8132353831600669,0.98191899061203,567.5215091100745
500,17,2,30 31,105661.12807702273,81550.02786509693,-90.43631950464864,27.138254842727168,704.7392701427643,351.27174136868405,25.343360419813237,0.5780786293967028,0,,0.8544302958265856,0.9970633387565613,680.6954588954509
500,18,1,14,69941.64050076157,69941.64050076157,-88.86547969688878,28.120714939011844,458.102677603923,226.0527827152022,145.41087552454533,0.9086750879356782,1,,0.8721997318555362,0.9909029006958008,1624.4916625663395
500,19,1,43,65639.09560144693,65639.09560144693,-90.21905433978826,27.061323053243036,298.6203014085377,267.33747512903443,0.0006113424698472314,0.9487180641420473,0,,0.9011251253050727,0.9954318404197693,2418.0915705084044
500,20,1,7,44955.67300414294,44955.67300414294,-89.10571351944004,28.198304851271054,345.8110154510544,184.84452056661382,138.460294929377,0.8797245956813127,0,,0.8240507985465229,0.9668697118759155,1441.4169117789402
500,21,1,18,27472.995772652328,27472.995772652328,-89.81688126590781,27.88529344503936,338.2713967753468,151.63359611668918,107.82244331630353,0.7499980148913444,1,,0.6188935331809216,0.6409646272659302,41415.1764152754
500,22,1,19,24053.262671768665,24053.262671768665,-90.21287117543702,27.40853198010181,199.0893399785804,159.9041340917772,179.9995710149111,0.9006621825731774,0,,0.778814740040723,0.9071617126464844,656.994484469422
500,23,1,24,23708.648916900158,23708.648916900158,-90.17760906660781,27.36509827908748,195.51475255428224,179.1788772549474,89.9995127547088,0.8815788961661544,0,,0.7268406837733824,0.8399642705917358,3908.902131044316
500,24,1,1,13342.783863306046,13342.783863306046,-89.10036123422171,28.226319140569426,123.4522278794811,119.46049698073755,90.00176933752083,0.9500000292295332,0,,0.7272608986026362,0.8165225982666016,770.2996506164676
500,25,1,3,10183.189399428666,10183.189399428666,-89.14358307895694,28.220583943249537,119.4618392461856,105.81954110943477,0.0002703630394300799,0.906250017930583,0,,0.6920536633195549,0.7909157276153564,858.1965627631963
500,26,1,45,8874.105317220092,8874.105317220092,-90.22582773631214,27.010166670163994,119.44765984217183,89.15222878233357,0.00013809933064190538,0.9090909659780396,0,,0.6987964463233948,0.7741456031799316,898.0061698320764
500,27,1,15,3167.7365758121014,3167.7365758121014,-89.31488732941094,27.96290788311785,79.6385813365126,53.03533391313411,2.4399674725182445e-05,0.8571429478866762,0,,0.6264436576101515,0.6553090214729309,24174.306434580907
500,28,1,22,2830.784385420382,2830.784385420382,-90.21823068380881,27.369084050685018,59.72717970608458,53.32028643269451,179.9998344381356,0.941176430208998,0,,0.6222818791866302,0.6516600251197815,866.706261534862
500,29,1,11,2810.6097062453628,2810.6097062453628,-89.05327296549964,28.164003245728615,70.58431334610604,59.72999114003041,90.00202321505975,0.84210507107891,0,,0.6230307519435883,0.6499137282371521,1837.4819149582906
1000,0,2,3 4,9750650.783008121,9740467.593608692,-89.12532527225132,28.1765358569316,8783.439622203186,2305.2980202287454,146.5757527910157,0.5679883994741718,1,,0.9811485129197498,1.0,1305.098904576622
1000,1,1,5,4926762.973985381,4926762.973985381,-89.18536851693483,28.161515036072366,13305.038927605296,942.8442212174295,139.01427637167345,0.5233143332685701,1,,0.9656212840603583,1.0,3843.574101927877
1000,2,3,1 2 6,2292747.9785247147,2081677.366691962,-89.10342851593806,28.214656471208787,5930.104382187093,1929.632195934297,115.03015976738085,0.36873800754821207,2,0.9809122244108258,0.9565221375125704,1.0,1305.098904576622
1000,3,2,12 13,1653582.2008899227,1651825.372802049,-88.87274037676823,28.148156764597815,2476.84831834957,1623.7462758012186,37.89221376647282,0.5599443600191168,0,,0.9674637471383918,1.0,1624.4916625663395
1000,4,3,25 26 27,1381596.9732027948,1257385.090246588,-90.56653900347344,27.35479977994619,2601.935725412202,1100.6527599308106,124.78800721118353,0.6319796982366721,1,,0.9638190258362711,1.0,1106.1690987241486
1000,5,7,30 31 32 34 37 38 39,1343588.9737794846,1127644.7426313236,-90.42268139004068,27.126953903668422,4075.7266408671444,1662.97660032629,115.71337323215869,0.27267479410120876,1,,0.8818910053931737,1.0,1056.8033377461838
1000,6,3,40 41 42,919629.9494133666,839833.4700908884,-90.45433186602108,27.109278822757524,5018.936049455791,422.1859380485252,82.1890646673949,0.5518427415544073,3,0.9838950011601681,0.8627803822650099,0.9998729228973389,1134.778203259582
1000,7,5,45 46 47 48 49,737677.6844190136,405046.5770846829,-90.25309914105289,27.00061016439638,4528.546815447749,1110.744604854653,79.67881249809979,0.20233500377706254,3,0.9125459517608634,0.8862251143950189,0.9996273517608643,1683.151193596173
1000,8,4,19 20 21 22,734822.0321799368,704400.5145656392,-90.2184708982124,27.387566088852438,4530.763469840287,798.1872122291134,8.785976420482967,0.31820955898119857,1,,0.9267493474646032,0.9999990463256836,3908.902131044316
1000,9,3,33 35 36,433668.43665599823,280131.57536319643,-90.46348791541365,27.12969570147159,2883.583375014685,569.1918824960813,86.47211302739554,0.34463202952711397,2,0.9991874943584541,0.873420371488724,0.9991883635520935,1056.8033377461838
1000,10,1,44,431551.4220110476,431551.4220110476,-90.22173814208828,27.032802879866935,1502.6532426774884,652.9808263159892,156.6777055709191,0.5513514637568128,1,,0.8957505945704485,0.9997252225875854,1683.151193596173
1000,11,2,28 29,403989.55113036186,311853.5562283248,-89.52562101267756,27.199589543401945,1783.7659555378873,515.8214455526339,120.26371128946201,0.6059148904419582,2,0.995475883338004,0.9037600386219362,0.9999715089797974,66049.08070331394
1000,12,3,8 9 10,297173.3136828467,179493.21611274034,-89.07790730372783,28.182072563379243,2199.9245178229235,460.55532065983755,126.76954072818508,0.41924042152415286,2,0.7026568585433314,0.8380183931384033,0.9939619302749634,1318.312176498839
1000,13,2,16 17,209475.38951743394,123928.19743192196,-90.23808139744473,27.9351224078916,1242.2868846957065,406.92561764669375,19.79980127123133,0.47353834111805004,0,,0.9239310000599212,0.999940037727356,41415.1764152754
1000,14,1,23,122787.2434861511,122787.2434861511,-90.55405580305076,27.36724580489219,663.1366256777163,260.55324464153273,126.75032217641167,0.8818304967694851,1,,0.8845126070618973,0.9942856431007385,1106.1690987241486
1000,15,1,14,69941.64050076157,69941.64050076157,-88.86547969688878,28.120714939011844,458.102677603923,226.0527827152022,145.41087552454533,0.9086750879356782,1,,0.8721997318555362,0.9909029006958008,1624.4916625663395
1000,16,1,43,65639.09560144693,65639.09560144693,-90.21905433978826,27.061323053243036,298.6203014085377,267.33747512903443,0.0006113424698472314,0.9487180641420473,0,,0.9011251253050727,0.9954318404197693,2418.0915705084044
1000,17,1,7,44955.67300414294,44955.67300414294,-89.10571351944004,28.198304851271054,345.8110154510544,184.84452056661382,138.460294929377,0.8797245956813127,0,,0.8240507985465229,0.9668697118759155,1441.4169117789402
1000,18,1,18,27472.995772652328,27472.995772652328,-89.81688126590781,27.88529344503936,338.2713967753468,151.63359611668918,107.82244331630353,0.7499980148913444,1,,0.6188935331809216,0.6409646272659302,41415.1764152754
1000,19,1,24,23708.648916900158,23708.648916900158,-90.17760906660781,27.36509827908748,195.51475255428224,179.1788772549474,89.9995127547088,0.8815788961661544,0,,0.7268406837733824,0.8399642705917358,3908.902131044316
1000,20,1,15,3167.7365758121014,3167.7365758121014,-89.31488732941094,27.96290788311785,79.6385813365126,53.03533391313411,2.4399674725182445e-05,0.8571429478866762,0,,0.6264436576101515,0.6553090214729309,24174.306434580907
1000,21,1,11,2810.6097062453628,2810.6097062453628,-89.05327296549964,28.164003245728615,70.58431334610604,59.72999114003041,90.00202321505975,0.84210507107891,0,,0.6230307519435883,0.6499137282371521,1837.4819149582906
2000,0,10,1 2 3 4 6 7 8 9 10 11,12388338.35792607,9740467.593608692,-89.12004893595345,28.183800352964276,10435.764631191418,6620.2123107574935,150.5020380983777,0.23662820489279823,5,0.8835895533762829,0.9725060716128425,1.0,3843.574101927877
2000,1,1,5,4926762.973985381,4926762.973985381,-89.18536851693483,28.161515036072366,13305.038927605296,942.8442212174295,139.01427637167345,0.5233143332685701,1,,0.9656212840603583,1.0,3843.574101927877
2000,2,13,30 31 32 33 34 35 36 37 38 39 40 41 42,2696887.3598488495,1127644.7426313236,-90.44003658026966,27.1213687478022,7756.033204723474,3370.9012334842746,81.8457843680689,0.13455949151481994,6,0.9874261323338215,0.8740122380928476,1.0,18606.06214002833
2000,3,3,12 13 14,1723523.8413906842,1651825.372802049,-88.87244566404918,28.147043166894672,4170.975371434253,2296.8879342517685,8.723204722471706,0.29964892714630703,1,,0.9635978757477204,1.0,16814.13811420709
2000,4,4,23 25 26 27,1504384.216688946,1257385.090246588,-90.56552023201827,27.355815661124975,2601.935725412202,2446.5825572743024,124.78846010332984,0.3601220579466264,2,0.6160402376560564,0.9573460673699186,1.0,25275.67818818199
2000,5,6,44 45 46 47 48 49,1169229.1064300612,431551.4220110476,-90.24152614546101,27.01249301450819,6136.510146997985,2751.858256064473,48.31782058818496,0.0997151775804109,4,0.5828414678675855,0.8897408791775051,0.9997252225875854,2418.0915705084044
2000,6,4,19 20 21 22,734822.0321799368,704400.5145656392,-90.2184708982124,27.387566088852438,4530.763469840287,798.1872122291134,8.785976420482967,0.31820955898119857,1,,0.9267493474646032,0.9999990463256836,3908.902131044316
2000,7,2,28 29,403989.55113036186,311853.5562283248,-89.52562101267756,27.199589543401945,1783.7659555378873,515.8214455526339,120.26371128946201,0.6059148904419582,2,0.995475883338004,0.9037600386219362,0.9999715089797974,66049.08070331394
2000,8,2,16 17,209475.38951743394,123928.19743192196,-90.23808139744473,27.9351224078916,1242.2868846957065,406.92561764669375,19.79980127123133,0.47353834111805004,0,,0.9239310000599212,0.999940037727356,41415.1764152754
2000,9,1,43,65639.09560144693,65639.09560144693,-90.21905433978826,27.061323053243036,298.6203014085377,267.33747512903443,0.0006113424698472314,0.9487180641420473,0,,0.9011251253050727,0.9954318404197693,2418.0915705084044
2000,10,1,18,27472.995772652328,27472.995772652328,-89.81688126590781,27.88529344503936,338.2713967753468,151.63359611668918,107.82244331630353,0.7499980148913444,1,,0.6188935331809216,0.6409646272659302,41415.1764152754
2000,11,1,24,23708.648916900158,23708.648916900158,-90.17760906660781,27.36509827908748,195.51475255428224,179.1788772549474,89.9995127547088,0.8815788961661544,0,,0.7268406837733824,0.8399642705917358,3908.902131044316
2000,12,1,15,3167.7365758121014,3167.7365758121014,-89.31488732941094,27.96290788311785,79.6385813365126,53.03533391313411,2.4399674725182445e-05,0.8571429478866762,0,,0.6264436576101515,0.6553090214729309,24174.306434580907
5000,0,11,1 2 3 4 5 6 7 8 9 10 11,17315101.331911452,9740467.593608692,-89.13863742326872,28.17746248923842,13082.282202372258,12515.449701721755,149.09400856809788,0.14169114110906653,6,0.9233864168794642,0.9705471043652859,1.0,16814.13811420709
5000,1,13,30 31 32 33 34 35 36 37 38 39 40 41 42,2696887.3598488495,1127644.7426313236,-90.44003658026966,27.1213687478022,7756.033204723474,3370.9012334842746,81.8457843680689,0.13455949151481994,6,0.9874261323338215,0.8740122380928476,1.0,18606.06214002833
5000,2,3,12 13 14,1723523.8413906842,1651825.372802049,-88.87244566404918,28.147043166894672,4170.975371434253,2296.8879342517685,8.723204722471706,0.29964892714630703,1,,0.9635978757477204,1.0,16814.13811420709
5000,3,4,23 25 26 27,1504384.216688946,1257385.090246588,-90.56552023201827,27.355815661124975,2601.935725412202,2446.5825572743024,124.78846010332984,0.3601220579466264,2,0.6160402376560564,0.9573460673699186,1.0,25275.67818818199
5000,4,7,43 44 45 46 47 48 49,1234868.202031508,431551.4220110476,-90.24033213925931,27.015088659372314,8410.182673980982,3257.823383824057,36.750474694176766,0.06791728425285096,4,0.5828414678675855,0.8903460057964337,0.9997252225875854,18606.06214002833
5000,5,5,19 20 21 22 24,758530.6810968369,704400.5145656392,-90.21719346762235,27.386864017376443,6167.833353617126,3180.091778766584,144.07254201971904,0.06569097154340744,1,,0.920500998596172,0.9999990463256836,32326.48037253514
5000,6,2,28 29,403989.55113036186,311853.5562283248,-89.52562101267756,27.199589543401945,1783.7659555378873,515.8214455526339,120.26371128946201,0.6059148904419582,2,0.995475883338004,0.9037600386219362,0.9999715089797974,66049.08070331394
5000,7,2,16 17,209475.38951743394,123928.19743192196,-90.23808139744473,27.9351224078916,1242.2868846957065,406.92561764669375,19.79980127123133,0.47353834111805004,0,,0.9239310000599212,0.999940037727356,41415.1764152754
5000,8,1,18,27472.995772652328,27472.995772652328,-89.81688126590781,27.88529344503936,338.2713967753468,151.63359611668918,107.82244331630353,0.7499980148913444,1,,0.6188935331809216,0.6409646272659302,41415.1764152754
5000,9,1,15,3167.7365758121014,3167.7365758121014,-89.31488732941094,27.96290788311785,79.6385813365126,53.03533391313411,2.4399674725182445e-05,0.8571429478866762,0,,0.6264436576101515,0.6553090214729309,24174.306434580907
