cluster_id,estimate_basis,age_lo_h,age_hi_h,appearance_age_hi_h,age_conflict,age_conflict_note
2,forward best window of top supported suspect (OVERSEAS CHINOOK),28.0,29.0,12.310368887300886,True,"drift-based release age is older than slick appearance allows: either an old, persistent slick, or a young slick from a source not in AIS (platform/infrastructure, dark vessel, natural seep); check infrastructure DB and SAR ship detections"
7,forward best window of top supported suspect (NOBLE FAYE KOZACK),15.0,16.0,12.0,True,"drift-based release age is older than slick appearance allows: either an old, persistent slick, or a young slick from a source not in AIS (platform/infrastructure, dark vessel, natural seep); check infrastructure DB and SAR ship detections"
3,forward best window of top supported suspect (PRELUDE),18.0,19.0,12.0,True,"drift-based release age is older than slick appearance allows: either an old, persistent slick, or a young slick from a source not in AIS (platform/infrastructure, dark vessel, natural seep); check infrastructure DB and SAR ship detections"
15,forward best window of top supported suspect (MILLIE),6.0,7.0,12.0,False,
1,forward best window of top supported suspect (URSA TLP),4.0,6.0,12.0,False,
12,forward best window of top supported suspect (MARCO POLO TLP),7.0,9.0,12.0,False,
16,no drift-supported suspect: width/Okubo/persistence only,0.054740012311269425,12.0,12.0,False,
22,forward best window of top supported suspect (OVERSEAS CASCADE),13.0,14.0,12.0,True,"drift-based release age is older than slick appearance allows: either an old, persistent slick, or a young slick from a source not in AIS (platform/infrastructure, dark vessel, natural seep); check infrastructure DB and SAR ship detections"
21,forward best window of top supported suspect (OVERSEAS CASCADE),46.0,47.0,12.0,True,"drift-based release age is older than slick appearance allows: either an old, persistent slick, or a young slick from a source not in AIS (platform/infrastructure, dark vessel, natural seep); check infrastructure DB and SAR ship detections"
17,forward best window of top supported suspect (OVERSEAS CASCADE),43.0,44.0,12.0,True,"drift-based release age is older than slick appearance allows: either an old, persistent slick, or a young slick from a source not in AIS (platform/infrastructure, dark vessel, natural seep); check infrastructure DB and SAR ship detections"
19,forward best window of top supported suspect (BIG FOOT),38.0,39.0,12.0,True,"drift-based release age is older than slick appearance allows: either an old, persistent slick, or a young slick from a source not in AIS (platform/infrastructure, dark vessel, natural seep); check infrastructure DB and SAR ship detections"
18,forward best window of top supported suspect (SHELIA BORDELON),1.0,2.0,12.0,False,
