case_id,MMSI,tau_end_h,duration_h,tau_start_h,stratum,track_extent_km,moving,status
1000,367523620,1.0,2,3.0,0-3h,0.010311794370362152,False,ok
1001,367323780,11.5,1,12.5,3-12h,1.3434856792275207,True,ok
1002,338628000,23.25,2,25.25,12-24h,0.047449721835463476,False,ok
1003,538009588,27.0,2,29.0,24-40h,37.53396079465771,True,ok
1004,367710550,1.0,2,3.0,0-3h,0.007808993263092358,False,ok
1005,367785160,11.0,6,17.0,3-12h,0.013458369591880504,False,ok
1006,368179260,13.0,2,15.0,12-24h,0.10578812118079847,False,ok
1007,367556730,30.0,3,33.0,24-40h,0.009685533741857624,False,ok
1008,538005124,1.75,6,7.75,0-3h,0.060340763896902724,False,ok
1009,368189190,7.5,1,8.5,3-12h,3.6362319081786594,True,ok
1010,3660489,15.75,2,17.75,12-24h,0.010710629037372401,False,ok
1011,538006194,37.0,1,38.0,24-40h,0.0032047356789846066,False,discarded: empty mask
1012,367101870,1.5,2,3.5,0-3h,0.010356627697674283,False,ok
1013,563086300,6.5,2,8.5,3-12h,0.005935312172604043,False,ok
1014,367657110,13.75,3,16.75,12-24h,0.027355697204763885,False,ok
1015,548704000,38.0,1,39.0,24-40h,15.458347954144116,True,ok
1016,210328000,1.25,3,4.25,0-3h,17.128805208796244,True,ok
1017,3660489,6.0,1,7.0,3-12h,0.005570830643571425,False,ok
1018,367657110,14.75,2,16.75,12-24h,0.027355697204763885,False,ok
1019,367657110,34.25,2,36.25,24-40h,0.06450759947583184,False,ok
1020,368196410,2.5,1,3.5,0-3h,0.0070422585935168355,False,ok
1021,368166560,9.5,3,12.5,3-12h,0.010884876449065866,False,ok
1022,366908680,12.75,2,14.75,12-24h,0.014272774026429453,False,ok
1023,371765000,38.75,1,39.75,24-40h,0.0,False,discarded: empty mask
1024,368196410,2.5,2,4.5,0-3h,0.009133711759320474,False,ok
1025,367127480,5.25,3,8.25,3-12h,0.015585520396361305,False,ok
1026,210328000,13.75,2,15.75,12-24h,13.951587004828328,True,ok
1027,538005813,29.25,6,35.25,24-40h,118.09665281896757,True,ok
1028,367067370,1.75,2,3.75,0-3h,0.017939630642541653,False,ok
1029,3660489,10.25,1,11.25,3-12h,0.008191208888988432,False,ok
1030,371765000,13.0,2,15.0,12-24h,0.0,False,ok
1031,367574050,35.0,1,36.0,24-40h,0.01046552560893845,False,discarded: empty mask
1032,367622660,2.5,6,8.5,0-3h,0.02307579721835245,False,ok
1033,367609520,5.75,3,8.75,3-12h,0.28088364541528693,False,ok
1034,538005361,13.75,2,15.75,12-24h,0.0029563506641135814,False,ok
1035,338196000,36.0,6,42.0,24-40h,0.012843077652967964,False,ok
1036,338225000,2.5,3,5.5,0-3h,0.006007645878986172,False,ok
1037,311062000,3.75,2,5.75,3-12h,0.003486732398217226,False,ok
1038,367622660,14.25,1,15.25,12-24h,2.1921502725719053,True,ok
1039,338147342,37.0,2,39.0,24-40h,0.0046030075308060026,False,ok
1040,367666910,2.0,2,4.0,0-3h,55.25549052143035,True,ok
1041,538009623,10.5,1,11.5,3-12h,0.0,False,ok
1042,367067370,13.0,2,15.0,12-24h,0.089307446586133,False,ok
1043,367101870,24.25,3,27.25,24-40h,0.0163790926870523,False,ok
1044,538008599,1.0,2,3.0,0-3h,36.42780441977255,True,ok
1045,538005579,8.75,3,11.75,3-12h,0.00920291609734478,False,ok
1046,367101870,15.25,6,21.25,12-24h,0.013698957271706048,False,ok
1047,368087000,38.0,2,40.0,24-40h,0.01012901091051409,False,ok
