a_fwd_F,b_bwd_point,c_member_support,m_margin,n,correct_attribution,truth_supported,false_accusation,no_accusation_when_present,test_false,test_correct
0.0,0.7,0.67,1.25,23.0,0.0434782608695652,0.1304347826086956,0.0,0.8695652173913043,0.045454545454545456,0.09090909090909091
0.0,0.7,0.0,1.25,23.0,0.0869565217391304,0.5652173913043478,0.0434782608695652,0.2608695652173913,0.09090909090909091,0.13636363636363635
0.7,0.7,0.0,1.0,23.0,0.1739130434782608,0.1739130434782608,0.0869565217391304,0.8260869565217391,0.045454545454545456,0.13636363636363635
0.5,0.7,0.0,1.0,23.0,0.217391304347826,0.2608695652173913,0.1304347826086956,0.7391304347826086,0.045454545454545456,0.18181818181818182
0.0,0.7,0.5,1.0,23.0,0.3043478260869565,0.391304347826087,0.217391304347826,0.5652173913043478,0.09090909090909091,0.3181818181818182
0.5,0.5,0.0,1.0,23.0,0.3478260869565217,0.4347826086956521,0.2608695652173913,0.5217391304347826,0.18181818181818182,0.4090909090909091
0.0,0.7,0.0,1.0,23.0,0.391304347826087,0.5652173913043478,0.3043478260869565,0.2608695652173913,0.13636363636363635,0.36363636363636365
0.4,0.5,0.5,1.0,23.0,0.4347826086956521,0.5652173913043478,0.3478260869565217,0.3478260869565217,0.13636363636363635,0.45454545454545453
0.4,0.0,0.5,1.0,23.0,0.4782608695652174,0.6521739130434783,0.4347826086956521,0.3043478260869565,0.22727272727272727,0.5454545454545454
0.4,0.5,0.0,1.0,23.0,0.5217391304347826,0.6521739130434783,0.5217391304347826,0.2608695652173913,0.2727272727272727,0.5
0.4,0.0,0.0,1.0,23.0,0.5652173913043478,0.7391304347826086,0.6086956521739131,0.217391304347826,0.36363636363636365,0.5909090909090909
