cluster_id,lead_h,lon,lat,lon_p10,lon_p90,lat_p10,lat_p90
1,0.0,-89.10523,28.215254,-89.121796,-89.088905,28.207838,28.220636
1,1.0,-89.10936,28.222008,-89.12668,-89.0921,28.212557,28.22957
1,2.0,-89.1137,28.228252,-89.13119,-89.09551,28.217138,28.238768
1,3.0,-89.11824,28.233732,-89.13611,-89.0994,28.219673,28.248653
1,4.0,-89.12313,28.239054,-89.14144,-89.10336,28.220444,28.258154
1,5.0,-89.12851,28.244265,-89.14826,-89.1084,28.220398,28.268085
1,6.0,-89.13442,28.24968,-89.15519,-89.11363,28.220596,28.278038
1,7.0,-89.1409,28.255934,-89.16329,-89.11935,28.221079,28.289879
1,8.0,-89.147736,28.262865,-89.17136,-89.12541,28.222021,28.30249
1,9.0,-89.15465,28.270397,-89.17911,-89.13113,28.22368,28.315546
1,10.0,-89.16121,28.27894,-89.18664,-89.136856,28.224556,28.329876
1,11.0,-89.16748,28.288202,-89.19395,-89.142395,28.226145,28.344809
1,12.0,-89.17274,28.297619,-89.19884,-89.14772,28.228436,28.35969
1,13.0,-89.177185,28.306908,-89.20329,-89.15144,28.230175,28.374256
1,14.0,-89.18104,28.31608,-89.20637,-89.15608,28.23281,28.388205
1,15.0,-89.18467,28.325226,-89.20922,-89.15989,28.234482,28.40266
1,16.0,-89.18755,28.334433,-89.21166,-89.16304,28.235218,28.41619
1,17.0,-89.189156,28.34324,-89.2122,-89.165665,28.237913,28.429192
1,18.0,-89.18943,28.3516,-89.2115,-89.16697,28.239779,28.44117
1,19.0,-89.18885,28.359743,-89.210175,-89.16747,28.240717,28.453194
1,20.0,-89.18778,28.367607,-89.20866,-89.16622,28.243372,28.464437
1,21.0,-89.18611,28.374771,-89.20696,-89.165726,28.244297,28.474228
1,22.0,-89.18394,28.381102,-89.204636,-89.163185,28.246386,28.482899
1,23.0,-89.18161,28.386383,-89.20281,-89.16051,28.24654,28.490263
1,24.0,-89.17934,28.390598,-89.200424,-89.15803,28.246754,28.4956
1,25.0,-89.177704,28.393808,-89.19911,-89.15577,28.245148,28.500301
1,26.0,-89.176956,28.39732,-89.198875,-89.154274,28.24406,28.505287
1,27.0,-89.177345,28.401426,-89.1996,-89.15477,28.242983,28.512363
1,28.0,-89.17874,28.406204,-89.20175,-89.155754,28.24052,28.52024
1,29.0,-89.18005,28.411022,-89.203316,-89.15643,28.238106,28.528423
1,30.0,-89.18039,28.41518,-89.203926,-89.15584,28.236303,28.5349
1,31.0,-89.179344,28.418663,-89.203926,-89.153595,28.23437,28.53995
1,32.0,-89.177765,28.42216,-89.20366,-89.15132,28.23271,28.5452
1,33.0,-89.17529,28.425562,-89.20293,-89.14743,28.231586,28.5501
1,34.0,-89.171486,28.42796,-89.20325,-89.14223,28.231083,28.55309
1,35.0,-89.16611,28.428265,-89.2038,-89.13435,28.22833,28.552849
1,36.0,-89.160194,28.426281,-89.20523,-89.12581,28.226053,28.549
1,37.0,-89.155396,28.421854,-89.20826,-89.118866,28.22123,28.542482
1,38.0,-89.15283,28.414167,-89.21165,-89.113525,28.216793,28.530886
1,39.0,-89.15372,28.404396,-89.217926,-89.11443,28.212528,28.516624
1,40.0,-89.15715,28.394352,-89.223816,-89.116745,28.20677,28.50195
1,41.0,-89.162476,28.38432,-89.23015,-89.12114,28.202381,28.486855
1,42.0,-89.16947,28.374748,-89.239075,-89.12762,28.196623,28.473158
1,43.0,-89.177925,28.365917,-89.24664,-89.13497,28.192322,28.461014
1,44.0,-89.18749,28.357876,-89.258255,-89.14366,28.189774,28.449795
1,45.0,-89.19804,28.350992,-89.26775,-89.152916,28.186558,28.440428
1,46.0,-89.208786,28.34543,-89.27814,-89.16188,28.183752,28.433113
1,47.0,-89.21899,28.341417,-89.28828,-89.171135,28.18208,28.427433
1,48.0,-89.22802,28.33943,-89.29579,-89.17831,28.181211,28.42545
1,49.0,-89.23589,28.339134,-89.30375,-89.18544,28.180931,28.425808
1,50.0,-89.24267,28.339972,-89.31016,-89.191536,28.180546,28.428217
1,51.0,-89.248405,28.341265,-89.31566,-89.19659,28.180008,28.432081
1,52.0,-89.25261,28.342726,-89.31954,-89.199165,28.180378,28.435745
1,53.0,-89.255615,28.343746,-89.32399,-89.20172,28.179546,28.439228
1,54.0,-89.257164,28.344109,-89.32654,-89.20322,28.177975,28.441004
1,55.0,-89.25714,28.343117,-89.329765,-89.20247,28.176182,28.440449
1,56.0,-89.25555,28.340527,-89.33271,-89.2001,28.174238,28.437508
1,57.0,-89.25284,28.335892,-89.334076,-89.197784,28.170498,28.43113
1,58.0,-89.249916,28.328972,-89.33582,-89.194046,28.166235,28.422281
1,59.0,-89.24793,28.319693,-89.33749,-89.19156,28.161924,28.409964
1,60.0,-89.24744,28.308794,-89.33977,-89.19042,28.1547,28.395906
1,61.0,-89.24906,28.29678,-89.344185,-89.191536,28.148485,28.380356
1,62.0,-89.25271,28.28478,-89.348404,-89.194435,28.14163,28.365234
1,63.0,-89.25798,28.272816,-89.35493,-89.19966,28.13408,28.350445
1,64.0,-89.26414,28.26111,-89.36336,-89.20596,28.126575,28.336159
1,65.0,-89.271454,28.24989,-89.371765,-89.213104,28.11841,28.322247
1,66.0,-89.27966,28.23897,-89.38192,-89.2204,28.110727,28.30913
1,67.0,-89.288666,28.228533,-89.3922,-89.22945,28.105703,28.296297
1,68.0,-89.29835,28.218922,-89.402916,-89.23874,28.099068,28.284355
1,69.0,-89.30824,28.210264,-89.4124,-89.24883,28.094313,28.27391
1,70.0,-89.31792,28.202581,-89.42244,-89.2578,28.09094,28.263973
1,71.0,-89.32718,28.195831,-89.432014,-89.267494,28.086731,28.255198
1,72.0,-89.33593,28.190205,-89.441666,-89.27612,28.08387,28.24818
2,0.0,-89.124435,28.175995,-89.141075,-89.108574,28.15879,28.202944
2,1.0,-89.128426,28.182705,-89.14549,-89.11227,28.1645,28.20919
2,2.0,-89.13268,28.188984,-89.15019,-89.11563,28.1691,28.215054
2,3.0,-89.13702,28.194714,-89.155174,-89.118744,28.17175,28.221394
2,4.0,-89.14167,28.200306,-89.16083,-89.122246,28.173874,28.22811
2,5.0,-89.14685,28.205801,-89.167015,-89.12656,28.175762,28.236252
2,6.0,-89.15271,28.211588,-89.17394,-89.13112,28.17651,28.244837
2,7.0,-89.15913,28.218046,-89.18078,-89.135796,28.178532,28.25532
2,8.0,-89.16599,28.225039,-89.189064,-89.14085,28.180082,28.265886
2,9.0,-89.17306,28.232819,-89.19804,-89.14633,28.181673,28.27917
2,10.0,-89.179924,28.241314,-89.20533,-89.152084,28.183306,28.293198
2,11.0,-89.18649,28.250559,-89.21283,-89.158,28.186127,28.308092
2,12.0,-89.19234,28.259895,-89.21885,-89.163185,28.18732,28.32276
2,13.0,-89.19744,28.269178,-89.22433,-89.16881,28.189213,28.337177
2,14.0,-89.20213,28.27824,-89.2289,-89.17405,28.191084,28.350712
2,15.0,-89.2064,28.287256,-89.2321,-89.17782,28.192875,28.364714
2,16.0,-89.20986,28.29644,-89.23518,-89.18208,28.193857,28.378815
2,17.0,-89.21217,28.305393,-89.23646,-89.185394,28.19662,28.39277
2,18.0,-89.21315,28.31395,-89.23595,-89.187645,28.198431,28.40507
2,19.0,-89.213295,28.322304,-89.235016,-89.18907,28.202036,28.416723
2,20.0,-89.21287,28.330507,-89.23414,-89.189926,28.204678,28.428768
2,21.0,-89.21173,28.338253,-89.23202,-89.18974,28.205462,28.43951
2,22.0,-89.21008,28.345167,-89.23092,-89.18852,28.20735,28.449617
2,23.0,-89.207855,28.351128,-89.22882,-89.186516,28.207945,28.457598
2,24.0,-89.20559,28.35601,-89.22679,-89.18418,28.208433,28.464384
2,25.0,-89.20385,28.359846,-89.2256,-89.181915,28.207747,28.469803
2,26.0,-89.203026,28.363768,-89.22476,-89.18033,28.206234,28.47569
2,27.0,-89.20322,28.368,-89.22591,-89.180695,28.204285,28.482943
2,28.0,-89.20414,28.372974,-89.22717,-89.18083,28.201193,28.491941
2,29.0,-89.20523,28.378157,-89.22808,-89.18217,28.200848,28.50005
2,30.0,-89.20527,28.382671,-89.228836,-89.18134,28.198315,28.50671
2,31.0,-89.203964,28.3864,-89.228714,-89.178764,28.197409,28.512938
2,32.0,-89.202065,28.389893,-89.22813,-89.175125,28.196003,28.518536
2,33.0,-89.19926,28.393417,-89.22718,-89.171364,28.19466,28.524105
2,34.0,-89.195305,28.395918,-89.226776,-89.16554,28.194101,28.527563
2,35.0,-89.189835,28.396278,-89.22718,-89.15769,28.191957,28.528059
2,36.0,-89.18389,28.394493,-89.228134,-89.148346,28.18979,28.525442
2,37.0,-89.17888,28.390316,-89.23013,-89.14093,28.185614,28.519041
2,38.0,-89.17613,28.382965,-89.2334,-89.136215,28.179739,28.50859
2,39.0,-89.17696,28.373634,-89.23823,-89.13522,28.174728,28.494625
2,40.0,-89.18038,28.363785,-89.24648,-89.13721,28.170086,28.479984
2,41.0,-89.185455,28.354208,-89.254295,-89.14138,28.1655,28.465925
2,42.0,-89.19214,28.345179,-89.26384,-89.14728,28.160238,28.452953
2,43.0,-89.20014,28.336927,-89.27365,-89.15453,28.155834,28.440733
2,44.0,-89.209435,28.329453,-89.28322,-89.1625,28.152931,28.429905
2,45.0,-89.21962,28.322893,-89.29408,-89.17191,28.150547,28.42099
2,46.0,-89.22992,28.31765,-89.30536,-89.18133,28.14832,28.413458
2,47.0,-89.2396,28.313923,-89.31468,-89.18941,28.145906,28.408243
2,48.0,-89.248116,28.312153,-89.32358,-89.197365,28.145096,28.40649
2,49.0,-89.255646,28.311884,-89.33041,-89.20409,28.144997,28.407236
2,50.0,-89.261986,28.312695,-89.33654,-89.20992,28.145664,28.409344
2,51.0,-89.26714,28.313875,-89.341,-89.21389,28.145702,28.412827
2,52.0,-89.270966,28.315186,-89.34552,-89.21821,28.14504,28.415682
2,53.0,-89.27371,28.3161,-89.34976,-89.22052,28.144987,28.41867
2,54.0,-89.27499,28.316362,-89.35351,-89.221405,28.144045,28.42073
2,55.0,-89.27477,28.31531,-89.35637,-89.220184,28.141836,28.420284
2,56.0,-89.27308,28.312757,-89.35872,-89.21739,28.140963,28.417725
2,57.0,-89.270226,28.308256,-89.361465,-89.21329,28.137812,28.411942
2,58.0,-89.26724,28.301329,-89.36359,-89.20876,28.134779,28.403534
2,59.0,-89.26525,28.292074,-89.365486,-89.20644,28.127048,28.390991
2,60.0,-89.2647,28.281199,-89.36873,-89.20402,28.12097,28.376698
2,61.0,-89.266235,28.269552,-89.37363,-89.204895,28.112928,28.361496
2,62.0,-89.269905,28.257654,-89.37976,-89.20821,28.10569,28.346024
2,63.0,-89.274956,28.245865,-89.38792,-89.21127,28.09864,28.332148
2,64.0,-89.2811,28.234358,-89.395485,-89.21747,28.089943,28.317474
2,65.0,-89.2884,28.223198,-89.40472,-89.22415,28.081438,28.303802
2,66.0,-89.296524,28.212439,-89.41418,-89.23089,28.07433,28.289923
2,67.0,-89.30537,28.202213,-89.42506,-89.23932,28.069624,28.277523
2,68.0,-89.31491,28.192865,-89.43652,-89.248856,28.063715,28.265917
2,69.0,-89.32471,28.184465,-89.44767,-89.259415,28.059818,28.255608
2,70.0,-89.33442,28.17703,-89.45826,-89.26958,28.056028,28.2462
2,71.0,-89.343765,28.170446,-89.46804,-89.27778,28.052996,28.23757
2,72.0,-89.352455,28.164942,-89.47756,-89.286934,28.05108,28.2299
3,0.0,-89.18807,28.16437,-89.22138,-89.15137,28.128557,28.200212
3,1.0,-89.1928,28.171444,-89.22656,-89.155235,28.137041,28.20868
3,2.0,-89.19731,28.1782,-89.23206,-89.15892,28.143286,28.216084
3,3.0,-89.20179,28.184343,-89.2376,-89.16328,28.148266,28.222229
3,4.0,-89.20656,28.19023,-89.243484,-89.167244,28.152222,28.22984
3,5.0,-89.21193,28.196157,-89.249275,-89.17155,28.154278,28.236639
3,6.0,-89.21765,28.202032,-89.2557,-89.17627,28.156713,28.245686
3,7.0,-89.22411,28.20851,-89.26341,-89.18273,28.158796,28.25506
3,8.0,-89.230965,28.215515,-89.27159,-89.188156,28.161648,28.266073
3,9.0,-89.23801,28.223085,-89.27929,-89.19347,28.164524,28.277493
3,10.0,-89.24516,28.23137,-89.2869,-89.19965,28.167805,28.290869
3,11.0,-89.251945,28.240496,-89.294136,-89.20567,28.16943,28.304153
3,12.0,-89.25809,28.249613,-89.30006,-89.21262,28.17361,28.317978
3,13.0,-89.263504,28.258568,-89.30521,-89.21798,28.176085,28.331053
3,14.0,-89.26835,28.267494,-89.30934,-89.22315,28.178358,28.344963
3,15.0,-89.27277,28.276405,-89.313225,-89.229,28.180624,28.359745
3,16.0,-89.276474,28.28551,-89.31585,-89.23281,28.18292,28.373426
3,17.0,-89.27903,28.29445,-89.31768,-89.23647,28.185455,28.387163
3,18.0,-89.280304,28.303032,-89.31723,-89.23985,28.188253,28.400448
3,19.0,-89.28088,28.311329,-89.31632,-89.242065,28.191679,28.41255
3,20.0,-89.28064,28.319407,-89.315285,-89.242966,28.193018,28.424881
3,21.0,-89.27953,28.326881,-89.31348,-89.24285,28.195677,28.435581
3,22.0,-89.27812,28.333426,-89.31129,-89.24158,28.197596,28.44404
3,23.0,-89.27628,28.339073,-89.30949,-89.23937,28.199738,28.45134
3,24.0,-89.27434,28.343649,-89.307526,-89.23758,28.199219,28.457151
3,25.0,-89.27317,28.347107,-89.30786,-89.23566,28.198055,28.462042
3,26.0,-89.27273,28.350534,-89.30759,-89.23491,28.197908,28.466507
3,27.0,-89.27309,28.354332,-89.30917,-89.2346,28.19651,28.473915
3,28.0,-89.27445,28.35885,-89.311455,-89.2352,28.195524,28.481947
3,29.0,-89.27592,28.363493,-89.31367,-89.23621,28.195414,28.489609
3,30.0,-89.2763,28.367434,-89.31503,-89.236595,28.193996,28.495588
3,31.0,-89.27525,28.370647,-89.31486,-89.23428,28.192783,28.500132
3,32.0,-89.273445,28.373915,-89.31424,-89.23162,28.193014,28.505178
3,33.0,-89.27108,28.37724,-89.31395,-89.22764,28.19135,28.509779
3,34.0,-89.26739,28.379448,-89.31162,-89.22158,28.189915,28.51348
3,35.0,-89.26221,28.37952,-89.30784,-89.21335,28.187801,28.512762
3,36.0,-89.2568,28.377474,-89.30618,-89.205315,28.185658,28.509743
3,37.0,-89.2524,28.37283,-89.30623,-89.19791,28.182064,28.502304
3,38.0,-89.2504,28.365147,-89.309456,-89.192505,28.176975,28.490519
3,39.0,-89.251656,28.355526,-89.31404,-89.190796,28.171568,28.47563
3,40.0,-89.25529,28.345495,-89.32184,-89.19232,28.166178,28.460274
3,41.0,-89.26078,28.335527,-89.33022,-89.19681,28.161676,28.44507
3,42.0,-89.26807,28.326115,-89.33908,-89.202614,28.157824,28.43064
3,43.0,-89.277,28.31752,-89.3497,-89.21074,28.153837,28.417633
3,44.0,-89.287346,28.30969,-89.361145,-89.219574,28.149965,28.405941
3,45.0,-89.29876,28.303038,-89.37321,-89.22975,28.146477,28.395224
3,46.0,-89.3105,28.29781,-89.384705,-89.24028,28.14392,28.38715
3,47.0,-89.321495,28.294277,-89.39736,-89.24908,28.142952,28.381844
3,48.0,-89.33118,28.292656,-89.40853,-89.25728,28.143404,28.379091
3,49.0,-89.3396,28.292582,-89.41985,-89.26446,28.144272,28.37924
3,50.0,-89.34695,28.29364,-89.42826,-89.26992,28.14479,28.38161
3,51.0,-89.3528,28.295033,-89.434845,-89.27554,28.14479,28.384611
3,52.0,-89.35702,28.296608,-89.44037,-89.27875,28.144974,28.388342
3,53.0,-89.359825,28.297884,-89.44435,-89.27995,28.143421,28.391
3,54.0,-89.36112,28.298267,-89.44737,-89.27985,28.142664,28.392511
3,55.0,-89.3607,28.297333,-89.44824,-89.279015,28.141989,28.39246
3,56.0,-89.35876,28.294842,-89.44522,-89.274734,28.138613,28.389795
3,57.0,-89.355835,28.290243,-89.446075,-89.27116,28.135357,28.384668
3,58.0,-89.35299,28.283249,-89.446075,-89.26687,28.130903,28.375315
3,59.0,-89.35087,28.274048,-89.44552,-89.263145,28.125196,28.363014
3,60.0,-89.35046,28.263174,-89.44835,-89.261024,28.11894,28.348444
3,61.0,-89.35225,28.251722,-89.45494,-89.26159,28.10855,28.333149
3,62.0,-89.35617,28.240162,-89.460464,-89.264206,28.101685,28.31832
3,63.0,-89.3617,28.228628,-89.469055,-89.26941,28.093996,28.30407
3,64.0,-89.36821,28.217436,-89.47845,-89.27468,28.085146,28.289452
3,65.0,-89.375786,28.206585,-89.48673,-89.28158,28.077953,28.275806
3,66.0,-89.38443,28.196264,-89.49779,-89.28877,28.069712,28.263155
3,67.0,-89.393654,28.186571,-89.5093,-89.29729,28.065283,28.251255
3,68.0,-89.40348,28.177744,-89.51971,-89.3059,28.059853,28.24036
3,69.0,-89.413605,28.169893,-89.530785,-89.31557,28.055475,28.230385
3,70.0,-89.42379,28.16295,-89.540985,-89.325264,28.0518,28.22125
3,71.0,-89.43339,28.156923,-89.55161,-89.334465,28.048946,28.213448
3,72.0,-89.442665,28.15194,-89.56211,-89.34314,28.048077,28.207315
7,0.0,-88.87289,28.147928,-88.88037,-88.862595,28.141298,28.153656
7,1.0,-88.87685,28.152113,-88.88543,-88.86642,28.143795,28.159101
7,2.0,-88.881134,28.15551,-88.890945,-88.870384,28.145044,28.165253
7,3.0,-88.88577,28.15845,-88.897415,-88.87417,28.144218,28.172417
7,4.0,-88.89054,28.161476,-88.904,-88.87814,28.142607,28.179382
7,5.0,-88.89595,28.164806,-88.91124,-88.881744,28.140894,28.187426
7,6.0,-88.90159,28.168411,-88.91808,-88.88604,28.139034,28.196548
7,7.0,-88.90786,28.172447,-88.92567,-88.89077,28.137222,28.206093
7,8.0,-88.91492,28.177303,-88.934364,-88.89597,28.135313,28.21673
7,9.0,-88.92245,28.182787,-88.944046,-88.90126,28.13456,28.227924
7,10.0,-88.929825,28.189228,-88.952736,-88.9074,28.134275,28.241198
7,11.0,-88.936806,28.19649,-88.96036,-88.91374,28.134087,28.254622
7,12.0,-88.94317,28.203926,-88.96699,-88.91923,28.134052,28.268276
7,13.0,-88.94861,28.211357,-88.97186,-88.924965,28.13432,28.281391
7,14.0,-88.95331,28.219074,-88.97558,-88.93009,28.134789,28.295149
7,15.0,-88.957596,28.22695,-88.9801,-88.93451,28.135113,28.30829
7,16.0,-88.96108,28.235073,-88.98257,-88.938675,28.13578,28.321943
7,17.0,-88.96349,28.243067,-88.984375,-88.94153,28.135937,28.336132
7,18.0,-88.96452,28.25074,-88.98464,-88.94434,28.13656,28.34864
7,19.0,-88.964455,28.258102,-88.982925,-88.94541,28.136902,28.360935
7,20.0,-88.96366,28.2652,-88.98122,-88.945435,28.136902,28.37287
7,21.0,-88.96237,28.271864,-88.97899,-88.94531,28.136812,28.384338
7,22.0,-88.96059,28.277842,-88.97729,-88.94413,28.13636,28.394543
7,23.0,-88.958405,28.282804,-88.97508,-88.94222,28.135324,28.403902
7,24.0,-88.9557,28.286596,-88.971825,-88.93979,28.133419,28.4114
7,25.0,-88.95296,28.288916,-88.96926,-88.93673,28.130116,28.417013
7,26.0,-88.95108,28.291,-88.96721,-88.934044,28.127363,28.422588
7,27.0,-88.950485,28.293394,-88.96777,-88.933334,28.123383,28.429298
7,28.0,-88.9511,28.296516,-88.968124,-88.93382,28.118744,28.438332
7,29.0,-88.95242,28.300352,-88.969574,-88.93448,28.11454,28.44788
7,30.0,-88.9534,28.304098,-88.97147,-88.93406,28.110708,28.45729
7,31.0,-88.953354,28.307112,-88.972786,-88.93254,28.106613,28.464851
7,32.0,-88.95242,28.309927,-88.975426,-88.92961,28.102913,28.472347
7,33.0,-88.9509,28.312897,-88.9783,-88.925354,28.099434,28.480165
7,34.0,-88.94817,28.315565,-88.98124,-88.91946,28.095043,28.48697
7,35.0,-88.9444,28.316563,-88.98454,-88.911865,28.091211,28.489605
7,36.0,-88.93989,28.314985,-88.98926,-88.90227,28.088644,28.489124
7,37.0,-88.93581,28.31122,-88.9935,-88.89426,28.083443,28.48587
7,38.0,-88.9333,28.304918,-88.99806,-88.887344,28.077969,28.47827
7,39.0,-88.93452,28.296698,-89.00359,-88.88783,28.072195,28.468336
7,40.0,-88.93876,28.288023,-89.00953,-88.89244,28.065584,28.457636
7,41.0,-88.94474,28.27943,-89.017334,-88.89879,28.060055,28.447615
7,42.0,-88.95205,28.271355,-89.02556,-88.90618,28.054512,28.438566
7,43.0,-88.960396,28.263935,-89.034744,-88.9149,28.048191,28.430313
7,44.0,-88.96932,28.257114,-89.04408,-88.92416,28.043327,28.423185
7,45.0,-88.97897,28.251196,-89.0535,-88.93433,28.039045,28.417273
7,46.0,-88.98899,28.246246,-89.06327,-88.94492,28.03463,28.410707
7,47.0,-88.99875,28.24264,-89.07272,-88.955475,28.03242,28.40737
7,48.0,-89.00775,28.240849,-89.081116,-88.96522,28.029922,28.406906
7,49.0,-89.01598,28.240805,-89.0892,-88.973724,28.027702,28.407291
7,50.0,-89.023346,28.242037,-89.09618,-88.98213,28.027544,28.410685
7,51.0,-89.0297,28.244013,-89.10223,-88.9893,28.026505,28.414762
7,52.0,-89.03473,28.246395,-89.107574,-88.99365,28.025038,28.41987
7,53.0,-89.038376,28.248972,-89.11284,-88.99674,28.0239,28.426115
7,54.0,-89.04039,28.251154,-89.11736,-88.997154,28.02291,28.430471
7,55.0,-89.04066,28.252304,-89.12139,-88.99515,28.02031,28.43339
7,56.0,-89.03901,28.251936,-89.12472,-88.991516,28.01662,28.434668
7,57.0,-89.03604,28.24941,-89.12728,-88.98521,28.013615,28.432861
7,58.0,-89.03244,28.244324,-89.1287,-88.97914,28.008945,28.427565
7,59.0,-89.029465,28.236301,-89.131546,-88.97278,28.00227,28.4186
7,60.0,-89.02818,28.226189,-89.13508,-88.969894,27.99503,28.407408
7,61.0,-89.02915,28.214798,-89.139366,-88.969666,27.987244,28.394196
7,62.0,-89.03252,28.202705,-89.14435,-88.973045,27.977573,28.379965
7,63.0,-89.03778,28.190544,-89.15057,-88.97846,27.969429,28.365965
7,64.0,-89.04463,28.178366,-89.15865,-88.98532,27.961407,28.352013
7,65.0,-89.052864,28.166698,-89.16669,-88.99369,27.952858,28.339691
7,66.0,-89.06241,28.1555,-89.1758,-89.003395,27.945095,28.326183
7,67.0,-89.07307,28.145031,-89.18623,-89.0155,27.937302,28.313978
7,68.0,-89.08476,28.135427,-89.19573,-89.02838,27.932379,28.302546
7,69.0,-89.09713,28.127043,-89.20715,-89.04262,27.926052,28.292515
7,70.0,-89.109856,28.119907,-89.21759,-89.05701,27.920662,28.284344
7,71.0,-89.12211,28.113985,-89.22714,-89.071075,27.91694,28.276506
7,72.0,-89.13412,28.109396,-89.23745,-89.08532,27.91386,28.271019
12,0.0,-90.21804,27.388868,-90.22236,-90.21424,27.379765,27.397934
12,1.0,-90.223526,27.386776,-90.22893,-90.21838,27.376686,27.397121
12,2.0,-90.23004,27.384985,-90.2368,-90.22346,27.372473,27.398355
12,3.0,-90.23766,27.382948,-90.24643,-90.228775,27.367098,27.399504
12,4.0,-90.2465,27.381334,-90.257164,-90.23501,27.36189,27.401398
12,5.0,-90.25648,27.38076,-90.26928,-90.24249,27.356207,27.40563
12,6.0,-90.267204,27.38142,-90.28315,-90.249794,27.351263,27.410215
12,7.0,-90.27824,27.383678,-90.297005,-90.257095,27.348177,27.417637
12,8.0,-90.289,27.387644,-90.31096,-90.2642,27.345558,27.426594
12,9.0,-90.29932,27.392931,-90.32436,-90.27087,27.344656,27.437788
12,10.0,-90.30885,27.399323,-90.3371,-90.27712,27.344301,27.450117
12,11.0,-90.31736,27.406713,-90.34883,-90.28195,27.344645,27.464142
12,12.0,-90.32397,27.413958,-90.35711,-90.28574,27.345116,27.478409
12,13.0,-90.32938,27.420626,-90.36381,-90.288734,27.344837,27.49092
12,14.0,-90.333954,27.426884,-90.37032,-90.29029,27.34445,27.503263
12,15.0,-90.3379,27.432674,-90.37607,-90.29179,27.342712,27.51427
12,16.0,-90.34106,27.437954,-90.38097,-90.29227,27.341112,27.5256
12,17.0,-90.343475,27.442728,-90.38475,-90.292015,27.338795,27.536476
12,18.0,-90.34542,27.447048,-90.388794,-90.29112,27.335611,27.546993
12,19.0,-90.3469,27.451187,-90.39121,-90.29058,27.331953,27.557602
12,20.0,-90.34807,27.454714,-90.39409,-90.2891,27.327826,27.567326
12,21.0,-90.34872,27.457441,-90.3962,-90.28722,27.323212,27.576603
12,22.0,-90.34932,27.45931,-90.398285,-90.2855,27.31745,27.58536
12,23.0,-90.35001,27.460054,-90.40018,-90.28402,27.310293,27.592691
12,24.0,-90.35044,27.4598,-90.40153,-90.282166,27.302452,27.598377
12,25.0,-90.35098,27.45805,-90.40268,-90.28192,27.293858,27.601763
12,26.0,-90.35209,27.455278,-90.403175,-90.28276,27.284657,27.60377
12,27.0,-90.35414,27.452248,-90.40515,-90.28383,27.275442,27.605404
12,28.0,-90.35784,27.450377,-90.41016,-90.28627,27.26713,27.609713
12,29.0,-90.36247,27.449738,-90.41491,-90.289085,27.259602,27.615288
12,30.0,-90.36708,27.449377,-90.41857,-90.29376,27.251894,27.619837
12,31.0,-90.37077,27.448776,-90.42076,-90.298225,27.245136,27.623575
12,32.0,-90.37355,27.447506,-90.42094,-90.3028,27.23951,27.624153
12,33.0,-90.37535,27.445755,-90.422,-90.30576,27.233994,27.623194
12,34.0,-90.37585,27.444607,-90.420654,-90.308685,27.229006,27.623964
12,35.0,-90.374794,27.443884,-90.41769,-90.30973,27.225824,27.62538
12,36.0,-90.37395,27.441513,-90.415565,-90.311455,27.22235,27.623072
12,37.0,-90.37443,27.435963,-90.4162,-90.311646,27.217545,27.61595
12,38.0,-90.37691,27.42742,-90.42059,-90.3122,27.21289,27.604065
12,39.0,-90.38189,27.416653,-90.42927,-90.31298,27.207117,27.590218
12,40.0,-90.38887,27.40484,-90.43932,-90.31536,27.19957,27.57536
12,41.0,-90.397255,27.392641,-90.45114,-90.32112,27.192158,27.561
12,42.0,-90.40715,27.380781,-90.46503,-90.32585,27.184668,27.547367
12,43.0,-90.41851,27.369436,-90.479675,-90.33303,27.176508,27.535463
12,44.0,-90.43065,27.358461,-90.49436,-90.34039,27.168413,27.523645
12,45.0,-90.44312,27.348215,-90.50952,-90.34843,27.161207,27.512455
12,46.0,-90.45548,27.338432,-90.523926,-90.35765,27.153704,27.50129
12,47.0,-90.46711,27.32925,-90.53743,-90.3643,27.14805,27.491074
12,48.0,-90.47763,27.321348,-90.54947,-90.37086,27.142395,27.482462
12,49.0,-90.48746,27.31447,-90.56101,-90.37805,27.138302,27.475069
12,50.0,-90.49672,27.308477,-90.571945,-90.383575,27.133558,27.469196
12,51.0,-90.5054,27.30302,-90.58222,-90.38941,27.12961,27.463636
12,52.0,-90.51326,27.298166,-90.591675,-90.3941,27.126305,27.45947
12,53.0,-90.52039,27.293741,-90.59995,-90.39681,27.123207,27.455984
12,54.0,-90.52661,27.289297,-90.60791,-90.399315,27.119438,27.452652
12,55.0,-90.531876,27.28421,-90.61404,-90.40094,27.115614,27.446873
12,56.0,-90.53631,27.278154,-90.61951,-90.40126,27.111948,27.440374
12,57.0,-90.54001,27.270868,-90.62381,-90.40198,27.108475,27.432384
12,58.0,-90.543594,27.261597,-90.627945,-90.40159,27.104279,27.42139
12,59.0,-90.54759,27.25041,-90.63386,-90.40112,27.098335,27.40776
12,60.0,-90.55241,27.23813,-90.64099,-90.40231,27.09188,27.392393
12,61.0,-90.55853,27.22531,-90.65007,-90.40268,27.084476,27.375305
12,62.0,-90.56592,27.212727,-90.66051,-90.403755,27.078308,27.358694
12,63.0,-90.57416,27.200556,-90.67254,-90.404625,27.070953,27.343405
12,64.0,-90.58346,27.18901,-90.686356,-90.40729,27.064219,27.327917
12,65.0,-90.59369,27.17816,-90.70132,-90.410385,27.057222,27.314438
12,66.0,-90.60434,27.168049,-90.71747,-90.413216,27.050255,27.303019
12,67.0,-90.61519,27.158787,-90.73359,-90.41659,27.043077,27.291574
12,68.0,-90.62623,27.150492,-90.74974,-90.4207,27.036407,27.283276
12,69.0,-90.636925,27.142958,-90.765526,-90.42336,27.030775,27.27554
12,70.0,-90.64711,27.136166,-90.780174,-90.42768,27.024506,27.268612
12,71.0,-90.65632,27.129951,-90.79344,-90.429695,27.018957,27.262218
12,72.0,-90.664795,27.124165,-90.805504,-90.431305,27.013674,27.257296
15,0.0,-90.5674,27.355015,-90.57637,-90.56105,27.351194,27.359184
15,1.0,-90.57251,27.351841,-90.58146,-90.56503,27.345572,27.358253
15,2.0,-90.57888,27.348612,-90.58807,-90.57035,27.33854,27.358261
15,3.0,-90.58651,27.344803,-90.59699,-90.57656,27.330048,27.358912
15,4.0,-90.59517,27.341326,-90.60706,-90.58285,27.321325,27.360313
15,5.0,-90.605354,27.338663,-90.61981,-90.590164,27.313883,27.362814
15,6.0,-90.616745,27.337263,-90.63383,-90.59926,27.30711,27.367493
15,7.0,-90.62889,27.33775,-90.64897,-90.60785,27.301033,27.373285
15,8.0,-90.64162,27.340067,-90.664154,-90.617096,27.297247,27.3812
15,9.0,-90.65439,27.344215,-90.67933,-90.62626,27.294664,27.392311
15,10.0,-90.66649,27.350365,-90.694,-90.635506,27.293661,27.40468
15,11.0,-90.67739,27.358053,-90.705925,-90.64341,27.293165,27.419926
15,12.0,-90.68679,27.366556,-90.71747,-90.651306,27.29356,27.43436
15,13.0,-90.69458,27.375668,-90.72577,-90.65782,27.294334,27.44996
15,14.0,-90.70103,27.385355,-90.73325,-90.662704,27.296286,27.465727
15,15.0,-90.70559,27.394957,-90.738335,-90.66624,27.298204,27.481003
15,16.0,-90.70829,27.404257,-90.74193,-90.66811,27.300125,27.495962
15,17.0,-90.70926,27.41294,-90.74322,-90.66904,27.301065,27.51096
15,18.0,-90.708885,27.420998,-90.7435,-90.6676,27.301184,27.525188
15,19.0,-90.70697,27.428444,-90.741425,-90.66512,27.30071,27.539783
15,20.0,-90.70388,27.434616,-90.73771,-90.6621,27.298548,27.553127
15,21.0,-90.699905,27.439247,-90.73232,-90.65798,27.294895,27.563614
15,22.0,-90.69548,27.442368,-90.72746,-90.65515,27.290154,27.573711
15,23.0,-90.69121,27.443672,-90.72188,-90.650925,27.283873,27.581875
15,24.0,-90.68668,27.442888,-90.716034,-90.647484,27.275816,27.586561
15,25.0,-90.68214,27.439432,-90.71013,-90.64493,27.266478,27.588152
15,26.0,-90.67836,27.433891,-90.70441,-90.643524,27.256098,27.587149
15,27.0,-90.67674,27.427277,-90.70193,-90.643135,27.242977,27.584955
15,28.0,-90.67704,27.42156,-90.70161,-90.64372,27.230988,27.586037
15,29.0,-90.678856,27.41672,-90.70268,-90.64667,27.218735,27.586823
15,30.0,-90.68167,27.412052,-90.7048,-90.65089,27.207285,27.58678
15,31.0,-90.684875,27.407335,-90.70767,-90.65698,27.197006,27.586246
15,32.0,-90.688255,27.402681,-90.71054,-90.66209,27.188463,27.58344
15,33.0,-90.69166,27.39873,-90.71567,-90.666534,27.180725,27.582016
15,34.0,-90.69469,27.39603,-90.71973,-90.669304,27.174412,27.581745
15,35.0,-90.69689,27.393776,-90.72454,-90.67023,27.16928,27.581743
15,36.0,-90.6999,27.39035,-90.73022,-90.67034,27.165758,27.57818
15,37.0,-90.70464,27.384474,-90.7363,-90.67345,27.162182,27.57039
15,38.0,-90.711464,27.376942,-90.743484,-90.67964,27.158672,27.559635
15,39.0,-90.72006,27.368776,-90.7536,-90.68805,27.154814,27.548594
15,40.0,-90.72976,27.360449,-90.76261,-90.69817,27.150946,27.536917
15,41.0,-90.74006,27.352425,-90.77205,-90.709045,27.1466,27.526674
15,42.0,-90.75105,27.345179,-90.78355,-90.71988,27.142456,27.517443
15,43.0,-90.76233,27.338367,-90.7945,-90.72993,27.138912,27.509686
15,44.0,-90.773544,27.332031,-90.80461,-90.73957,27.135614,27.502338
15,45.0,-90.78411,27.32583,-90.81539,-90.74866,27.131088,27.49532
15,46.0,-90.794106,27.319597,-90.82484,-90.7573,27.126526,27.489101
15,47.0,-90.803116,27.313469,-90.83389,-90.76556,27.12252,27.482513
15,48.0,-90.81102,27.30808,-90.84184,-90.77177,27.11774,27.477196
15,49.0,-90.81837,27.30285,-90.84949,-90.77855,27.11355,27.47248
15,50.0,-90.82512,27.297731,-90.856514,-90.78402,27.107424,27.469044
15,51.0,-90.83131,27.292522,-90.86292,-90.78847,27.10193,27.465351
15,52.0,-90.83711,27.287176,-90.86835,-90.79364,27.095789,27.460144
15,53.0,-90.84251,27.281775,-90.87473,-90.7978,27.08947,27.455833
15,54.0,-90.84757,27.27586,-90.879715,-90.802864,27.08369,27.450497
15,55.0,-90.8525,27.26932,-90.88542,-90.80707,27.077318,27.445065
15,56.0,-90.857414,27.262003,-90.891,-90.810745,27.07169,27.436996
15,57.0,-90.862335,27.25348,-90.89702,-90.81467,27.065756,27.427162
15,58.0,-90.86779,27.24339,-90.90397,-90.82014,27.059809,27.41478
15,59.0,-90.87439,27.23198,-90.91211,-90.82438,27.052475,27.40022
15,60.0,-90.8824,27.21967,-90.92123,-90.828926,27.044676,27.383926
15,61.0,-90.8921,27.207232,-90.93332,-90.83513,27.036816,27.36807
15,62.0,-90.9035,27.195538,-90.945656,-90.84217,27.030453,27.352186
15,63.0,-90.91622,27.185087,-90.9592,-90.84795,27.024797,27.338142
15,64.0,-90.93,27.175724,-90.9745,-90.85639,27.018175,27.32539
15,65.0,-90.94446,27.167757,-90.99015,-90.86457,27.013779,27.313484
15,66.0,-90.95912,27.161053,-91.00528,-90.872604,27.008987,27.304754
15,67.0,-90.97379,27.155731,-91.02125,-90.88135,27.006058,27.296354
15,68.0,-90.987946,27.151701,-91.03629,-90.88952,27.002983,27.29149
15,69.0,-91.00124,27.148956,-91.05079,-90.89714,26.999495,27.28721
15,70.0,-91.01335,27.146915,-91.06407,-90.90345,26.997223,27.284748
15,71.0,-91.02398,27.145128,-91.07632,-90.909584,26.994287,27.282469
15,72.0,-91.03324,27.143696,-91.086235,-90.91453,26.993954,27.28045
16,0.0,-89.5256,27.199492,-89.532196,-89.52034,27.19599,27.20234
16,1.0,-89.52283,27.204954,-89.53032,-89.51648,27.199793,27.209976
16,2.0,-89.52075,27.209879,-89.52902,-89.512955,27.20105,27.217983
16,3.0,-89.51967,27.2141,-89.529396,-89.50984,27.201153,27.226404
16,4.0,-89.519775,27.21832,-89.531555,-89.507744,27.201065,27.234861
16,5.0,-89.52098,27.22305,-89.535324,-89.506516,27.201035,27.244333
16,6.0,-89.523445,27.228498,-89.540054,-89.50571,27.201038,27.254692
16,7.0,-89.52679,27.235,-89.54677,-89.50514,27.201332,27.266327
16,8.0,-89.53065,27.242964,-89.55341,-89.50493,27.202286,27.279806
16,9.0,-89.53477,27.252172,-89.560455,-89.50542,27.203672,27.29544
16,10.0,-89.53883,27.263102,-89.567276,-89.50523,27.207603,27.312199
16,11.0,-89.54236,27.275496,-89.573395,-89.50576,27.211502,27.331587
16,12.0,-89.54483,27.288374,-89.57792,-89.50577,27.21574,27.350193
16,13.0,-89.54667,27.301083,-89.581856,-89.50536,27.220165,27.368496
16,14.0,-89.54794,27.313576,-89.5848,-89.50433,27.224758,27.385942
16,15.0,-89.54872,27.326021,-89.58728,-89.50249,27.230328,27.40312
16,16.0,-89.54896,27.338411,-89.589035,-89.50049,27.234333,27.420792
16,17.0,-89.54846,27.350521,-89.59069,-89.49747,27.239174,27.438143
16,18.0,-89.54725,27.361887,-89.590546,-89.494194,27.24265,27.454737
16,19.0,-89.545334,27.372728,-89.58956,-89.490036,27.24721,27.470106
16,20.0,-89.5434,27.383076,-89.588455,-89.48559,27.251038,27.485062
16,21.0,-89.541664,27.39294,-89.5881,-89.48001,27.253914,27.500206
16,22.0,-89.540535,27.40206,-89.589,-89.47586,27.256489,27.514547
16,23.0,-89.53974,27.410515,-89.589165,-89.47164,27.257732,27.528124
16,24.0,-89.53912,27.418383,-89.58922,-89.46745,27.258348,27.540802
16,25.0,-89.53942,27.42534,-89.58998,-89.4643,27.25848,27.551605
16,26.0,-89.540436,27.431456,-89.59193,-89.46236,27.258457,27.561926
16,27.0,-89.5425,27.43746,-89.59556,-89.4608,27.258104,27.572325
16,28.0,-89.545685,27.444187,-89.6001,-89.46039,27.257866,27.584454
16,29.0,-89.54957,27.451956,-89.60444,-89.46054,27.258232,27.598156
16,30.0,-89.55321,27.460102,-89.60889,-89.461136,27.258465,27.61193
16,31.0,-89.55599,27.46834,-89.61093,-89.46157,27.260342,27.624758
16,32.0,-89.55719,27.47589,-89.61009,-89.46445,27.26213,27.634483
16,33.0,-89.55669,27.482328,-89.60805,-89.4654,27.263767,27.64254
16,34.0,-89.55483,27.488955,-89.604645,-89.46452,27.265802,27.651081
16,35.0,-89.55174,27.4956,-89.59887,-89.46361,27.269306,27.659868
16,36.0,-89.547646,27.500757,-89.59271,-89.46251,27.270943,27.66572
16,37.0,-89.543526,27.503912,-89.587234,-89.46152,27.272903,27.667902
16,38.0,-89.54044,27.504236,-89.58333,-89.46056,27.274534,27.666101
16,39.0,-89.54013,27.501453,-89.5841,-89.46062,27.275536,27.659119
16,40.0,-89.54332,27.496397,-89.58963,-89.4607,27.275267,27.650219
16,41.0,-89.5494,27.490171,-89.597984,-89.46174,27.27462,27.64
16,42.0,-89.55794,27.483694,-89.61056,-89.465355,27.27261,27.630377
16,43.0,-89.56876,27.477457,-89.623726,-89.47017,27.270164,27.62185
16,44.0,-89.58085,27.471676,-89.63946,-89.47601,27.268866,27.613695
16,45.0,-89.594124,27.46651,-89.6554,-89.48335,27.267193,27.605492
16,46.0,-89.607925,27.462086,-89.67292,-89.491295,27.26526,27.600834
16,47.0,-89.62154,27.458855,-89.68893,-89.500374,27.264626,27.596321
16,48.0,-89.634476,27.457222,-89.70368,-89.508545,27.264894,27.594845
16,49.0,-89.64654,27.457066,-89.71703,-89.51702,27.266912,27.595505
16,50.0,-89.6579,27.458035,-89.72954,-89.52528,27.268894,27.597038
16,51.0,-89.668106,27.459812,-89.74069,-89.53275,27.271585,27.59848
16,52.0,-89.67694,27.462114,-89.750565,-89.53905,27.275684,27.601248
16,53.0,-89.684586,27.464676,-89.757904,-89.54331,27.280533,27.603739
16,54.0,-89.69101,27.467213,-89.76461,-89.54749,27.284332,27.606403
16,55.0,-89.69606,27.469152,-89.77016,-89.550224,27.288671,27.607084
16,56.0,-89.69976,27.46987,-89.77321,-89.55185,27.293003,27.60555
16,57.0,-89.70207,27.468794,-89.77489,-89.55264,27.295141,27.601812
16,58.0,-89.70378,27.46511,-89.7764,-89.551994,27.296856,27.59434
16,59.0,-89.70547,27.458742,-89.77787,-89.55148,27.297037,27.58374
16,60.0,-89.70776,27.45039,-89.7812,-89.55091,27.295057,27.57046
16,61.0,-89.71172,27.44097,-89.78606,-89.55082,27.291367,27.556463
16,62.0,-89.71758,27.431059,-89.79402,-89.5529,27.289011,27.542868
16,63.0,-89.72518,27.42103,-89.80423,-89.555214,27.285175,27.529263
16,64.0,-89.7344,27.411018,-89.81661,-89.55885,27.28108,27.51542
16,65.0,-89.74498,27.401346,-89.830185,-89.564,27.277641,27.502905
16,66.0,-89.75648,27.392065,-89.8442,-89.57062,27.272871,27.490294
16,67.0,-89.76871,27.383673,-89.859856,-89.578926,27.269558,27.47979
16,68.0,-89.781624,27.376036,-89.87598,-89.5883,27.266426,27.47011
16,69.0,-89.79489,27.36956,-89.89237,-89.59679,27.265236,27.4625
16,70.0,-89.80809,27.363895,-89.90829,-89.60742,27.263498,27.454943
16,71.0,-89.821,27.358946,-89.92313,-89.61663,27.263132,27.448887
16,72.0,-89.83337,27.35515,-89.93686,-89.62571,27.26311,27.443762
17,0.0,-90.42395,27.12665,-90.433014,-90.4123,27.12357,27.129148
17,1.0,-90.4233,27.125946,-90.43361,-90.41165,27.119884,27.131636
17,2.0,-90.42411,27.125021,-90.43484,-90.41193,27.115211,27.134567
17,3.0,-90.42618,27.123703,-90.438614,-90.41263,27.109188,27.137136
17,4.0,-90.42939,27.122643,-90.44325,-90.414604,27.103367,27.140594
17,5.0,-90.433716,27.122252,-90.44982,-90.41679,27.097492,27.144264
17,6.0,-90.43907,27.12278,-90.45829,-90.41932,27.092684,27.150148
17,7.0,-90.44497,27.124592,-90.46718,-90.421844,27.088957,27.157772
17,8.0,-90.45126,27.127995,-90.47655,-90.42484,27.086756,27.167284
17,9.0,-90.45751,27.13279,-90.486374,-90.427765,27.085415,27.178164
17,10.0,-90.463585,27.139103,-90.495895,-90.43024,27.084362,27.191473
17,11.0,-90.469,27.146585,-90.50529,-90.43175,27.08485,27.206018
17,12.0,-90.47296,27.154453,-90.51263,-90.43196,27.085857,27.220766
17,13.0,-90.47585,27.162462,-90.518074,-90.432556,27.086506,27.233917
17,14.0,-90.47768,27.170671,-90.522224,-90.43076,27.088465,27.247776
17,15.0,-90.47875,27.178669,-90.52679,-90.42847,27.090673,27.260778
17,16.0,-90.47881,27.186325,-90.52918,-90.42587,27.091412,27.274126
17,17.0,-90.477875,27.193417,-90.531,-90.42164,27.092188,27.286358
17,18.0,-90.476204,27.199959,-90.531494,-90.41673,27.091602,27.298386
17,19.0,-90.473946,27.205818,-90.53148,-90.410774,27.09072,27.309708
17,20.0,-90.47137,27.21091,-90.53035,-90.4044,27.089022,27.320623
17,21.0,-90.46868,27.215063,-90.53,-90.39779,27.085804,27.330212
17,22.0,-90.465866,27.218142,-90.52833,-90.39083,27.082033,27.338995
17,23.0,-90.46325,27.220205,-90.52739,-90.38471,27.077248,27.346117
17,24.0,-90.46106,27.22151,-90.52626,-90.37864,27.07247,27.35209
17,25.0,-90.45932,27.221514,-90.52477,-90.37263,27.066822,27.355556
17,26.0,-90.45807,27.220425,-90.52321,-90.369026,27.0601,27.35702
17,27.0,-90.457504,27.218754,-90.522995,-90.365585,27.053255,27.357697
17,28.0,-90.45816,27.217619,-90.524,-90.36361,27.04692,27.359371
17,29.0,-90.45987,27.217333,-90.526276,-90.36317,27.041084,27.362816
17,30.0,-90.4619,27.217752,-90.52788,-90.364716,27.036285,27.366419
17,31.0,-90.463524,27.21834,-90.52857,-90.36502,27.031368,27.369572
17,32.0,-90.46412,27.218735,-90.529236,-90.36429,27.027544,27.371363
17,33.0,-90.46371,27.218716,-90.52831,-90.3639,27.026337,27.372696
17,34.0,-90.462036,27.218845,-90.525894,-90.361855,27.024273,27.374205
17,35.0,-90.45884,27.219149,-90.522194,-90.35918,27.022923,27.37553
17,36.0,-90.45551,27.218079,-90.51941,-90.3553,27.021753,27.375635
17,37.0,-90.452995,27.214104,-90.51799,-90.35058,27.01957,27.37024
17,38.0,-90.45216,27.207327,-90.51959,-90.34666,27.016855,27.360006
17,39.0,-90.45387,27.198116,-90.52483,-90.34298,27.012476,27.346954
17,40.0,-90.45763,27.187529,-90.532646,-90.33978,27.007341,27.333012
17,41.0,-90.46326,27.17634,-90.542755,-90.3378,27.000706,27.318264
17,42.0,-90.47056,27.165264,-90.55481,-90.336174,26.994242,27.304947
17,43.0,-90.47945,27.154545,-90.56847,-90.337006,26.987057,27.292677
17,44.0,-90.48928,27.144264,-90.583374,-90.338104,26.979685,27.280071
17,45.0,-90.49953,27.134558,-90.59818,-90.34057,26.972801,27.270271
17,46.0,-90.50966,27.125135,-90.6128,-90.343185,26.96681,27.259867
17,47.0,-90.519394,27.116262,-90.62568,-90.347336,26.96094,27.249937
17,48.0,-90.528694,27.108528,-90.638405,-90.350235,26.95585,27.240183
17,49.0,-90.53757,27.101698,-90.65153,-90.352264,26.952116,27.232803
17,50.0,-90.54612,27.095686,-90.66343,-90.35585,26.948904,27.22686
17,51.0,-90.55397,27.090202,-90.673965,-90.35819,26.94652,27.21967
17,52.0,-90.56105,27.08517,-90.68373,-90.359215,26.943794,27.213737
17,53.0,-90.567474,27.080675,-90.69246,-90.3604,26.94141,27.207666
17,54.0,-90.57294,27.076765,-90.70118,-90.3605,26.940596,27.20313
17,55.0,-90.57742,27.072523,-90.70853,-90.359344,26.939028,27.197487
17,56.0,-90.580986,27.067665,-90.71445,-90.35699,26.938385,27.19029
17,57.0,-90.58372,27.062233,-90.721054,-90.353004,26.937569,27.181944
17,58.0,-90.58582,27.05529,-90.72575,-90.349464,26.93508,27.171358
17,59.0,-90.58777,27.046753,-90.73226,-90.343864,26.93339,27.158129
17,60.0,-90.58982,27.03704,-90.739075,-90.338585,26.928942,27.144161
17,61.0,-90.59268,27.02662,-90.74688,-90.3347,26.92401,27.129078
17,62.0,-90.59645,27.01599,-90.756966,-90.33172,26.918495,27.114223
17,63.0,-90.60094,27.005552,-90.767876,-90.32588,26.912264,27.100485
17,64.0,-90.606285,26.995438,-90.77971,-90.32204,26.905792,27.087261
17,65.0,-90.612656,26.98588,-90.793335,-90.31769,26.898771,27.07569
17,66.0,-90.61961,26.97672,-90.80827,-90.31598,26.893038,27.064919
17,67.0,-90.62698,26.968292,-90.823265,-90.31468,26.886475,27.055775
17,68.0,-90.634636,26.960865,-90.83796,-90.31319,26.87974,27.047375
17,69.0,-90.64209,26.954384,-90.851845,-90.31146,26.873358,27.041243
17,70.0,-90.649086,26.94863,-90.86458,-90.31018,26.867447,27.035152
17,71.0,-90.65517,26.943613,-90.87531,-90.30879,26.861712,27.03047
17,72.0,-90.66036,26.939213,-90.88593,-90.306915,26.85651,27.0261
18,0.0,-90.46325,27.12976,-90.47275,-90.45085,27.128149,27.131811
18,1.0,-90.462814,27.128729,-90.47274,-90.45005,27.123684,27.133617
18,2.0,-90.46348,27.12755,-90.47475,-90.45014,27.1182,27.135983
18,3.0,-90.46526,27.12583,-90.47818,-90.451584,27.112034,27.13874
18,4.0,-90.46823,27.124104,-90.483185,-90.45258,27.105354,27.142277
18,5.0,-90.472336,27.122923,-90.489365,-90.454185,27.099127,27.145517
18,6.0,-90.477646,27.12275,-90.49794,-90.456795,27.093662,27.150238
18,7.0,-90.48367,27.123775,-90.50746,-90.45938,27.089413,27.1575
18,8.0,-90.49008,27.126429,-90.517136,-90.46243,27.08648,27.16557
18,9.0,-90.496635,27.130636,-90.5269,-90.465454,27.08434,27.176512
18,10.0,-90.50303,27.136435,-90.536865,-90.46875,27.082468,27.188843
18,11.0,-90.5089,27.143587,-90.54607,-90.47145,27.082043,27.2027
18,12.0,-90.513275,27.151436,-90.5535,-90.47258,27.08276,27.216572
18,13.0,-90.51638,27.15969,-90.55846,-90.472336,27.084732,27.232433
18,14.0,-90.51828,27.168255,-90.56311,-90.47118,27.086538,27.246634
18,15.0,-90.519196,27.176874,-90.5667,-90.46899,27.088497,27.261133
18,16.0,-90.51913,27.185167,-90.56843,-90.46556,27.08982,27.275347
18,17.0,-90.51798,27.192923,-90.56911,-90.461716,27.091326,27.288712
18,18.0,-90.51576,27.199942,-90.569336,-90.456604,27.091373,27.301432
18,19.0,-90.51305,27.206102,-90.56836,-90.45043,27.090302,27.313374
18,20.0,-90.50998,27.211447,-90.5668,-90.44422,27.088757,27.32484
18,21.0,-90.506775,27.21564,-90.56514,-90.43677,27.085896,27.334545
18,22.0,-90.50349,27.218573,-90.56314,-90.42948,27.08188,27.342724
18,23.0,-90.5003,27.220383,-90.56221,-90.4231,27.077002,27.349794
18,24.0,-90.497444,27.22128,-90.55955,-90.416695,27.071352,27.354975
18,25.0,-90.4953,27.220646,-90.55765,-90.41128,27.064758,27.357176
18,26.0,-90.49359,27.218924,-90.55558,-90.406975,27.058186,27.357668
18,27.0,-90.49265,27.216661,-90.555275,-90.404366,27.051218,27.357586
18,28.0,-90.492966,27.214725,-90.55653,-90.40149,27.044292,27.35775
18,29.0,-90.49439,27.213608,-90.5583,-90.40145,27.03681,27.359304
18,30.0,-90.49644,27.213362,-90.55921,-90.40239,27.03143,27.361837
18,31.0,-90.49825,27.21318,-90.56006,-90.402664,27.02605,27.363438
18,32.0,-90.499245,27.212902,-90.561165,-90.403114,27.022722,27.36496
18,33.0,-90.49919,27.21239,-90.5614,-90.40259,27.020538,27.365248
18,34.0,-90.49789,27.212011,-90.55972,-90.4003,27.0183,27.366547
18,35.0,-90.49519,27.212074,-90.556946,-90.39784,27.016531,27.36804
18,36.0,-90.492226,27.210758,-90.553955,-90.39447,27.014177,27.367302
18,37.0,-90.4901,27.206707,-90.55266,-90.39032,27.011688,27.36162
18,38.0,-90.48975,27.199833,-90.55486,-90.38688,27.008987,27.3513
18,39.0,-90.49175,27.190823,-90.56073,-90.38307,27.005278,27.338356
18,40.0,-90.495865,27.180494,-90.56908,-90.38113,26.999838,27.324268
18,41.0,-90.50174,27.169733,-90.57983,-90.378456,26.993631,27.309917
18,42.0,-90.509285,27.158918,-90.5919,-90.37893,26.986486,27.29667
18,43.0,-90.51826,27.148705,-90.60563,-90.3793,26.979008,27.28521
18,44.0,-90.527885,27.138712,-90.61994,-90.38154,26.972193,27.274023
18,45.0,-90.53795,27.129335,-90.63446,-90.383286,26.965803,27.26324
18,46.0,-90.54777,27.120079,-90.64861,-90.38553,26.959274,27.252916
18,47.0,-90.55728,27.111366,-90.66158,-90.38835,26.953562,27.242569
18,48.0,-90.56624,27.103672,-90.67407,-90.39194,26.948883,27.234745
18,49.0,-90.57478,27.096693,-90.68594,-90.39426,26.94509,27.22659
18,50.0,-90.58299,27.09055,-90.69773,-90.39624,26.941687,27.220171
18,51.0,-90.59058,27.084997,-90.708496,-90.398705,26.938725,27.213211
18,52.0,-90.59735,27.079693,-90.71714,-90.40027,26.936243,27.207155
18,53.0,-90.60345,27.074867,-90.72623,-90.4017,26.93445,27.200735
18,54.0,-90.6087,27.070675,-90.73469,-90.40159,26.932444,27.195072
18,55.0,-90.61314,27.066206,-90.741585,-90.39975,26.931437,27.188103
18,56.0,-90.61672,27.06127,-90.74862,-90.39823,26.930231,27.181034
18,57.0,-90.61952,27.055576,-90.754745,-90.39432,26.928875,27.172106
18,58.0,-90.62183,27.048414,-90.75997,-90.38998,26.927073,27.161798
18,59.0,-90.62401,27.039688,-90.766624,-90.38471,26.923553,27.148905
18,60.0,-90.626526,27.029732,-90.77371,-90.38054,26.920277,27.134243
18,61.0,-90.62979,27.019016,-90.782295,-90.37581,26.915077,27.118795
18,62.0,-90.63386,27.008354,-90.79231,-90.37117,26.910576,27.104342
18,63.0,-90.638916,26.998056,-90.80339,-90.36742,26.904772,27.091568
18,64.0,-90.64478,26.98811,-90.81706,-90.36417,26.896708,27.078615
18,65.0,-90.65152,26.97855,-90.83091,-90.36128,26.889452,27.0668
18,66.0,-90.65887,26.969604,-90.84531,-90.35916,26.882778,27.05604
18,67.0,-90.666595,26.96147,-90.860725,-90.35651,26.876287,27.04739
18,68.0,-90.67448,26.954329,-90.87558,-90.35536,26.869434,27.040485
18,69.0,-90.68226,26.948227,-90.88902,-90.354805,26.86319,27.034681
18,70.0,-90.68936,26.942816,-90.90185,-90.35411,26.856403,27.029772
18,71.0,-90.69563,26.938108,-90.914566,-90.35202,26.851503,27.024311
18,72.0,-90.700874,26.934004,-90.924576,-90.350365,26.845009,27.02064
19,0.0,-90.452934,27.109337,-90.47023,-90.43267,27.107248,27.111458
19,1.0,-90.45202,27.10836,-90.469315,-90.432365,27.102884,27.113182
19,2.0,-90.45265,27.107311,-90.47049,-90.433525,27.098284,27.115862
19,3.0,-90.45423,27.1058,-90.473076,-90.43539,27.092495,27.118484
19,4.0,-90.457085,27.104656,-90.47687,-90.43709,27.086998,27.12222
19,5.0,-90.46107,27.103884,-90.48236,-90.44,27.080742,27.12585
19,6.0,-90.465965,27.104036,-90.489235,-90.442314,27.075888,27.130684
19,7.0,-90.471825,27.105412,-90.49757,-90.44563,27.071405,27.137627
19,8.0,-90.47809,27.108335,-90.50647,-90.44843,27.068024,27.146254
19,9.0,-90.48436,27.112751,-90.51468,-90.45184,27.06601,27.156715
19,10.0,-90.490486,27.118845,-90.5239,-90.45413,27.064705,27.169136
19,11.0,-90.49603,27.12623,-90.53224,-90.45644,27.065056,27.183308
19,12.0,-90.5,27.134403,-90.53838,-90.45742,27.066017,27.19791
19,13.0,-90.50261,27.142986,-90.544586,-90.457535,27.068148,27.21223
19,14.0,-90.50407,27.151814,-90.548325,-90.45568,27.069666,27.226477
19,15.0,-90.50466,27.160492,-90.551414,-90.453094,27.071316,27.240276
19,16.0,-90.50411,27.16887,-90.55259,-90.45076,27.07276,27.253695
19,17.0,-90.50258,27.176794,-90.55312,-90.44583,27.07428,27.267208
19,18.0,-90.50014,27.183947,-90.55276,-90.44007,27.074203,27.279865
19,19.0,-90.49709,27.190454,-90.55179,-90.433304,27.073679,27.29223
19,20.0,-90.49397,27.196184,-90.551674,-90.4269,27.072016,27.303717
19,21.0,-90.49076,27.200743,-90.549255,-90.42045,27.06941,27.313639
19,22.0,-90.48758,27.204075,-90.54831,-90.4133,27.06659,27.322254
19,23.0,-90.48442,27.206348,-90.54625,-90.40619,27.061802,27.329222
19,24.0,-90.48166,27.207815,-90.54444,-90.398865,27.056482,27.33448
19,25.0,-90.47963,27.207876,-90.542915,-90.39284,27.050627,27.337776
19,26.0,-90.478195,27.206736,-90.54185,-90.38829,27.043587,27.339064
19,27.0,-90.47742,27.20513,-90.54127,-90.38549,27.03727,27.339392
19,28.0,-90.477844,27.204193,-90.542114,-90.38403,27.030674,27.34031
19,29.0,-90.47936,27.204134,-90.54383,-90.383545,27.024393,27.34331
19,30.0,-90.48133,27.204603,-90.54595,-90.38362,27.017853,27.346226
19,31.0,-90.48297,27.205324,-90.54742,-90.38456,27.013302,27.348425
19,32.0,-90.48357,27.205782,-90.54791,-90.38536,27.009682,27.34895
19,33.0,-90.48302,27.205883,-90.54747,-90.38412,27.00715,27.349773
19,34.0,-90.4812,27.20598,-90.54612,-90.38259,27.005852,27.351229
19,35.0,-90.47808,27.20645,-90.54258,-90.37893,27.004543,27.353415
19,36.0,-90.47454,27.20543,-90.53939,-90.375046,27.002554,27.352497
19,37.0,-90.47194,27.201529,-90.53839,-90.37077,27.00123,27.346718
19,38.0,-90.471085,27.194746,-90.539986,-90.36547,26.998482,27.337067
19,39.0,-90.47255,27.185558,-90.54474,-90.361984,26.994919,27.324512
19,40.0,-90.47644,27.175154,-90.55374,-90.360466,26.990082,27.310081
19,41.0,-90.48201,27.163868,-90.56326,-90.35771,26.983261,27.29593
19,42.0,-90.489494,27.15272,-90.57506,-90.357254,26.976797,27.282637
19,43.0,-90.49835,27.14218,-90.58853,-90.356255,26.970514,27.27076
19,44.0,-90.50809,27.131912,-90.60348,-90.35857,26.962929,27.2589
19,45.0,-90.518135,27.122051,-90.61739,-90.35987,26.95661,27.24704
19,46.0,-90.528076,27.112486,-90.63142,-90.361664,26.949842,27.236166
19,47.0,-90.537605,27.103489,-90.644585,-90.36458,26.944494,27.225796
19,48.0,-90.54663,27.095556,-90.6563,-90.36686,26.939518,27.216972
19,49.0,-90.55533,27.088507,-90.668655,-90.36963,26.935616,27.208662
19,50.0,-90.56368,27.082167,-90.67998,-90.37236,26.932547,27.201939
19,51.0,-90.57136,27.07649,-90.69012,-90.37494,26.929686,27.195192
19,52.0,-90.578476,27.071169,-90.69976,-90.377365,26.92768,27.188456
19,53.0,-90.58479,27.066475,-90.70901,-90.37846,26.925983,27.182768
19,54.0,-90.59029,27.0623,-90.717026,-90.37893,26.92456,27.176336
19,55.0,-90.59479,27.057991,-90.72543,-90.37729,26.923443,27.170433
19,56.0,-90.59834,27.053183,-90.73174,-90.37621,26.923552,27.16368
19,57.0,-90.600975,27.047535,-90.73776,-90.37207,26.922829,27.154797
19,58.0,-90.603,27.040348,-90.74298,-90.36637,26.921036,27.144037
19,59.0,-90.60498,27.031618,-90.74965,-90.36088,26.918102,27.13094
19,60.0,-90.60716,27.021648,-90.75606,-90.35651,26.91393,27.116869
19,61.0,-90.60991,27.010986,-90.76369,-90.35068,26.90934,27.101746
19,62.0,-90.61363,27.00018,-90.77452,-90.34553,26.903809,27.087635
19,63.0,-90.618126,26.989809,-90.785835,-90.3396,26.897903,27.07355
19,64.0,-90.62355,26.979746,-90.797165,-90.33568,26.892832,27.060375
19,65.0,-90.6299,26.970083,-90.81086,-90.333176,26.886053,27.049442
19,66.0,-90.63684,26.960844,-90.824196,-90.32996,26.878494,27.03818
19,67.0,-90.64421,26.952427,-90.838554,-90.327515,26.870916,27.029081
19,68.0,-90.651764,26.944841,-90.85207,-90.32615,26.861921,27.022064
19,69.0,-90.65911,26.938438,-90.8655,-90.326035,26.856207,27.015211
19,70.0,-90.66581,26.93267,-90.87799,-90.3246,26.851217,27.01044
19,71.0,-90.67179,26.927671,-90.8897,-90.322876,26.846577,27.005533
19,72.0,-90.67679,26.92338,-90.89916,-90.32069,26.842371,27.000992
21,0.0,-90.22152,27.032804,-90.22505,-90.21901,27.02724,27.03698
21,1.0,-90.22008,27.033302,-90.22484,-90.21551,27.02639,27.039516
21,2.0,-90.219864,27.033709,-90.226906,-90.21305,27.023764,27.043724
21,3.0,-90.2208,27.034155,-90.23003,-90.21138,27.021006,27.047943
21,4.0,-90.22305,27.035173,-90.234924,-90.21122,27.01734,27.05333
21,5.0,-90.22625,27.037216,-90.24105,-90.21089,27.01432,27.059826
21,6.0,-90.230156,27.040546,-90.2476,-90.21111,27.012564,27.068102
21,7.0,-90.23446,27.04531,-90.255165,-90.21162,27.011703,27.07809
21,8.0,-90.23868,27.051628,-90.262886,-90.2119,27.01139,27.090158
21,9.0,-90.24258,27.05927,-90.270256,-90.212326,27.01245,27.103628
21,10.0,-90.245834,27.06838,-90.27652,-90.21175,27.014559,27.118652
21,11.0,-90.24824,27.078602,-90.28185,-90.209755,27.016647,27.135227
21,12.0,-90.24884,27.089098,-90.28479,-90.20826,27.020277,27.151775
21,13.0,-90.247925,27.099335,-90.28612,-90.205,27.023836,27.166933
21,14.0,-90.24575,27.109346,-90.28542,-90.199776,27.02744,27.18161
21,15.0,-90.24271,27.118868,-90.284836,-90.19471,27.0306,27.19565
21,16.0,-90.23898,27.127928,-90.28346,-90.188354,27.033285,27.20911
21,17.0,-90.23408,27.136137,-90.28102,-90.18013,27.035599,27.221764
21,18.0,-90.2283,27.143244,-90.27686,-90.171715,27.03591,27.232609
21,19.0,-90.222,27.149584,-90.27299,-90.16194,27.03546,27.244057
21,20.0,-90.21581,27.155136,-90.269745,-90.15239,27.034101,27.253725
21,21.0,-90.20997,27.15977,-90.266785,-90.14292,27.0316,27.263493
21,22.0,-90.204636,27.163502,-90.26377,-90.134445,27.028313,27.271475
21,23.0,-90.19985,27.166325,-90.26168,-90.12587,27.024279,27.278025
21,24.0,-90.19554,27.168718,-90.25999,-90.118576,27.019869,27.284552
21,25.0,-90.192245,27.169933,-90.2584,-90.11222,27.014574,27.288544
21,26.0,-90.19014,27.170336,-90.258606,-90.1068,27.008886,27.29158
21,27.0,-90.18878,27.170437,-90.25897,-90.10277,27.003143,27.292929
21,28.0,-90.18844,27.171291,-90.26118,-90.09992,26.998028,27.297039
21,29.0,-90.18916,27.173018,-90.26386,-90.09794,26.992718,27.301645
21,30.0,-90.190186,27.17526,-90.266525,-90.09626,26.989012,27.306469
21,31.0,-90.190674,27.177755,-90.267815,-90.09469,26.98577,27.311562
21,32.0,-90.18986,27.180265,-90.26773,-90.09326,26.983654,27.315275
21,33.0,-90.18764,27.182535,-90.26575,-90.09142,26.982872,27.318033
21,34.0,-90.18366,27.185116,-90.26122,-90.08758,26.981766,27.320457
21,35.0,-90.17774,27.188227,-90.25406,-90.08239,26.983076,27.324244
21,36.0,-90.17135,27.190187,-90.24694,-90.07554,26.983578,27.325657
21,37.0,-90.164696,27.189728,-90.2405,-90.069244,26.983438,27.323235
21,38.0,-90.15837,27.186308,-90.235985,-90.061554,26.983421,27.316044
21,39.0,-90.154076,27.179838,-90.23436,-90.05453,26.981241,27.30449
21,40.0,-90.15233,27.17084,-90.23655,-90.04935,26.978668,27.290482
21,41.0,-90.1528,27.160313,-90.24215,-90.04515,26.974798,27.275352
21,42.0,-90.15556,27.149303,-90.25051,-90.04143,26.968805,27.26039
21,43.0,-90.1603,27.138107,-90.26106,-90.039055,26.962757,27.245766
21,44.0,-90.16654,27.127277,-90.27305,-90.03765,26.956562,27.231758
21,45.0,-90.17408,27.116909,-90.28676,-90.03764,26.950386,27.21856
21,46.0,-90.182144,27.107098,-90.29931,-90.037575,26.945217,27.205965
21,47.0,-90.19028,27.098087,-90.31197,-90.039825,26.94023,27.194239
21,48.0,-90.19786,27.090794,-90.32346,-90.04145,26.935371,27.184587
21,49.0,-90.204994,27.084774,-90.33558,-90.0423,26.932676,27.176613
21,50.0,-90.21162,27.080051,-90.346466,-90.04177,26.930166,27.170383
21,51.0,-90.217415,27.07629,-90.35571,-90.042625,26.927197,27.164234
21,52.0,-90.22225,27.072975,-90.36353,-90.042175,26.926626,27.159441
21,53.0,-90.22574,27.070177,-90.37001,-90.041016,26.924028,27.154503
21,54.0,-90.22806,27.06809,-90.37591,-90.038795,26.924149,27.150707
21,55.0,-90.22916,27.065828,-90.38011,-90.03827,26.92461,27.146255
21,56.0,-90.229004,27.062796,-90.38192,-90.034584,26.925545,27.139915
21,57.0,-90.22752,27.058475,-90.38349,-90.03055,26.925667,27.131968
21,58.0,-90.22498,27.05224,-90.38431,-90.02471,26.925179,27.121239
21,59.0,-90.22186,27.043966,-90.38357,-90.01785,26.923244,27.108446
21,60.0,-90.21862,27.03432,-90.38333,-90.01164,26.921766,27.093096
21,61.0,-90.21608,27.023525,-90.384285,-90.004456,26.9179,27.077229
21,62.0,-90.21436,27.012514,-90.3873,-89.9984,26.914213,27.062607
21,63.0,-90.21375,27.001644,-90.39167,-89.99315,26.910158,27.047903
21,64.0,-90.21399,26.990978,-90.397194,-89.98847,26.906599,27.034842
21,65.0,-90.215355,26.980263,-90.40309,-89.98463,26.901741,27.02196
21,66.0,-90.21736,26.969717,-90.40985,-89.981316,26.895191,27.00982
21,67.0,-90.22001,26.95947,-90.41608,-89.97874,26.888302,26.998104
21,68.0,-90.22314,26.95009,-90.42297,-89.97745,26.881788,26.988214
21,69.0,-90.22658,26.94153,-90.4308,-89.976074,26.876698,26.979452
21,70.0,-90.229965,26.933704,-90.43761,-89.97449,26.871954,26.97072
21,71.0,-90.232956,26.926731,-90.44427,-89.97388,26.86836,26.964111
21,72.0,-90.235405,26.920567,-90.450134,-89.972145,26.866028,26.957695
22,0.0,-90.25264,27.000986,-90.26703,-90.23614,26.998789,27.00328
22,1.0,-90.25061,27.00132,-90.26545,-90.2318,26.996023,27.006567
22,2.0,-90.24997,27.001657,-90.266045,-90.23035,26.992311,27.010668
22,3.0,-90.25062,27.002285,-90.268105,-90.23009,26.988686,27.015274
22,4.0,-90.25265,27.003273,-90.27238,-90.23178,26.984879,27.020721
22,5.0,-90.25536,27.005182,-90.27727,-90.233025,26.981617,27.027088
22,6.0,-90.25869,27.008144,-90.28301,-90.23387,26.979,27.034384
22,7.0,-90.262596,27.01271,-90.28962,-90.23507,26.977905,27.04396
22,8.0,-90.26655,27.018845,-90.296394,-90.23621,26.977833,27.054626
22,9.0,-90.27008,27.026398,-90.30231,-90.235825,26.97908,27.068298
22,10.0,-90.27311,27.03548,-90.3081,-90.23554,26.980896,27.083584
22,11.0,-90.27527,27.045715,-90.313644,-90.23409,26.983824,27.09968
22,12.0,-90.27557,27.05626,-90.31634,-90.23108,26.987648,27.116184
22,13.0,-90.27451,27.066551,-90.31676,-90.22699,26.991505,27.131365
22,14.0,-90.27206,27.076548,-90.31604,-90.22121,26.995186,27.145802
22,15.0,-90.26877,27.086166,-90.31425,-90.2152,26.999306,27.159618
22,16.0,-90.26452,27.095299,-90.3128,-90.20851,27.00198,27.172993
22,17.0,-90.2592,27.1036,-90.31015,-90.19959,27.004215,27.185438
22,18.0,-90.253174,27.110888,-90.30646,-90.18954,27.005033,27.19766
22,19.0,-90.24663,27.11745,-90.302536,-90.17941,27.005453,27.208656
22,20.0,-90.24003,27.123102,-90.29901,-90.16929,27.004595,27.219105
22,21.0,-90.23383,27.127735,-90.29533,-90.15962,27.002216,27.228918
22,22.0,-90.22825,27.131485,-90.29198,-90.15039,26.9982,27.237944
22,23.0,-90.22309,27.134462,-90.29079,-90.14025,26.993885,27.245152
22,24.0,-90.218315,27.136858,-90.28838,-90.13199,26.989412,27.251781
22,25.0,-90.214714,27.138264,-90.2878,-90.12474,26.984364,27.256466
22,26.0,-90.212105,27.138756,-90.287285,-90.11842,26.978294,27.260607
22,27.0,-90.21029,27.139029,-90.28802,-90.113434,26.972258,27.263956
22,28.0,-90.20965,27.139812,-90.28907,-90.109344,26.966993,27.267485
22,29.0,-90.209984,27.141497,-90.29184,-90.10632,26.962084,27.271597
22,30.0,-90.21055,27.143713,-90.29435,-90.10379,26.95803,27.277113
22,31.0,-90.210724,27.146177,-90.29491,-90.10247,26.95509,27.282183
22,32.0,-90.2097,27.148617,-90.29476,-90.10101,26.953472,27.28606
22,33.0,-90.207184,27.150833,-90.29314,-90.098564,26.952665,27.288233
22,34.0,-90.20309,27.153358,-90.2888,-90.094185,26.952501,27.29142
22,35.0,-90.19709,27.15634,-90.28163,-90.08879,26.953897,27.295052
22,36.0,-90.19056,27.15827,-90.273895,-90.082886,26.95467,27.297016
22,37.0,-90.18362,27.157822,-90.2676,-90.07592,26.954824,27.294563
22,38.0,-90.17702,27.154598,-90.26284,-90.067924,26.95486,27.287685
22,39.0,-90.17248,27.148342,-90.26249,-90.059296,26.953196,27.27612
22,40.0,-90.17033,27.139742,-90.2651,-90.05249,26.950794,27.262285
22,41.0,-90.170235,27.129438,-90.27075,-90.046425,26.945824,27.24751
22,42.0,-90.172295,27.118538,-90.27696,-90.04149,26.940636,27.232138
22,43.0,-90.1766,27.107718,-90.28743,-90.03853,26.934818,27.217724
22,44.0,-90.182594,27.097277,-90.29903,-90.036194,26.928812,27.203897
22,45.0,-90.18942,27.087162,-90.31249,-90.03501,26.922731,27.191359
22,46.0,-90.19681,27.077509,-90.32487,-90.03528,26.916578,27.178528
22,47.0,-90.20434,27.06879,-90.33708,-90.03547,26.911432,27.16687
22,48.0,-90.21144,27.061525,-90.34958,-90.03586,26.906677,27.15702
22,49.0,-90.21816,27.055555,-90.36021,-90.03805,26.903091,27.148808
22,50.0,-90.22444,27.050814,-90.37037,-90.03869,26.900017,27.14218
22,51.0,-90.22989,27.047077,-90.379486,-90.03874,26.898241,27.137047
22,52.0,-90.23423,27.043835,-90.38718,-90.038925,26.896816,27.132317
22,53.0,-90.23762,27.04112,-90.39418,-90.03655,26.896097,27.128513
22,54.0,-90.23968,27.03899,-90.39918,-90.03349,26.89566,27.124626
22,55.0,-90.24057,27.036764,-90.40332,-90.02995,26.896013,27.119509
22,56.0,-90.24021,27.033949,-90.40612,-90.02557,26.89611,27.11337
22,57.0,-90.23852,27.029907,-90.4072,-90.020035,26.89689,27.106236
22,58.0,-90.23585,27.02406,-90.40863,-90.0137,26.896742,27.096197
22,59.0,-90.232376,27.016212,-90.40816,-90.00611,26.895294,27.084478
22,60.0,-90.228836,27.006884,-90.408714,-89.99776,26.893229,27.070383
22,61.0,-90.22567,26.996588,-90.409935,-89.99013,26.890244,27.056389
22,62.0,-90.22351,26.986134,-90.41032,-89.98311,26.886774,27.041925
22,63.0,-90.22223,26.975657,-90.41471,-89.976074,26.88301,27.027779
22,64.0,-90.22183,26.965153,-90.41968,-89.970474,26.878166,27.014807
22,65.0,-90.22253,26.954754,-90.42576,-89.96648,26.871885,27.001518
22,66.0,-90.22401,26.944399,-90.43089,-89.961845,26.867126,26.989712
22,67.0,-90.22629,26.934433,-90.43833,-89.95914,26.861078,26.978424
22,68.0,-90.229004,26.925179,-90.444405,-89.95518,26.855534,26.967976
22,69.0,-90.23197,26.916779,-90.45197,-89.9542,26.850506,26.958952
22,70.0,-90.23484,26.909105,-90.45763,-89.95238,26.84648,26.949905
22,71.0,-90.23734,26.902283,-90.4636,-89.95154,26.84349,26.942684
22,72.0,-90.239235,26.89634,-90.46853,-89.948456,26.84016,26.935835
