run,oil_type,lead_h,mass_oil,mass_evaporated,mass_dispersed,initial,frac_oil,frac_evaporated,frac_dispersed
5,GENERIC MEDIUM CRUDE,0.0,877.57263,0.0,0.0,877.57263,1.0,0.0,0.0
5,GENERIC MEDIUM CRUDE,1.0,635.1344,193.44066,48.997524,877.57263,0.72374,0.22042695,0.055833012
5,GENERIC MEDIUM CRUDE,2.0,577.5544,201.89667,98.12157,877.57263,0.6581271,0.23006263,0.11181019
5,GENERIC MEDIUM CRUDE,3.0,525.6971,205.20274,146.67276,877.57263,0.5990354,0.23382993,0.16713461
5,GENERIC MEDIUM CRUDE,4.0,479.56772,207.79346,190.21143,877.57263,0.5464707,0.23678206,0.21674722
5,GENERIC MEDIUM CRUDE,5.0,438.74,209.97935,228.85324,877.57263,0.49994722,0.2392729,0.26077983
5,GENERIC MEDIUM CRUDE,6.0,399.24426,211.86761,266.46072,877.57263,0.45494157,0.24142459,0.3036338
5,GENERIC MEDIUM CRUDE,7.0,359.30453,213.66615,304.6019,877.57263,0.40942997,0.24347404,0.34709594
5,GENERIC MEDIUM CRUDE,8.0,320.89703,215.36398,341.31158,877.57263,0.36566436,0.24540873,0.3889269
5,GENERIC MEDIUM CRUDE,9.0,286.5519,216.94608,374.07462,877.57263,0.32652786,0.24721153,0.4262606
5,GENERIC MEDIUM CRUDE,10.0,256.16013,218.39961,403.01285,877.57263,0.29189622,0.24886785,0.45923588
5,GENERIC MEDIUM CRUDE,11.0,232.2215,219.70244,425.64868,877.57263,0.26461798,0.2503524,0.48502958
5,GENERIC MEDIUM CRUDE,12.0,217.63654,220.71219,439.22388,877.57263,0.24799831,0.25150305,0.5004986
5,GENERIC MEDIUM CRUDE,13.0,208.62279,221.54517,447.40466,877.57263,0.23772709,0.25245222,0.50982064
5,GENERIC MEDIUM CRUDE,14.0,201.8222,222.30673,453.44366,877.57263,0.22997777,0.25332004,0.5167022
5,GENERIC MEDIUM CRUDE,15.0,195.56621,223.03773,458.96866,877.57263,0.22284903,0.254153,0.5229979
5,GENERIC MEDIUM CRUDE,16.0,189.61862,223.73846,464.2155,877.57263,0.21607171,0.2549515,0.52897674
5,GENERIC MEDIUM CRUDE,17.0,184.0368,224.40154,469.13425,877.57263,0.2097112,0.2557071,0.53458166
5,GENERIC MEDIUM CRUDE,18.0,178.82442,225.03926,473.70892,877.57263,0.20377164,0.25643378,0.53979456
5,GENERIC MEDIUM CRUDE,19.0,173.6888,225.6599,478.2239,877.57263,0.19791956,0.257141,0.5449394
5,GENERIC MEDIUM CRUDE,20.0,168.60954,226.26591,482.69714,877.57263,0.19213173,0.25783154,0.55003667
5,GENERIC MEDIUM CRUDE,21.0,163.77367,226.84967,486.94928,877.57263,0.1866212,0.25849676,0.55488205
5,GENERIC MEDIUM CRUDE,22.0,159.71239,227.382,490.4782,877.57263,0.18199335,0.25910336,0.5589033
5,GENERIC MEDIUM CRUDE,23.0,156.101,227.87852,493.59308,877.57263,0.17787816,0.25966913,0.5624527
5,GENERIC MEDIUM CRUDE,24.0,152.76045,228.34375,496.4684,877.57263,0.17407158,0.26019925,0.56572914
5,GENERIC MEDIUM CRUDE,25.0,150.9779,228.34375,498.25095,877.57263,0.17204036,0.26019925,0.56776035
5,GENERIC MEDIUM CRUDE,26.0,149.6545,228.34375,499.57437,877.57263,0.17053232,0.26019925,0.5692684
5,GENERIC MEDIUM CRUDE,27.0,148.11725,228.34375,501.1116,877.57263,0.16878061,0.26019925,0.57102007
5,GENERIC MEDIUM CRUDE,28.0,145.77979,228.34375,503.44907,877.57263,0.16611706,0.26019925,0.5736836
5,GENERIC MEDIUM CRUDE,29.0,142.81665,228.34375,506.4122,877.57263,0.16274054,0.26019925,0.57706016
5,GENERIC MEDIUM CRUDE,30.0,140.23196,228.34375,508.9969,877.57263,0.15979528,0.26019925,0.5800054
5,GENERIC MEDIUM CRUDE,31.0,138.25818,228.34375,510.97067,877.57263,0.15754613,0.26019925,0.5822546
5,GENERIC MEDIUM CRUDE,32.0,136.59424,228.34375,512.63464,877.57263,0.15565006,0.26019925,0.5841507
5,GENERIC MEDIUM CRUDE,33.0,135.07314,228.34375,514.1557,877.57263,0.15391676,0.26019925,0.5858839
5,GENERIC MEDIUM CRUDE,34.0,133.31013,228.34375,515.9187,877.57263,0.1519078,0.26019925,0.5878929
5,GENERIC MEDIUM CRUDE,35.0,131.17097,228.34375,518.05786,877.57263,0.14947022,0.26019925,0.5903305
5,GENERIC MEDIUM CRUDE,36.0,129.72278,228.34375,519.5061,877.57263,0.14782,0.26019925,0.59198076
5,GENERIC MEDIUM CRUDE,37.0,128.98314,228.34375,520.2457,877.57263,0.14697717,0.26019925,0.59282357
5,GENERIC MEDIUM CRUDE,38.0,128.57005,228.34375,520.6588,877.57263,0.14650646,0.26019925,0.59329426
5,GENERIC MEDIUM CRUDE,39.0,128.28024,228.34375,520.9486,877.57263,0.14617622,0.26019925,0.5936245
5,GENERIC MEDIUM CRUDE,40.0,127.926346,228.34375,521.3025,877.57263,0.14577295,0.26019925,0.59402776
5,GENERIC MEDIUM CRUDE,41.0,127.54576,228.34375,521.6831,877.57263,0.14533927,0.26019925,0.59446144
5,GENERIC MEDIUM CRUDE,42.0,127.24031,228.34375,521.9885,877.57263,0.1449912,0.26019925,0.5948095
5,GENERIC MEDIUM CRUDE,43.0,127.0088,228.34375,522.22003,877.57263,0.1447274,0.26019925,0.5950733
5,GENERIC MEDIUM CRUDE,44.0,126.81004,228.34375,522.4188,877.57263,0.14450091,0.26019925,0.59529984
5,GENERIC MEDIUM CRUDE,45.0,126.63539,228.34375,522.59344,877.57263,0.14430189,0.26019925,0.5954988
5,GENERIC MEDIUM CRUDE,46.0,126.44804,228.34375,522.7808,877.57263,0.1440884,0.26019925,0.5957123
5,GENERIC MEDIUM CRUDE,47.0,126.25248,228.34375,522.9764,877.57263,0.14386556,0.26019925,0.59593517
5,GENERIC MEDIUM CRUDE,48.0,126.16675,228.34375,523.06213,877.57263,0.14376786,0.26019925,0.59603286
5,GENERIC MEDIUM CRUDE,49.0,126.12894,228.34375,523.0999,877.57263,0.14372478,0.26019925,0.5960759
5,GENERIC MEDIUM CRUDE,50.0,126.105774,228.34375,523.12305,877.57263,0.1436984,0.26019925,0.5961023
5,GENERIC MEDIUM CRUDE,51.0,126.09598,228.34375,523.1329,877.57263,0.14368723,0.26019925,0.5961135
5,GENERIC MEDIUM CRUDE,52.0,126.09412,228.34375,523.1347,877.57263,0.1436851,0.26019925,0.5961156
5,GENERIC MEDIUM CRUDE,53.0,126.09389,228.34375,523.13495,877.57263,0.14368485,0.26019925,0.5961158
5,GENERIC MEDIUM CRUDE,54.0,126.09262,228.34375,523.1362,877.57263,0.1436834,0.26019925,0.5961173
5,GENERIC MEDIUM CRUDE,55.0,126.08094,228.34375,523.1479,877.57263,0.1436701,0.26019925,0.5961306
5,GENERIC MEDIUM CRUDE,56.0,126.0203,228.34375,523.20856,877.57263,0.143601,0.26019925,0.5961997
5,GENERIC MEDIUM CRUDE,57.0,125.83196,228.34375,523.3969,877.57263,0.14338638,0.26019925,0.5964143
5,GENERIC MEDIUM CRUDE,58.0,125.41968,228.34375,523.8092,877.57263,0.14291658,0.26019925,0.59688413
5,GENERIC MEDIUM CRUDE,59.0,124.6525,228.34375,524.57635,877.57263,0.14204237,0.26019925,0.59775835
5,GENERIC MEDIUM CRUDE,60.0,123.64924,228.34375,525.5796,877.57263,0.14089915,0.26019925,0.5989015
5,GENERIC MEDIUM CRUDE,61.0,122.655525,228.34375,526.5733,877.57263,0.13976681,0.26019925,0.6000339
5,GENERIC MEDIUM CRUDE,62.0,121.88617,228.34375,527.3427,877.57263,0.13889012,0.26019925,0.6009106
5,GENERIC MEDIUM CRUDE,63.0,121.27861,228.34375,527.95026,877.57263,0.13819781,0.26019925,0.6016029
5,GENERIC MEDIUM CRUDE,64.0,120.79283,228.34375,528.43604,877.57263,0.13764426,0.26019925,0.60215646
5,GENERIC MEDIUM CRUDE,65.0,120.373566,228.34375,528.8553,877.57263,0.1371665,0.26019925,0.6026342
5,GENERIC MEDIUM CRUDE,66.0,120.02371,228.34375,529.20514,877.57263,0.13676783,0.26019925,0.6030329
5,GENERIC MEDIUM CRUDE,67.0,119.77357,228.34375,529.45526,877.57263,0.13648279,0.26019925,0.60331786
5,GENERIC MEDIUM CRUDE,68.0,119.617035,228.34375,529.6118,877.57263,0.13630442,0.26019925,0.60349625
5,GENERIC MEDIUM CRUDE,69.0,119.52154,228.34375,529.70734,877.57263,0.13619561,0.26019925,0.60360515
5,GENERIC MEDIUM CRUDE,70.0,119.45414,228.34375,529.7747,877.57263,0.13611881,0.26019925,0.6036819
5,GENERIC MEDIUM CRUDE,71.0,119.39662,228.34375,529.8322,877.57263,0.13605326,0.26019925,0.6037474
5,GENERIC MEDIUM CRUDE,72.0,119.34695,228.34375,529.8819,877.57263,0.13599665,0.26019925,0.60380405
10,GENERIC LIGHT CRUDE,0.0,828.97186,0.0,0.0,828.97186,1.0,0.0,0.0
10,GENERIC LIGHT CRUDE,1.0,546.05676,239.84941,43.065712,828.97186,0.65871567,0.2893336,0.051950753
10,GENERIC LIGHT CRUDE,2.0,488.42163,254.66624,85.88402,828.97186,0.58918965,0.30720735,0.10360306
10,GENERIC LIGHT CRUDE,3.0,441.87546,258.58838,128.50804,828.97186,0.53304034,0.31193867,0.155021
10,GENERIC LIGHT CRUDE,4.0,400.95297,260.51974,167.49915,828.97186,0.483675,0.3142685,0.2020565
10,GENERIC LIGHT CRUDE,5.0,364.27115,261.7752,202.9255,828.97186,0.43942523,0.315783,0.24479179
10,GENERIC LIGHT CRUDE,6.0,327.87238,262.66696,238.43257,828.97186,0.3955169,0.3168587,0.28762445
10,GENERIC LIGHT CRUDE,7.0,290.1371,263.34158,275.4932,828.97186,0.3499963,0.31767252,0.33233118
10,GENERIC LIGHT CRUDE,8.0,252.23686,263.87283,312.8622,828.97186,0.30427673,0.3183134,0.37740993
10,GENERIC LIGHT CRUDE,9.0,216.47893,264.34546,348.14752,828.97186,0.26114148,0.3188835,0.41997507
10,GENERIC LIGHT CRUDE,10.0,182.99353,264.74487,381.2335,828.97186,0.22074758,0.31936532,0.45988712
10,GENERIC LIGHT CRUDE,11.0,154.75708,265.1131,409.1017,828.97186,0.18668556,0.31980953,0.49350494
10,GENERIC LIGHT CRUDE,12.0,136.54362,265.32895,427.0993,828.97186,0.16471443,0.3200699,0.5152157
10,GENERIC LIGHT CRUDE,13.0,124.801384,265.55322,438.61728,828.97186,0.1505496,0.32034045,0.52910995
10,GENERIC LIGHT CRUDE,14.0,115.63675,265.7849,447.55023,828.97186,0.13949418,0.32061994,0.53988594
10,GENERIC LIGHT CRUDE,15.0,106.99588,265.99442,455.9816,828.97186,0.12907058,0.32087266,0.55005676
10,GENERIC LIGHT CRUDE,16.0,98.6202,266.19662,464.15506,828.97186,0.118966885,0.3211166,0.55991656
10,GENERIC LIGHT CRUDE,17.0,90.79017,266.38083,471.80087,828.97186,0.10952141,0.3213388,0.5691398
10,GENERIC LIGHT CRUDE,18.0,83.71104,266.56766,478.6932,828.97186,0.10098176,0.32156417,0.5774541
10,GENERIC LIGHT CRUDE,19.0,76.998146,266.75513,485.21863,828.97186,0.09288391,0.32179034,0.58532584
10,GENERIC LIGHT CRUDE,20.0,70.48429,266.91296,491.57465,828.97186,0.08502616,0.3219807,0.59299314
10,GENERIC LIGHT CRUDE,21.0,64.361465,267.05606,497.55435,828.97186,0.07764011,0.32215336,0.60020655
10,GENERIC LIGHT CRUDE,22.0,59.315994,267.20453,502.45135,828.97186,0.071553685,0.32233244,0.6061139
10,GENERIC LIGHT CRUDE,23.0,54.977493,267.34082,506.65356,828.97186,0.0663201,0.32249686,0.61118305
10,GENERIC LIGHT CRUDE,24.0,51.006233,267.45834,510.5073,828.97186,0.06152951,0.32263863,0.61583185
10,GENERIC LIGHT CRUDE,25.0,48.63626,267.45834,512.87726,828.97186,0.05867058,0.32263863,0.6186908
10,GENERIC LIGHT CRUDE,26.0,46.940693,267.45834,514.5729,828.97186,0.056625195,0.32263863,0.62073624
10,GENERIC LIGHT CRUDE,27.0,45.065094,267.45834,516.4484,828.97186,0.054362632,0.32263863,0.6229987
10,GENERIC LIGHT CRUDE,28.0,42.365047,267.45834,519.1485,828.97186,0.051105533,0.32263863,0.62625587
10,GENERIC LIGHT CRUDE,29.0,39.013023,267.45834,522.5005,828.97186,0.04706194,0.32263863,0.63029945
10,GENERIC LIGHT CRUDE,30.0,36.114933,267.45834,525.3986,828.97186,0.043565933,0.32263863,0.6337955
10,GENERIC LIGHT CRUDE,31.0,33.959923,267.45834,527.5536,828.97186,0.040966317,0.32263863,0.63639504
10,GENERIC LIGHT CRUDE,32.0,32.175,267.45834,529.33856,828.97186,0.038813137,0.32263863,0.6385483
10,GENERIC LIGHT CRUDE,33.0,30.5604,267.45834,530.9531,828.97186,0.036865424,0.32263863,0.64049596
10,GENERIC LIGHT CRUDE,34.0,28.78883,267.45834,532.72473,828.97186,0.034728356,0.32263863,0.6426331
10,GENERIC LIGHT CRUDE,35.0,26.755028,267.45834,534.7585,828.97186,0.032274954,0.32263863,0.6450864
10,GENERIC LIGHT CRUDE,36.0,25.32259,267.45834,536.191,828.97186,0.030546984,0.32263863,0.64681447
10,GENERIC LIGHT CRUDE,37.0,24.510916,267.45834,537.0026,828.97186,0.02956785,0.32263863,0.64779353
10,GENERIC LIGHT CRUDE,38.0,24.061584,267.45834,537.45197,828.97186,0.029025815,0.32263863,0.6483356
10,GENERIC LIGHT CRUDE,39.0,23.843624,267.45834,537.6699,828.97186,0.028762886,0.32263863,0.6485985
10,GENERIC LIGHT CRUDE,40.0,23.607592,267.45834,537.90594,828.97186,0.028478159,0.32263863,0.6488832
10,GENERIC LIGHT CRUDE,41.0,23.308187,267.45834,538.2053,828.97186,0.028116982,0.32263863,0.64924437
10,GENERIC LIGHT CRUDE,42.0,23.023031,267.45834,538.4905,828.97186,0.027772995,0.32263863,0.64958835
10,GENERIC LIGHT CRUDE,43.0,22.788813,267.45834,538.72473,828.97186,0.027490454,0.32263863,0.64987093
10,GENERIC LIGHT CRUDE,44.0,22.581133,267.45834,538.93243,828.97186,0.027239926,0.32263863,0.6501215
10,GENERIC LIGHT CRUDE,45.0,22.388964,267.45834,539.1246,828.97186,0.02700811,0.32263863,0.6503533
10,GENERIC LIGHT CRUDE,46.0,22.16702,267.45834,539.3465,828.97186,0.026740378,0.32263863,0.650621
10,GENERIC LIGHT CRUDE,47.0,21.927498,267.45834,539.58606,828.97186,0.026451439,0.32263863,0.65090996
10,GENERIC LIGHT CRUDE,48.0,21.804506,267.45834,539.70905,828.97186,0.026303072,0.32263863,0.6510583
10,GENERIC LIGHT CRUDE,49.0,21.743116,267.45834,539.77045,828.97186,0.026229016,0.32263863,0.6511324
10,GENERIC LIGHT CRUDE,50.0,21.704302,267.45834,539.80927,828.97186,0.026182193,0.32263863,0.65117925
10,GENERIC LIGHT CRUDE,51.0,21.686111,267.45834,539.82745,828.97186,0.02616025,0.32263863,0.6512012
10,GENERIC LIGHT CRUDE,52.0,21.68194,267.45834,539.8316,828.97186,0.026155218,0.32263863,0.6512062
10,GENERIC LIGHT CRUDE,53.0,21.68134,267.45834,539.8322,828.97186,0.026154494,0.32263863,0.6512069
10,GENERIC LIGHT CRUDE,54.0,21.681017,267.45834,539.8325,828.97186,0.026154105,0.32263863,0.65120727
10,GENERIC LIGHT CRUDE,55.0,21.676296,267.45834,539.8372,828.97186,0.02614841,0.32263863,0.65121293
10,GENERIC LIGHT CRUDE,56.0,21.639135,267.45834,539.8744,828.97186,0.026103582,0.32263863,0.6512578
10,GENERIC LIGHT CRUDE,57.0,21.48699,267.45834,540.02655,828.97186,0.025920046,0.32263863,0.65144134
10,GENERIC LIGHT CRUDE,58.0,21.117182,267.45834,540.39636,828.97186,0.025473943,0.32263863,0.6518875
10,GENERIC LIGHT CRUDE,59.0,20.399359,267.45834,541.1142,828.97186,0.024608023,0.32263863,0.6527534
10,GENERIC LIGHT CRUDE,60.0,19.478638,267.45834,542.0349,828.97186,0.023497345,0.32263863,0.6538641
10,GENERIC LIGHT CRUDE,61.0,18.602205,267.45834,542.9113,828.97186,0.022440093,0.32263863,0.6549213
10,GENERIC LIGHT CRUDE,62.0,17.929274,267.45834,543.5843,828.97186,0.021628326,0.32263863,0.6557331
10,GENERIC LIGHT CRUDE,63.0,17.405724,267.45834,544.1078,828.97186,0.02099676,0.32263863,0.6563646
10,GENERIC LIGHT CRUDE,64.0,16.996105,267.45834,544.51746,828.97186,0.020502632,0.32263863,0.6568588
10,GENERIC LIGHT CRUDE,65.0,16.652744,267.45834,544.8608,828.97186,0.02008843,0.32263863,0.65727293
10,GENERIC LIGHT CRUDE,66.0,16.3663,267.45834,545.1472,828.97186,0.019742891,0.32263863,0.65761846
10,GENERIC LIGHT CRUDE,67.0,16.155355,267.45834,545.35815,828.97186,0.019488424,0.32263863,0.6578729
10,GENERIC LIGHT CRUDE,68.0,16.021044,267.45834,545.4925,828.97186,0.019326402,0.32263863,0.658035
10,GENERIC LIGHT CRUDE,69.0,15.936771,267.45834,545.5768,828.97186,0.019224744,0.32263863,0.65813667
10,GENERIC LIGHT CRUDE,70.0,15.874016,267.45834,545.6395,828.97186,0.01914904,0.32263863,0.65821236
10,GENERIC LIGHT CRUDE,71.0,15.82003,267.45834,545.6935,828.97186,0.019083917,0.32263863,0.65827745
10,GENERIC LIGHT CRUDE,72.0,15.770729,267.45834,545.7428,828.97186,0.019024445,0.32263863,0.65833694
11,GENERIC HEAVY CRUDE,0.0,963.50934,0.0,0.0,963.50934,1.0,0.0,0.0
11,GENERIC HEAVY CRUDE,1.0,814.0049,97.645996,51.85845,963.50934,0.84483343,0.10134411,0.05382247
11,GENERIC HEAVY CRUDE,2.0,756.643,102.08514,104.78117,963.50934,0.78529906,0.10595137,0.10874952
11,GENERIC HEAVY CRUDE,3.0,698.9284,105.94646,158.63446,963.50934,0.72539866,0.10995893,0.16464236
11,GENERIC HEAVY CRUDE,4.0,645.68536,109.4004,208.42358,963.50934,0.6701392,0.11354368,0.21631713
11,GENERIC HEAVY CRUDE,5.0,597.21655,112.49469,253.79808,963.50934,0.6198347,0.116755165,0.2634101
11,GENERIC HEAVY CRUDE,6.0,553.0115,115.324844,295.17303,963.50934,0.5739555,0.119692504,0.30635202
11,GENERIC HEAVY CRUDE,7.0,512.58923,117.989975,332.93015,963.50934,0.53200233,0.12245857,0.3455391
11,GENERIC HEAVY CRUDE,8.0,473.11758,120.550156,369.84158,963.50934,0.49103582,0.12511571,0.38384846
11,GENERIC HEAVY CRUDE,9.0,434.93655,122.95483,405.61795,963.50934,0.45140874,0.12761146,0.42097977
11,GENERIC HEAVY CRUDE,10.0,397.96677,125.246,440.2966,963.50934,0.41303882,0.1299894,0.4569718
11,GENERIC HEAVY CRUDE,11.0,365.92688,127.27659,470.30588,963.50934,0.3797855,0.13209689,0.4881176
11,GENERIC HEAVY CRUDE,12.0,344.46945,128.82993,490.20996,963.50934,0.35751542,0.13370906,0.50877553
11,GENERIC HEAVY CRUDE,13.0,329.98624,130.08134,503.44177,963.50934,0.3424837,0.13500787,0.52250844
11,GENERIC HEAVY CRUDE,14.0,318.1776,131.20262,514.1291,963.50934,0.33022785,0.13617161,0.5336005
11,GENERIC HEAVY CRUDE,15.0,307.02078,132.25282,524.2357,963.50934,0.3186485,0.13726158,0.5440899
11,GENERIC HEAVY CRUDE,16.0,296.28876,133.24251,533.9781,963.50934,0.30751,0.13828875,0.55420125
11,GENERIC HEAVY CRUDE,17.0,286.38034,134.16512,542.96387,963.50934,0.29722634,0.1392463,0.56352735
11,GENERIC HEAVY CRUDE,18.0,277.20242,135.02902,551.2779,963.50934,0.2877008,0.14014293,0.57215625
11,GENERIC HEAVY CRUDE,19.0,268.30124,135.8517,559.3564,963.50934,0.27846253,0.14099677,0.5805407
11,GENERIC HEAVY CRUDE,20.0,259.65317,136.63522,567.22095,963.50934,0.26948693,0.14180997,0.5887031
11,GENERIC HEAVY CRUDE,21.0,251.7235,137.36516,574.4207,963.50934,0.26125693,0.14256755,0.59617555
11,GENERIC HEAVY CRUDE,22.0,245.2351,138.01772,580.25653,963.50934,0.2545228,0.14324482,0.6022324
11,GENERIC HEAVY CRUDE,23.0,239.56163,138.61967,585.328,963.50934,0.24863447,0.14386956,0.6074959
11,GENERIC HEAVY CRUDE,24.0,234.46619,139.18091,589.86224,963.50934,0.24334605,0.14445207,0.61220187
11,GENERIC HEAVY CRUDE,25.0,231.73329,139.18091,592.59515,963.50934,0.24050964,0.14445207,0.61503834
11,GENERIC HEAVY CRUDE,26.0,229.70398,139.18091,594.62445,963.50934,0.23840348,0.14445207,0.61714447
11,GENERIC HEAVY CRUDE,27.0,227.23935,139.18091,597.0891,963.50934,0.2358455,0.14445207,0.61970246
11,GENERIC HEAVY CRUDE,28.0,223.4325,139.18091,600.89594,963.50934,0.23189448,0.14445207,0.6236535
11,GENERIC HEAVY CRUDE,29.0,218.73648,139.18091,605.592,963.50934,0.2270206,0.14445207,0.62852734
11,GENERIC HEAVY CRUDE,30.0,214.76553,139.18091,609.5629,963.50934,0.22289927,0.14445207,0.6326487
11,GENERIC HEAVY CRUDE,31.0,211.77065,139.18091,612.5578,963.50934,0.21979097,0.14445207,0.63575697
11,GENERIC HEAVY CRUDE,32.0,209.27837,139.18091,615.05005,963.50934,0.21720429,0.14445207,0.63834363
11,GENERIC HEAVY CRUDE,33.0,207.01547,139.18091,617.3129,963.50934,0.2148557,0.14445207,0.64069223
11,GENERIC HEAVY CRUDE,34.0,204.38808,139.18091,619.94037,963.50934,0.2121288,0.14445207,0.64341915
11,GENERIC HEAVY CRUDE,35.0,201.2375,139.18091,623.09094,963.50934,0.2088589,0.14445207,0.64668906
11,GENERIC HEAVY CRUDE,36.0,199.18372,139.18091,625.1447,963.50934,0.20672733,0.14445207,0.6488206
11,GENERIC HEAVY CRUDE,37.0,198.23105,139.18091,626.0974,963.50934,0.20573859,0.14445207,0.64980936
11,GENERIC HEAVY CRUDE,38.0,197.68665,139.18091,626.6418,963.50934,0.20517357,0.14445207,0.65037435
11,GENERIC HEAVY CRUDE,39.0,197.22562,139.18091,627.1028,963.50934,0.20469508,0.14445207,0.65085286
11,GENERIC HEAVY CRUDE,40.0,196.64203,139.18091,627.6864,963.50934,0.20408939,0.14445207,0.65145856
11,GENERIC HEAVY CRUDE,41.0,196.07915,139.18091,628.24927,963.50934,0.20350519,0.14445207,0.65204275
11,GENERIC HEAVY CRUDE,42.0,195.67708,139.18091,628.65137,963.50934,0.2030879,0.14445207,0.65246004
11,GENERIC HEAVY CRUDE,43.0,195.38844,139.18091,628.94,963.50934,0.20278832,0.14445207,0.6527596
11,GENERIC HEAVY CRUDE,44.0,195.14896,139.18091,629.1795,963.50934,0.20253977,0.14445207,0.6530082
11,GENERIC HEAVY CRUDE,45.0,194.95331,139.18091,629.3751,963.50934,0.20233671,0.14445207,0.65321124
11,GENERIC HEAVY CRUDE,46.0,194.75435,139.18091,629.5741,963.50934,0.20213021,0.14445207,0.65341777
11,GENERIC HEAVY CRUDE,47.0,194.55814,139.18091,629.7703,963.50934,0.20192657,0.14445207,0.6536214
11,GENERIC HEAVY CRUDE,48.0,194.49225,139.18091,629.8362,963.50934,0.2018582,0.14445207,0.65368974
11,GENERIC HEAVY CRUDE,49.0,194.47183,139.18091,629.8566,963.50934,0.201837,0.14445207,0.65371096
11,GENERIC HEAVY CRUDE,50.0,194.46161,139.18091,629.8668,963.50934,0.2018264,0.14445207,0.6537216
11,GENERIC HEAVY CRUDE,51.0,194.45921,139.18091,629.8692,963.50934,0.2018239,0.14445207,0.653724
11,GENERIC HEAVY CRUDE,52.0,194.459,139.18091,629.86945,963.50934,0.20182368,0.14445207,0.65372425
11,GENERIC HEAVY CRUDE,53.0,194.45882,139.18091,629.8696,963.50934,0.20182349,0.14445207,0.6537245
11,GENERIC HEAVY CRUDE,54.0,194.45656,139.18091,629.8719,963.50934,0.20182115,0.14445207,0.6537268
11,GENERIC HEAVY CRUDE,55.0,194.43219,139.18091,629.89624,963.50934,0.20179586,0.14445207,0.6537521
11,GENERIC HEAVY CRUDE,56.0,194.32106,139.18091,630.0074,963.50934,0.20168051,0.14445207,0.6538674
11,GENERIC HEAVY CRUDE,57.0,194.01836,139.18091,630.31006,963.50934,0.20136635,0.14445207,0.6541816
11,GENERIC HEAVY CRUDE,58.0,193.4042,139.18091,630.92426,963.50934,0.20072894,0.14445207,0.654819
11,GENERIC HEAVY CRUDE,59.0,192.35709,139.18091,631.9714,963.50934,0.19964217,0.14445207,0.6559058
11,GENERIC HEAVY CRUDE,60.0,191.0135,139.18091,633.31494,963.50934,0.1982477,0.14445207,0.65730023
11,GENERIC HEAVY CRUDE,61.0,189.69836,139.18091,634.63007,963.50934,0.19688274,0.14445207,0.6586652
11,GENERIC HEAVY CRUDE,62.0,188.70161,139.18091,635.62683,963.50934,0.19584824,0.14445207,0.65969974
11,GENERIC HEAVY CRUDE,63.0,187.92389,139.18091,636.40454,963.50934,0.19504106,0.14445207,0.66050684
11,GENERIC HEAVY CRUDE,64.0,187.3004,139.18091,637.028,963.50934,0.19439396,0.14445207,0.661154
11,GENERIC HEAVY CRUDE,65.0,186.7662,139.18091,637.56226,963.50934,0.19383954,0.14445207,0.6617084
11,GENERIC HEAVY CRUDE,66.0,186.32555,139.18091,638.00287,963.50934,0.19338219,0.14445207,0.66216576
11,GENERIC HEAVY CRUDE,67.0,186.01653,139.18091,638.3119,963.50934,0.19306147,0.14445207,0.66248643
11,GENERIC HEAVY CRUDE,68.0,185.82999,139.18091,638.4985,963.50934,0.19286786,0.14445207,0.6626801
11,GENERIC HEAVY CRUDE,69.0,185.7233,139.18091,638.6051,963.50934,0.19275713,0.14445207,0.6627908
11,GENERIC HEAVY CRUDE,70.0,185.65077,139.18091,638.6777,963.50934,0.19268186,0.14445207,0.6628661
11,GENERIC HEAVY CRUDE,71.0,185.59033,139.18091,638.7381,963.50934,0.19261913,0.14445207,0.6629288
11,GENERIC HEAVY CRUDE,72.0,185.53772,139.18091,638.7907,963.50934,0.19256453,0.14445207,0.6629834
