candidate_id,component_id,seed_area_m2,seed_centroid_lon,seed_centroid_lat,n_particles_seeded,n_active_minus48h,n_deactivated,origin_mean_lon,origin_mean_lat,origin_median_lon,origin_median_lat,origin_spread_km,trajectory_min_lon,trajectory_max_lon,trajectory_min_lat,trajectory_max_lat,max_current_outside_frac,max_wind_outside_frac,first_current_exit_h,first_wind_exit_h,reached_minus48h,origin_cloud_hour,origin_cloud_n,first_deactivation_h,max_current_fallback_zero_frac,max_wind_fallback_zero_frac,runtime_s,run_status,physics_valid_for_attribution
E007-C1,1,13342.783863306046,-89.10036123435613,28.226319140457928,2000,2000,0,-88.75527085876465,27.961360417366027,-88.75527954101561,27.96134567260742,0.051662509459808575,-89.10101318359375,-88.754638671875,27.946552276611328,28.22686195373535,0.0,0.0,,,True,-48.0,2000,,0.0,0.0,6.157599366000795,completed,True
E007-C2,2,2081677.366691962,-89.10570787721102,28.215773482742478,2000,2000,0,-88.75864196777344,27.947188626289368,-88.75828552246094,27.947583198547363,1.1198571461429765,-89.12955474853516,-88.7381820678711,27.926326751708984,28.22234535217285,0.0,0.0,,,True,-48.0,2000,,0.0,0.0,5.995140248996904,completed,True
E007-C3,3,10183.189399428666,-89.1435830791788,28.220583943531476,2000,2000,0,-88.79453074645996,27.931417482376098,-88.79453277587889,27.93141269683838,0.04241465195987743,-89.14413452148438,-88.79401397705078,27.91970443725586,28.221113204956055,0.0,0.0,,,True,-48.0,2000,,0.0,0.0,2.831671289000951,completed,True
E007-C4,4,9740467.593608692,-89.12530909756241,28.176491421998954,2000,2000,0,-88.76833982086181,27.895362505912782,-88.76665496826172,27.89376163482666,1.822766996348438,-89.15758514404297,-88.7409439086914,27.856550216674805,28.219491958618164,0.0,0.0,,,True,-48.0,2000,,0.0,0.0,2.8388962370008812,completed,True
E007-C5,5,4926762.973985381,-89.18538024709031,28.16151862999029,2000,2000,0,-88.81214238357543,27.843847431182862,-88.80933380126953,27.84039878845215,3.031334159752397,-89.22891235351562,-88.76539611816406,27.805139541625977,28.20809555053711,0.0,0.0,,,True,-48.0,2000,,0.0,0.0,3.085336926000309,completed,True
E007-C6,6,197727.82796944678,-89.0796495286919,28.202104618226848,2000,2000,0,-88.73225262832642,27.94764338493347,-88.73257446289062,27.94761848449707,0.27175459769359805,-89.083740234375,-88.72734069824219,27.927406311035156,28.204944610595703,0.0,0.0,,,True,-48.0,2000,,0.0,0.0,3.025020212000527,completed,True
E007-C7,7,44955.67300414294,-89.10571352388324,28.19830485327437,2000,2000,0,-88.75656400299073,27.92916887187958,-88.75659179687501,27.92914390563965,0.08882082186568482,-89.10694122314453,-88.75505065917969,27.912546157836914,28.199554443359375,0.0,0.0,,,True,-48.0,2000,,0.0,0.0,2.856230837998737,completed,True
E007-C8,8,179493.21611274034,-89.0822239443659,28.18522409833133,2000,2000,0,-88.73197102737427,27.929497373580933,-88.7319107055664,27.92942523956299,0.22822367699909119,-89.0860824584961,-88.72848510742188,27.908849716186523,28.18661880493164,0.0,0.0,,,True,-48.0,2000,,0.0,0.0,2.9162254900002154,completed,True
E007-C9,9,11591.700346805155,-89.07718040186658,28.183583116081707,2000,2000,0,-88.72677079772949,27.930811935424806,-88.72676086425781,27.930806159973145,0.04648234283721109,-89.07783508300781,-88.72612762451172,27.91099739074707,28.18410301208496,0.0,0.0,,,True,-48.0,2000,,0.0,0.0,2.88140086200292,completed,True
E007-C10,10,106088.39722330123,-89.07068392202045,28.176575049016417,2000,2000,0,-88.71906395339965,27.927572066307068,-88.71903228759764,27.927597999572754,0.1587477145552508,-89.0735092163086,-88.7162857055664,27.905731201171875,28.178892135620117,0.0,0.0,,,True,-48.0,2000,,0.0,0.0,2.8845076539946604,completed,True
E007-C12,12,1651825.372802049,-88.87275520979763,28.148152915738432,2000,405,1595,-88.50078326993139,28.039059513277856,-88.49996948242188,28.039030075073242,0.33052685863211617,-88.88269805908203,-88.49755096435547,27.976459503173828,28.156423568725586,0.0,0.8315,,44.25,True,-48.0,698,44.25,0.0,0.0,3.031378482999571,completed,False
E007-C14,14,69941.64050076157,-88.86547970399525,28.120714944294892,2000,0,2000,-88.50203984451294,28.004444854736327,-88.50212097167967,28.00445747375488,0.117779448434397,-88.86672973632812,-88.50003814697266,27.961151123046875,28.122657775878906,0.0,1.0,,45.5,False,-45.0,2000,45.5,0.0,0.0,2.7839761189970886,completed,False
E007-C16,16,85547.19208551198,-90.23618617651145,27.939321007406626,2000,2000,0,-89.63176268005371,27.816745098114012,-89.63179016113281,27.81679058074951,0.12074519794928246,-90.23786163330078,-89.6303482055664,27.795400619506836,27.941017150878906,0.0,0.0,,,True,-48.0,2000,,0.0,0.0,2.8534819449996576,completed,True
E007-C17,17,123928.19743192196,-90.23938958166931,27.932224121321376,2000,2000,0,-89.63682304000855,27.809613733291627,-89.63684844970702,27.80959415435791,0.14424448957769026,-90.24115753173828,-89.63492584228516,27.788183212280273,27.934011459350586,0.0,0.0,,,True,-48.0,2000,,0.0,0.0,2.83835548699426,completed,True
E007-C18,18,27472.995772652328,-89.81688126607587,27.88529344273853,2000,2000,0,-89.39036446380615,27.57367764377594,-89.39041137695312,27.57369041442871,0.08866399931308284,-89.81822967529297,-89.38928985595703,27.569316864013672,27.88604164123535,0.0,0.0,,,True,-48.0,2000,,0.0,0.0,2.9171422559957136,completed,True
E007-C19,19,24053.262671768665,-90.21287117637216,27.40853198111979,2000,2000,0,-89.96759062576294,27.18301175403595,-89.96759796142578,27.182997703552246,0.07527847014838283,-90.21366882324219,-89.96703338623047,27.16407012939453,27.409395217895508,0.0,0.0,,,True,-48.0,2000,,0.0,0.0,2.8813620199944125,completed,True
E007-C21,21,704400.5145656392,-90.21869196720266,27.386855725144024,2000,2000,0,-89.98355078125,27.155716696739198,-89.98360061645508,27.155397415161133,1.0187612948609195,-90.22480010986328,-89.97325134277344,27.123943328857422,27.399560928344727,0.0,0.0,,,True,-48.0,2000,,0.0,0.0,2.912663071998395,completed,True
E007-C23,23,122787.2434861511,-90.5540558212327,27.3672458050737,2000,2000,0,-90.22618204116822,27.205715204238892,-90.22620391845705,27.205702781677246,0.1754206209936807,-90.55681610107422,-90.22366333007812,27.168094635009766,27.369152069091797,0.0,0.0,,,True,-48.0,2000,,0.0,0.0,2.869205207003688,completed,True
E007-C24,24,23708.648916900158,-90.17760906785091,27.36509827939507,2000,2000,0,-89.9817292137146,27.114397649765014,-89.98174285888672,27.114389419555664,0.07601735820534924,-90.17863464355469,-89.98098754882812,27.09503936767578,27.365917205810547,0.0,0.0,,,True,-48.0,2000,,0.0,0.0,2.852094844005478,completed,True
E007-C25,25,49542.680003486574,-90.57973392878768,27.360028390962256,2000,2000,0,-90.25407794952393,27.20247545528412,-90.25413513183592,27.20251750946045,0.10116619581658463,-90.58070373535156,-90.2528076171875,27.164573669433594,27.361604690551758,0.0,0.0,,,True,-48.0,2000,,0.0,0.0,2.9041624070014223,completed,True
E007-C26,26,1257385.090246588,-90.56542846033496,27.35440077384824,2000,2000,0,-90.24146220779419,27.19512546634674,-90.24159622192383,27.194764137268066,0.510586977153587,-90.57299041748047,-90.23253631591797,27.152099609375,27.36138153076172,0.0,0.0,,,True,-48.0,2000,,0.0,0.0,2.879709337001259,completed,True
E007-C27,27,74669.20295272022,-90.57648765333349,27.358049354343336,2000,2000,0,-90.25127936935425,27.200210519790648,-90.25127792358398,27.200182914733887,0.12991669830140526,-90.57748413085938,-90.2499008178711,27.16206169128418,27.360166549682617,0.0,0.0,,,True,-48.0,2000,,0.0,0.0,2.8573897649985156,completed,True
E007-C28,28,92135.99490203708,-89.53208192210843,27.20199153423381,2000,2000,0,-89.54686249923706,26.880431322097778,-89.54710388183594,26.88047790527344,0.22346534527503814,-89.56090545654297,-89.497314453125,26.861635208129883,27.203678131103516,0.0,0.0,,,True,-48.0,2000,,0.0,0.0,2.886402705000364,completed,True
E007-C29,29,311853.5562283248,-89.52371230918337,27.1988798454727,2000,2000,0,-89.53479269409179,26.872780321121216,-89.53480529785155,26.872663497924805,0.5265467539214461,-89.55470275878906,-89.48637390136719,26.850574493408203,27.20295524597168,0.0,0.0,,,True,-48.0,2000,,0.0,0.0,2.887853833999543,completed,True
E007-C30,30,81550.02786509693,-90.4356798108464,27.138974927360735,2000,2000,0,-90.4024835319519,26.912717631340026,-90.40247344970705,26.912802696228027,0.1720457814435778,-90.44519805908203,-90.35700225830078,26.881813049316406,27.140260696411133,0.0,0.0,,,True,-48.0,2000,,0.0,0.0,2.852958283998305,completed,True
E007-C31,31,24111.100211925805,-90.43848305997878,27.13581931348378,2000,2000,0,-90.41012933731079,26.908630661010744,-90.41012573242189,26.90859031677246,0.1133082922845637,-90.44691467285156,-90.36273193359375,26.87869644165039,27.1368465423584,0.0,0.0,,,True,-48.0,2000,,0.0,0.0,2.925794524002413,completed,True
E007-C33,33,129779.3156150505,-90.45167325054527,27.13143854660681,2000,2000,0,-90.42741094207764,26.90267719554901,-90.42755889892578,26.902666091918945,0.18335053169300322,-90.46298217773438,-90.37606048583984,26.872905731201172,27.133073806762695,0.0,0.0,,,True,-48.0,2000,,0.0,0.0,2.916785716995946,completed,True
E007-C34,34,14892.629484340549,-90.42569552932787,27.132128797765414,2000,2000,0,-90.40623151397705,26.903151467323305,-90.40623474121091,26.903145790100098,0.061758678238220344,-90.43446350097656,-90.35433197021484,26.8741455078125,27.132713317871094,0.0,0.0,,,True,-48.0,2000,,0.0,0.0,2.8864927739996347,completed,True
E007-C35,35,23757.545677751303,-90.47700548512624,27.13091687020869,2000,2000,0,-90.44729615783692,26.902057401657103,-90.44731903076173,26.90206527709961,0.09417516256759885,-90.4854507446289,-90.40068817138672,26.87347984313965,27.131635665893555,0.0,0.0,,,True,-48.0,2000,,0.0,0.0,2.837324644002365,completed,True
E007-C36,36,280131.57536319643,-90.46781490682228,27.1287843141902,2000,2000,0,-90.44381142425537,26.898670090675353,-90.44416046142578,26.89872169494629,0.30392876031031996,-90.48128509521484,-90.38841247558594,26.869016647338867,27.130199432373047,0.0,0.0,,,True,-48.0,2000,,0.0,0.0,2.905023480001546,completed,True
E007-C37,37,1127644.7426313236,-90.42305038226526,27.12606821240858,2000,2000,0,-90.4141533088684,26.89474773311615,-90.41250991821289,26.89466857910156,0.7224028637903908,-90.45301818847656,-90.34468841552734,26.861989974975586,27.130191802978516,0.0,0.0,,,True,-48.0,2000,,0.0,0.0,2.926490976002242,completed,True
E007-C38,38,88298.01103640348,-90.4023118104054,27.124397307861113,2000,2000,0,-90.39957626342773,26.892433986663818,-90.39965820312499,26.892488479614254,0.15781379220580716,-90.42591094970703,-90.3376693725586,26.862991333007812,27.125707626342773,0.0,0.0,,,True,-48.0,2000,,0.0,0.0,2.862114998002653,completed,True
E007-C39,39,6737.880403369665,-90.4071168382889,27.119623078273758,2000,2000,0,-90.41117450332642,26.886234714508056,-90.41115188598633,26.886280059814453,0.05957571497774145,-90.43548583984375,-90.34735870361328,26.858152389526367,27.12013816833496,0.0,0.0,,,True,-48.0,2000,,0.0,0.0,2.885506318998523,completed,True
E007-C40,40,839833.4700908884,-90.45660676274534,27.109071623321068,2000,2000,0,-90.46420650863648,26.867272130966185,-90.46526718139648,26.866995811462402,1.0696153991907822,-90.51376342773438,-90.38178253173828,26.838342666625977,27.112478256225586,0.0,0.0,,,True,-48.0,2000,,0.0,0.0,2.885527780999837,completed,True
E007-C41,41,75186.02466409653,-90.43006656362114,27.111425616779606,2000,2000,0,-90.44096224975586,26.873321969985962,-90.44120407104491,26.873348236083984,0.14901875306777462,-90.46928405761719,-90.37171173095703,26.84691619873047,27.112234115600586,0.0,0.0,,,True,-48.0,2000,,0.0,0.0,2.7818739779977477,completed,True
E007-C43,43,65639.09560144693,-90.2190543418838,27.061323055249964,2000,2000,0,-90.31451778411865,26.788828943252565,-90.31453704833984,26.788866996765137,0.10588135182487231,-90.33372497558594,-90.21365356445312,26.76555824279785,27.062644958496094,0.0,0.0,,,True,-48.0,2000,,0.0,0.0,2.878784861000895,completed,True
E007-C44,44,431551.4220110476,-90.22173825046974,27.032802974552723,2000,2000,0,-90.32509721374512,26.758062500953674,-90.32461547851561,26.758673667907715,0.5385777219948993,-90.35490417480469,-90.21744537353516,26.729902267456055,27.038387298583984,0.0,0.0,,,True,-48.0,2000,,0.0,0.0,2.9436178260002634,completed,True
E007-C45,45,8874.105317220092,-90.2258277362412,27.010166670486424,2000,2000,0,-90.31788729095459,26.72850854587555,-90.31785964965819,26.72849750518799,0.05179748858167599,-90.35784912109375,-90.22534942626953,26.7093505859375,27.010723114013672,0.0,0.0,,,True,-48.0,2000,,0.0,0.0,2.8599005010037217,completed,True
E007-C46,46,405046.5770846829,-90.26190087214445,27.001016073565793,2000,2000,0,-90.33567707443237,26.715898601531983,-90.33549499511719,26.715675354003903,0.4699663123817653,-90.39483642578125,-90.2544937133789,26.694204330444336,27.003890991210938,0.0,0.0,,,True,-48.0,2000,,0.0,0.0,2.8869749200021033,completed,True
E007-C47,47,29819.25720346719,-90.23129582415257,27.001629253133824,2000,2000,0,-90.31500802612305,26.716336526870727,-90.31497955322264,26.716367721557617,0.07779076316748876,-90.36209106445312,-90.23001861572266,26.697296142578125,27.00227928161621,0.0,0.0,,,True,-48.0,2000,,0.0,0.0,2.883781627002463,completed,True
E007-C48,48,124248.65673528612,-90.23860023961231,26.999890970282127,2000,2000,0,-90.3187718925476,26.714162601470946,-90.31876373291016,26.71415901184082,0.15950054358488316,-90.36994934082031,-90.235595703125,26.69476318359375,27.001020431518555,0.0,0.0,,,True,-48.0,2000,,0.0,0.0,2.8408607309975196,completed,True
E007-C49,49,169689.08807835728,-90.24796369822931,26.999487167628367,2000,2000,0,-90.32497326660156,26.7138355550766,-90.32500839233398,26.713828086853027,0.19209053063395934,-90.3780746459961,-90.24475860595703,26.69392967224121,27.00084114074707,0.0,0.0,,,True,-48.0,2000,,0.0,0.0,2.8858298629929777,completed,True
