candidate_id,component_id,polygon_west,polygon_east,polygon_south,polygon_north,centroid_lon,centroid_lat,current_margin_w_km,current_margin_e_km,current_margin_s_km,current_margin_n_km,initial_polygon_current_covered,wind_margin_w_km,wind_margin_e_km,wind_margin_s_km,wind_margin_n_km,initial_polygon_wind_covered,min_margin_km,forcing_risk_flag
E007-C1,1,-89.10101842290608,-89.09976078150831,28.225784879262637,28.22686285760358,-89.10036123435613,28.226319140457928,325.439,67.04967,338.94705,94.92278,True,309.0814461785928,58.869814267995075,329.715658320181,85.6863435316506,True,58.869814267995075,moderate
E007-C2,2,-89.1297645119979,-89.08520807390558,28.20332699715965,28.222371281182983,-89.10570787721102,28.215773482742478,322.6582,65.629486,336.45822,95.420555,True,306.29855323783966,57.44860107417278,327.22681026462556,86.18411387522393,True,57.44860107417278,moderate
E007-C3,3,-89.14413755654382,-89.14305957820288,28.220035661444275,28.221113639785216,-89.1435830791788,28.220583943531476,321.2242,71.30349,338.3099,95.55993,True,304.8657509629854,63.1232011123673,329.0785124394774,86.3234895128197,True,63.1232011123673,moderate
E007-C4,4,-89.15779194886244,-89.09796415094007,28.152123025964837,28.219676335330625,-89.12530909756241,28.176491421998954,319.98734,66.8985,330.78366,95.719215,True,303.6235631119437,58.71556384596301,321.5522672481438,86.48277592439223,True,58.71556384596301,moderate
E007-C5,5,-89.2289385193647,-89.13856800178228,28.118166708225118,28.20835756275072,-89.18538024709031,28.16151862999029,313.0678,70.9004,327.02057,96.973595,True,296.7005216613389,62.71574823791151,317.789172650091,87.73715524545034,True,62.71574823791151,moderate
E007-C6,6,-89.083770769451,-89.07514694272344,28.19775744239811,28.204943964671067,-89.0796495286919,28.202104618226848,327.20792,64.64873,335.84097,97.3519,True,310.84657304875344,56.46696972530163,326.6095772116606,88.11545971255411,True,56.46696972530163,moderate
E007-C7,7,-89.10694730378127,-89.10425235792891,28.19703879017081,28.199554072966347,-89.10571352388324,28.19830485327437,324.94196,67.50816,335.76135,97.94923,True,308.58010572636573,59.32617204964116,326.529934273692,88.71278217092706,True,59.32617204964116,moderate
E007-C8,8,-89.0861063891897,-89.07874020385992,28.183743723965843,28.186618332875028,-89.0822239443659,28.18522409833133,327.02786,65.01129,334.28793,99.3828,True,310.66404311147363,56.82830103464574,325.0565414303195,90.14635415079975,True,56.82830103464574,moderate
E007-C9,9,-89.0778418885758,-89.07658424717803,28.183025071738548,28.184103050079493,-89.07718040186658,28.183583116081707,327.84424,64.80057,334.2083,99.661545,True,311.4801783482513,56.617453064649844,324.97689865548074,90.42510394324069,True,56.617453064649844,moderate
E007-C10,10,-89.07352997521203,-89.0681400835073,28.174401245011,28.1788928214316,-89.07068392202045,28.176575049016417,328.28873,63.975513,333.2526,100.23895,True,311.9236219793814,55.791873038053545,324.02118600979617,91.0025139016384,True,55.791873038053545,moderate
E007-C12,12,-88.88272780886504,-88.85847329619381,28.136672003077983,28.156434939328612,-88.87275520979763,28.148152915738432,347.1209,43.398216,329.07135,102.72778,True,330.75140316850917,35.21227096530813,319.8399573405158,93.49134489877345,True,35.21227096530813,high
E007-C14,14,-88.86673779680771,-88.86386318789853,28.11906502350924,28.122658284645716,-88.86547970399525,28.120714944294892,348.77463,43.938133,327.12012,106.47097,True,332.40121747656997,35.750237209324716,317.8887251770649,97.23453134866004,True,35.750237209324716,high
E007-C16,16,-90.23792624648775,-90.23469231146491,27.93742567306027,27.94101893419675,-90.23618617651145,27.939321007406626,214.42201,178.92323,306.99088,126.60024,True,198.02003058433326,170.72178335671651,297.7594692846361,117.36379777327204,True,117.36379777327204,low
E007-C17,17,-90.24116018151058,-90.23756692037409,27.93041881384414,27.934012074980618,-90.23938958166931,27.932224121321376,214.11757,179.2177,306.2144,127.37673,True,197.71452213079704,171.01571897449494,296.98298045546875,118.14028700781441,True,118.14028700781441,low
E007-C18,18,-89.8182333457471,-89.81481974766746,27.884604734354046,27.886042038808636,-89.81688126607587,27.88529344273853,255.85178,137.66977,301.13736,132.69267,True,239.44192070540345,129.46415878848228,291.9059575838082,123.45623054443287,True,123.45623054443287,low
E007-C19,19,-90.21367173381653,-90.2120547663051,27.40759931848658,27.40939594905482,-90.21287117637216,27.40853198111979,217.85928,177.55133,248.2786,185.51164,True,201.3778444471026,169.3101409318539,239.04718828427514,176.27519388208498,True,169.3101409318539,low
E007-C21,21,-90.2248108433396,-90.21331240770287,27.375619294371923,27.399694143986327,-90.21869196720266,27.386855725144024,216.7984,177.70903,244.7349,186.58669,True,200.31385839597792,169.46629050632288,235.5034910266826,177.3502501004737,True,169.46629050632288,low
E007-C23,23,-90.55682817235018,-90.55143828064546,27.365019174019313,27.369151424326265,-90.5540558212327,27.3672458050737,183.99292,211.19183,243.5603,189.97112,True,167.50516473626465,202.94766596179744,234.32889832954777,180.73467657840257,True,167.50516473626465,low
E007-C24,24,-90.17863743773586,-90.1766611441108,27.364300521792018,27.365917489303435,-90.17760906785091,27.36509827939507,221.41022,174.11916,243.48067,190.32947,True,204.92235859645157,165.87473665770992,234.24926499093522,181.09302674976962,True,165.87473665770992,low
E007-C25,25,-90.58072335890776,-90.5787470652827,27.35837164091683,27.36160557593966,-90.57973392878768,27.360028390962256,181.64061,213.90706,242.8237,190.80727,True,165.15178514428638,205.66236149404463,233.59229026025517,181.5708267199459,True,165.15178514428638,low
E007-C26,26,-90.57299784746432,-90.55575019400924,27.347052868336924,27.361425912882837,-90.56542846033496,27.35440077384824,182.41434,211.64284,241.56947,190.82718,True,165.92467501997254,203.3977057468025,232.33806732395146,181.5907350456309,True,165.92467501997254,low
E007-C27,27,-90.57748942388493,-90.57551313025986,27.35603602117812,27.36016827148507,-90.57648765333349,27.358049354343336,181.96364,213.59073,242.56488,190.96654,True,165.47453778275667,205.34589738155108,233.3334821862419,181.7300933110725,True,165.47453778275667,low
E007-C28,28,-89.53436571596534,-89.52933515037427,27.200627477025442,27.20368174899145,-89.53208192210843,27.20199153423381,285.5626,110.23951,225.34439,208.30649,True,269.0510603517168,101.98293453593075,216.11298543819873,199.070047501523,True,101.98293453593075,low
E007-C29,29,-89.5287961612038,-89.51891469307849,27.19451893309343,27.20296309676415,-89.52371230918337,27.1988798454727,286.12308,109.21042,224.66753,208.38612,True,269.61105425357357,100.953592510365,215.4361182319274,199.14967900288775,True,100.953592510365,low
E007-C30,30,-90.4375319026191,-90.43393864148263,27.13738608102343,27.14026068993261,-90.4356798108464,27.138974927360735,196.19472,199.97575,218.33685,215.33394,True,179.67332831222643,191.71469847660111,209.1054476175067,206.0974960707765,True,179.67332831222643,low
E007-C31,31,-90.43914887013052,-90.43771156567593,27.134870798227894,27.136847091852957,-90.43848305997878,27.13581931348378,196.03961,200.35504,218.05814,215.71219,True,179.51777368451422,192.09377498078933,208.8267400331688,206.47574220880375,True,179.51777368451422,low
E007-C33,33,-90.45531854524467,-90.44885067519901,27.130199558750473,27.133074167659654,-90.45167325054527,27.13143854660681,194.44397,201.46686,217.54054,216.13025,True,177.9215124142838,193.20527905040734,208.3091404986519,206.89380351575537,True,177.9215124142838,low
E007-C34,34,-90.42657245615284,-90.4247758255846,27.131636863205063,27.132714841546004,-90.42569552932787,27.132128797765414,197.2928,199.07922,217.6998,216.17006,True,180.77043184717746,190.81767707729267,208.4684018572007,206.93361886660225,True,180.77043184717746,low
E007-C35,35,-90.47795609040448,-90.47615945983624,27.130199558750473,27.131636863205063,-90.47700548512624,27.13091687020869,192.201,204.17545,217.54054,216.2895,True,175.67842726986242,195.91381616882643,208.3091404986519,207.05306490691487,True,175.67842726986242,low
E007-C36,36,-90.47382384009754,-90.46052877389256,27.127145286784465,27.130199558750473,-90.46781490682228,27.1287843141902,192.61452,202.62993,217.20212,216.44876,True,176.0916050254651,194.36812549745662,207.97071022000222,207.2123262654638,True,176.0916050254651,low
E007-C37,37,-90.43699291344863,-90.40698918295904,27.122114721193395,27.130199558750473,-90.42305038226526,27.12606821240858,196.27028,197.3265,216.6447,216.44876,True,179.74701298402042,189.06450819006255,207.4132959643602,207.2123262654638,True,179.74701298402042,low
E007-C38,38,-90.40447390016351,-90.40034164985656,27.123013036477516,27.125707982329875,-90.4023118104054,27.124397307861113,199.49742,196.67061,216.74423,216.94646,True,182.97391279905617,188.40847548057033,207.51283419500447,207.71001780076583,True,182.97391279905617,low
E007-C39,39,-90.40752817212952,-90.4066298568454,27.11906044922739,27.12013842756833,-90.4071168382889,27.119623078273758,199.20305,197.30238,216.30627,217.5636,True,182.67883811067458,189.0399086085242,207.0748660754264,208.32715486234534,True,182.67883811067458,low
E007-C40,40,-90.47651878594989,-90.4375319026191,27.10630437219289,27.11259257918173,-90.45660676274534,27.109071623321068,192.38022,200.3843,214.89282,218.39972,True,175.85448720281582,192.12108347682374,205.66142518922734,209.1632752616913,True,175.85448720281582,low
E007-C41,41,-90.43393864148263,-90.42603346698237,27.11079594861349,27.11223325306808,-90.43006656362114,27.111425616779606,196.59866,199.24051,215.39052,218.43953,True,180.07326088095905,190.97744084483134,206.15911534928452,209.2030904963933,True,180.07326088095905,low
E007-C43,43,-90.22049892997583,-90.21780398412346,27.059951303532326,27.062646249384684,-90.2190543418838,27.061323055249964,217.85905,178.67339,209.75668,223.93402,True,201.32638796703515,170.40657816038242,200.5252813200499,214.69757335571651,True,170.40657816038242,low
E007-C44,44,-90.22678713696466,-90.21744465800982,27.025455996622135,27.038391736713457,-90.22173825046974,27.032802974552723,217.29185,178.68425,205.93446,226.62152,True,200.75487805420664,170.41529997047087,196.70305669326228,217.38507803189327,True,170.41529997047087,low
E007-C45,45,-90.2262481477942,-90.22534983251008,27.009645647621632,27.010723625962576,-90.2258277362412,27.010166670486424,217.38718,179.50319,204.18262,229.68726,True,200.8470152324725,171.23264335302423,194.95121000069636,220.45081279571616,True,171.23264335302423,low
E007-C46,46,-90.27008593365923,-90.25445524771554,26.9981472119849,27.003896429803266,-90.26190087214445,27.001016073565793,213.0539,182.4065,202.90854,230.44373,True,196.51236148407386,174.13528660885066,193.67714214955245,221.20729094901904,True,174.13528660885066,low
E007-C47,47,-90.23253635478304,-90.2300210719875,27.000842157837262,27.002279462291852,-90.23129582415257,27.001629253133824,216.77966,179.98051,203.20715,230.6229,True,200.23823544999118,171.70933613425765,193.975751615528,221.38645672001428,True,171.70933613425765,low
E007-C48,48,-90.24187883373787,-90.23559062674903,26.998686201155373,27.001021820894085,-90.23860023961231,26.999890970282127,215.85568,180.53603,202.96826,230.76225,True,199.31400050005328,172.26472202300428,193.73686403360702,221.52580784679327,True,172.26472202300428,low
E007-C49,49,-90.25122131269272,-90.24475344264705,26.997967548928077,27.000842157837262,-90.24796369822931,26.999487167628367,214.92929,181.44617,202.88864,230.78215,True,198.38753004797107,173.17484393085158,193.6572348558834,221.54571514858768,True,173.17484393085158,low
