MMSI,VesselName,cerulean_candidate,release_age_bin,matched_hours_in_bin,peak_density_score,mean_density_score,peak_time,peak_age_hours,peak_min_distance_km,peak_p10_distance_km,fraction_particles_5km,fraction_particles_10km,rank_in_age_bin
367655260,SHELIA BORDELON,True,0-6h,3,0.512038882409277,0.2805202135643557,2023-01-02 23:01:42+00:00,1.0,1.650662941687166,2.5908623658846746,0.3235,0.989,1
368166560,ARGOS PLATFORM,True,0-6h,7,0.25944840910929196,0.1556532353005773,2023-01-03 00:01:42+00:00,0.0,5.242219595239603,6.372945161851723,0.0,0.6595,2
538005314,OCEAN BLACKHORNET,True,0-6h,7,0.21926046869941543,0.14074016797771224,2023-01-03 00:01:42+00:00,0.0,5.100855876411074,6.105841730111332,0.0,0.7125,3
367507790,HARVEY SUPPORTER,True,0-6h,7,0.1128298264994296,0.07671161323928051,2023-01-03 00:01:42+00:00,0.0,6.394775417161778,8.316281390523702,0.0,0.3595,4
538005361,OCEAN BLACKLION,True,0-6h,7,0.10663940349139063,0.07592795042754719,2023-01-02 23:01:42+00:00,1.0,6.504524117570465,8.45064587609179,0.0,0.3075,5
368196410,C-CONSTRUCTOR,True,0-6h,7,0.07226110068784902,0.04759579931879309,2023-01-03 00:01:42+00:00,0.0,7.535581890568549,9.455345021847698,0.0,0.175,6
369494392,BP MAD DOG PLATFORM,False,0-6h,5,0.004564708900346529,0.0026641147933632045,2023-01-02 23:01:42+00:00,1.0,13.086437977166348,14.92229243204748,0.0,0.0,7
367550980,BIG FOOT,False,0-6h,6,0.0023637636827921605,0.0007395605354632641,2023-01-02 18:01:42+00:00,6.0,14.940019406876162,15.578194694649689,0.0,0.0,8
367780870,SARAH BORDELON,False,0-6h,3,0.0022435332154494745,0.0011475238484069498,2023-01-02 20:01:42+00:00,4.0,14.469809100181473,15.591142030884447,0.0,0.0,9
311012300,POLARCUS ALIMA,False,0-6h,6,0.0014323300710066891,0.0003242723600483872,2023-01-02 21:01:42+00:00,3.0,15.11746832226338,16.325221067546057,0.0,0.0,10
368179260,MILLIE,False,0-6h,7,1.2506309701167777e-05,4.314095006663424e-06,2023-01-03 00:01:42+00:00,0.0,21.872058547270733,22.484571884603405,0.0,0.0,11
235053116,SEVEN OCEANS,False,0-6h,6,7.874390255692607e-06,3.0006040465496653e-06,2023-01-03 00:01:42+00:00,0.0,22.18671435156285,23.3829779064549,0.0,0.0,12
366048300,HOLSTEIN,False,0-6h,6,6.7359460223481674e-06,2.4089834168816526e-06,2023-01-02 23:01:42+00:00,1.0,22.52189785714549,23.14214789338035,0.0,0.0,13
367773540,LUCY,False,0-6h,7,3.7501604944113715e-06,1.139414149087466e-06,2023-01-03 00:01:42+00:00,0.0,23.023464647915844,24.17850448384349,0.0,0.0,14
366050100,TLP SHENZI,False,0-6h,6,2.216989507454307e-10,8.981423456127163e-11,2023-01-03 00:01:42+00:00,0.0,30.948024678636937,32.69087683789063,0.0,0.0,15
367127480,TAHITI SPAR,False,0-6h,7,7.72702080141168e-11,2.5326333426814692e-11,2023-01-03 00:01:42+00:00,0.0,31.91491718371814,33.10005894977944,0.0,0.0,16
366908680,MARCO POLO TLP,False,0-6h,4,3.4120871729935056e-11,1.1492373141081861e-11,2023-01-03 00:01:42+00:00,0.0,32.60785628700556,34.08074100692844,0.0,0.0,17
538009623,WEST AURIGA,False,0-6h,4,1.3140989654359417e-12,6.240235384134893e-13,2023-01-02 23:01:42+00:00,1.0,34.578935570168866,36.54059761896076,0.0,0.0,18
369550000,Q4000,False,0-6h,3,1.2362616212602885e-12,6.461389719544734e-13,2023-01-02 22:01:42+00:00,2.0,34.88295619672027,36.13012296828945,0.0,0.0,19
369224000,HARVEY PROVIDER,False,0-6h,2,6.338217472892888e-13,4.0529658674594566e-13,2023-01-02 21:01:42+00:00,3.0,35.35436512319978,36.58403379886483,0.0,0.0,20
538004610,DEEPWATER INVICTUS,False,0-6h,6,2.933409421417987e-13,8.303167182906922e-14,2023-01-02 23:01:42+00:00,1.0,35.901760474881684,37.44883208437402,0.0,0.0,21
369494390,BP ATLANTIS PLATFORM,False,0-6h,1,2.4595943399295744e-13,2.4595943399295744e-13,2023-01-03 00:01:42+00:00,0.0,35.73484768339578,37.69972465090009,0.0,0.0,22
577358000,ISLAND VENTURE,False,0-6h,7,1.460825843809963e-13,6.630119008889104e-14,2023-01-03 00:01:42+00:00,0.0,36.09532244797857,38.0461332813278,0.0,0.0,23
369533000,LIGHTNING,False,0-6h,6,9.737226621118716e-15,1.6228741067290582e-15,2023-01-02 18:01:42+00:00,6.0,37.87113357242805,39.83651420795918,0.0,0.0,24
367666910,CAJUN IV,False,0-6h,6,2.302338885854876e-15,3.838527218846901e-16,2023-01-02 22:01:42+00:00,2.0,39.137374146689076,40.214575490398886,0.0,0.0,25
366054900,STAMPEDE TLP,False,0-6h,7,1.4996146218648672e-17,3.395936607728957e-18,2023-01-03 00:01:42+00:00,0.0,42.785256532366624,43.24840063313234,0.0,0.0,26
563086300,BW PIONEER,False,0-6h,1,3.1770370669026426e-18,3.1770370669026426e-18,2023-01-02 21:01:42+00:00,3.0,43.68053747805105,44.05814498629896,0.0,0.0,27
636016002,PACIFIC SHARAV,False,0-6h,6,5.999742165114767e-24,1.5780788144628137e-24,2023-01-03 00:01:42+00:00,0.0,50.196290534534036,51.36712140805753,0.0,0.0,28
368508000,GENIE LAB,False,0-6h,6,4.7157493791438006e-24,1.2153898238588374e-24,2023-01-03 00:01:42+00:00,0.0,50.31572209081904,51.48479090309593,0.0,0.0,29
338125915,CONSTITUTION SPAR,False,0-6h,7,1.3836399215656164e-25,5.453121132264169e-26,2023-01-03 00:01:42+00:00,0.0,51.725849476497274,53.127385315058405,0.0,0.0,30
11,CONSTITUTION,False,0-6h,4,4.716117413772931e-26,2.983999053998456e-26,2023-01-02 21:01:42+00:00,3.0,52.234220105815794,53.62862920463148,0.0,0.0,31
3660489,NEPTUNE TLP,False,0-6h,7,2.290409618248883e-26,7.044298578916134e-27,2023-01-03 00:01:42+00:00,0.0,52.48924901127241,54.33503100466637,0.0,0.0,32
368042000,ODYSSEA SPIRIT,False,0-6h,5,1.8596394016672159e-26,5.813548424868926e-27,2023-01-02 23:01:42+00:00,1.0,52.585675939577236,54.43647915558992,0.0,0.0,33
303260000,GINNY LAB,False,0-6h,5,1.7714340809931446e-26,7.097137821982799e-27,2023-01-02 23:01:42+00:00,1.0,52.60886602325918,54.4585924535355,0.0,0.0,34
369286000,HARVEY EXPLORER,False,0-6h,4,3.9566122505957085e-36,9.891530626489271e-37,2023-01-02 18:01:42+00:00,6.0,62.450277992868806,63.600563652462135,0.0,0.0,35
477166800,UNI SUNSHINE,False,0-6h,5,8.75855087118394e-40,1.7518105685727044e-40,2023-01-03 00:01:42+00:00,0.0,65.43697354252926,67.3287142556524,0.0,0.0,36
367486440,FAST GOLIATH,False,0-6h,2,2.304702478849341e-40,1.1523512394246705e-40,2023-01-02 21:01:42+00:00,3.0,66.20371689040692,67.42787774850268,0.0,0.0,37
368087000,C-CARRIER,False,0-6h,6,1.6716975033614777e-40,3.3895132237219847e-41,2023-01-02 20:01:42+00:00,4.0,66.62719991272215,67.48409235365033,0.0,0.0,38
367556730,HARVEY COLT,False,0-6h,6,4.0751010661727096e-45,8.028735035328987e-46,2023-01-03 00:01:42+00:00,0.0,70.23949841500612,71.0826491273497,0.0,0.0,39
369108000,CADE CANDIES,False,0-6h,7,3.6849205261641103e-47,6.467060949104413e-48,2023-01-03 00:01:42+00:00,0.0,71.86099379629623,72.74370078668449,0.0,0.0,40
538005579,DEEPWATER CONQUEROR,False,0-6h,6,7.42886425105471e-48,4.337996627563528e-48,2023-01-02 18:01:42+00:00,6.0,72.22807310881633,73.4392326247322,0.0,0.0,41
538005123,DEEPWATER THALASSA,False,0-6h,6,1.527846324160818e-50,2.680368531706869e-51,2023-01-02 19:01:42+00:00,5.0,74.73590903879949,75.45523201360908,0.0,0.0,42
367785160,BRUTUS TLP,False,0-6h,7,7.077623009017276e-52,1.2492719459189517e-52,2023-01-03 00:01:42+00:00,0.0,75.78601625204831,76.30070720459356,0.0,0.0,43
538005124,DEEPWATER PROTEUS,False,0-6h,7,3.1168079324718053e-53,5.458760754311008e-54,2023-01-03 00:01:42+00:00,0.0,76.7806187094898,77.32254432530345,0.0,0.0,44
367657110,PECAN ISLAND,False,0-6h,7,3.1141484105054624e-54,5.244324908587222e-55,2023-01-02 23:01:42+00:00,1.0,77.5183231258979,78.06554677904619,0.0,0.0,45
368059520,DEER ISLAND,False,0-6h,3,2.3893814098157712e-54,1.37977614183016e-54,2023-01-02 23:01:42+00:00,1.0,77.60604951354004,78.31393211059414,0.0,0.0,46
369045000,HARVEY STONE,False,0-6h,3,2.0782314440097373e-55,7.228854036157954e-56,2023-01-02 19:01:42+00:00,5.0,78.36520622085334,79.12847373608763,0.0,0.0,47
311062000,HELIX PRODUCER I,False,0-6h,7,8.408236157831501e-75,1.4895531936802167e-75,2023-01-03 00:01:42+00:00,0.0,91.16395877731463,92.28066752445596,0.0,0.0,48
374788000,PRELUDE,False,0-6h,6,1.6046248168119946e-82,2.6881715742642505e-83,2023-01-02 21:01:42+00:00,3.0,96.28134339814464,96.80857360458141,0.0,0.0,49
352978139,GRAND WINNER 3,False,0-6h,2,1.900871529467546e-84,9.504357647350965e-85,2023-01-02 23:01:42+00:00,1.0,97.21274696050892,98.18174884194474,0.0,0.0,50
538008599,OVERSEAS SUN COAST,False,0-6h,6,1.5864817753619996e-89,2.758873941038593e-90,2023-01-02 19:01:42+00:00,5.0,99.98012992172006,100.9476409889469,0.0,0.0,51
367391920,HARVEY JAGUAR,False,0-6h,2,2.942087095905092e-90,1.4710435479525462e-90,2023-01-02 23:01:42+00:00,1.0,100.39918081971665,101.37044504659065,0.0,0.0,52
636019868,CMA CGM BERLIOZ,False,0-6h,2,2.304256917226918e-92,1.152128458613459e-92,2023-01-02 18:01:42+00:00,6.0,101.5466847710221,102.71933255976514,0.0,0.0,53
538005126,DEEPWATER POSEIDON,False,0-6h,1,2.7701128460061253e-96,2.7701128460061253e-96,2023-01-03 00:01:42+00:00,0.0,103.96935549792298,104.8533868848703,0.0,0.0,54
538004609,DEEPWATER ASGARD,False,0-6h,7,1.3623466187743652e-97,2.585081254861705e-98,2023-01-03 00:01:42+00:00,0.0,104.51636203163176,106.11148857946816,0.0,0.0,55
369240000,PEYTON CANDIES,False,0-6h,7,9.27480730789857e-98,1.7735592313541395e-98,2023-01-03 00:01:42+00:00,0.0,104.60817136472873,106.202805252919,0.0,0.0,56
538005035,ROWAN RELENTLESS,False,0-6h,1,1.5234952052359056e-103,1.5234952052359056e-103,2023-01-02 23:01:42+00:00,1.0,107.9877275440819,108.89090733009401,0.0,0.0,57
367561140,HARVEY HAWK,False,0-6h,1,1.1525378835415917e-103,1.1525378835415917e-103,2023-01-02 23:01:42+00:00,1.0,108.05212553236015,108.9555466665103,0.0,0.0,58
367710550,MS NANCY,False,0-6h,6,2.3224678984391717e-106,4.3358992868356073e-107,2023-01-03 00:01:42+00:00,0.0,109.36163733130091,110.25447964823493,0.0,0.0,59
369139000,HOS BRIMSTONE,False,0-6h,3,9.039223506998475e-107,3.013074502332828e-107,2023-01-02 18:01:42+00:00,6.0,109.4460017915369,111.04168057026152,0.0,0.0,60
371765000,WEST NEPTUNE,False,0-6h,7,6.67063541741927e-113,1.0810298766747816e-113,2023-01-03 00:01:42+00:00,0.0,112.7421270553153,113.75318904181339,0.0,0.0,61
367067370,CHRISTIAN CHOUEST,False,0-6h,7,4.976352631634625e-113,8.008055642628736e-114,2023-01-03 00:01:42+00:00,0.0,112.8067770233852,113.81831920597772,0.0,0.0,62
311000467,LUZON SPIRIT,False,0-6h,1,5.599948035283213e-114,5.599948035283213e-114,2023-01-02 20:01:42+00:00,4.0,113.13746907317018,114.59386176139763,0.0,0.0,63
354791000,VICTORY-G,False,0-6h,2,6.485163367575695e-120,3.242584809661252e-120,2023-01-02 18:01:42+00:00,6.0,116.10650775104494,117.8799452074356,0.0,0.0,64
257040610,OLYMPIC ARTEMIS,False,0-6h,5,9.651589378956363e-140,2.3397856715232233e-140,2023-01-02 18:01:42+00:00,6.0,125.57706435638895,127.12285842341602,0.0,0.0,65
367550980,BIG FOOT,False,12-24h,6,0.09034338599401184,0.06696586121020466,2023-01-02 11:01:42+00:00,13.0,7.259637189810503,8.518984923901119,0.0,0.298,1
367775000,MAERSK OHIO,False,12-24h,8,0.04787242863202404,0.005984063919236058,2023-01-02 05:01:42+00:00,19.0,10.470685546561233,11.589712620937929,0.0,0.0,2
368589000,OVERSEAS CASCADE,False,12-24h,3,0.0019365838864979,0.0006826739235249248,2023-01-02 10:01:42+00:00,14.0,16.745389602462975,17.00899398257037,0.0,0.0,3
367655260,SHELIA BORDELON,True,12-24h,3,0.0012022613047105808,0.0009290830824494964,2023-01-02 09:01:42+00:00,15.0,16.63621212009318,17.083580417875826,0.0,0.0,4
538005361,OCEAN BLACKLION,True,12-24h,8,0.00048582597940406057,0.00012949769128024475,2023-01-02 11:01:42+00:00,13.0,17.64857208932264,18.691662576003054,0.0,0.0,5
367507790,HARVEY SUPPORTER,True,12-24h,12,0.000334016507962501,6.613109257690368e-05,2023-01-02 11:01:42+00:00,13.0,18.199168539988886,19.212535166328088,0.0,0.0,6
368166560,ARGOS PLATFORM,True,12-24h,7,0.0001397574442264266,3.28028652054602e-05,2023-01-02 11:01:42+00:00,13.0,19.472429637277273,20.505492854392543,0.0,0.0,7
235053116,SEVEN OCEANS,False,12-24h,2,0.00010510662367585016,7.201148008839722e-05,2023-01-02 11:01:42+00:00,13.0,19.92063625705443,20.839108613958757,0.0,0.0,8
368196410,C-CONSTRUCTOR,True,12-24h,6,9.952749024453301e-05,5.5449972695058665e-05,2023-01-02 11:01:42+00:00,13.0,19.635374070921976,20.682541278656238,0.0,0.0,9
538005314,OCEAN BLACKHORNET,True,12-24h,3,6.85255429620935e-05,3.060167209728827e-05,2023-01-02 11:01:42+00:00,13.0,20.15644273853034,20.672509983220344,0.0,0.0,10
369494392,BP MAD DOG PLATFORM,False,12-24h,3,1.5568207114040202e-06,8.300762097064354e-07,2023-01-02 11:01:42+00:00,13.0,23.874586890288885,25.10843504610471,0.0,0.0,11
367684260,PELICAN ISLAND,False,12-24h,2,6.554330626149023e-07,4.6061158058260933e-07,2023-01-02 11:01:42+00:00,13.0,24.699975191020876,25.946493601738958,0.0,0.0,12
369045000,HARVEY STONE,False,12-24h,5,4.5541280671259905e-09,9.108256134251981e-10,2023-01-02 11:01:42+00:00,13.0,28.90955043798064,30.00547932857484,0.0,0.0,13
563086300,BW PIONEER,False,12-24h,2,4.518531614270974e-09,2.8390214141797737e-09,2023-01-02 10:01:42+00:00,14.0,29.24463668690012,29.813255988365746,0.0,0.0,14
311012300,POLARCUS ALIMA,False,12-24h,3,3.393823758785943e-10,1.1320070757697642e-10,2023-01-02 09:01:42+00:00,15.0,31.00962960654926,31.94307842192771,0.0,0.0,15
366495000,OVERSEAS CHINOOK,False,12-24h,9,7.996966183509444e-11,9.415067415798512e-12,2023-01-02 08:01:42+00:00,16.0,33.35318873507334,33.56294642720952,0.0,0.0,16
338147342,HEIDELBERG SPAR,False,12-24h,12,1.9457211935943592e-11,1.968461598053067e-12,2023-01-02 11:01:42+00:00,13.0,33.018762425911575,34.24972895228529,0.0,0.0,17
369702000,COASTAL RELIANCE,False,12-24h,1,7.897346095413296e-13,7.897346095413296e-13,2023-01-02 11:01:42+00:00,13.0,36.07016850043242,36.58492976512765,0.0,0.0,18
368179260,MILLIE,False,12-24h,9,1.7976809355110195e-13,2.2267687172864645e-14,2023-01-02 11:01:42+00:00,13.0,36.93553445230977,37.478201102568846,0.0,0.0,19
366048300,HOLSTEIN,False,12-24h,2,1.2293828484237406e-13,6.752392920069782e-14,2023-01-02 11:01:42+00:00,13.0,37.19773830417377,37.72558565505664,0.0,0.0,20
369286000,HARVEY EXPLORER,False,12-24h,3,7.730165234616442e-14,2.858919838004432e-14,2023-01-02 11:01:42+00:00,13.0,37.49353953367602,38.0316080131422,0.0,0.0,21
367780870,SARAH BORDELON,False,12-24h,2,2.356259469711781e-16,1.1793737652369793e-16,2023-01-02 10:01:42+00:00,14.0,40.87237944234749,41.59191281291226,0.0,0.0,22
538009623,WEST AURIGA,False,12-24h,4,1.6097716301312315e-16,9.314929926552834e-17,2023-01-02 11:01:42+00:00,13.0,40.5453300801648,42.310978559419794,0.0,0.0,23
369494390,BP ATLANTIS PLATFORM,False,12-24h,3,1.4994562944773877e-16,1.1438377889916944e-16,2023-01-02 11:01:42+00:00,13.0,40.554064667972796,42.37383700124385,0.0,0.0,24
366050100,TLP SHENZI,False,12-24h,6,6.783123104267328e-17,1.8106304512389448e-17,2023-01-02 11:01:42+00:00,13.0,41.29323610237679,42.732719834846876,0.0,0.0,25
369533000,LIGHTNING,False,12-24h,3,6.575153323885456e-17,4.897736680107112e-17,2023-01-02 11:01:42+00:00,13.0,41.051451021981585,42.86578281430005,0.0,0.0,26
577358000,ISLAND VENTURE,False,12-24h,11,2.53260409882116e-17,1.2283664260666257e-17,2023-01-02 01:01:42+00:00,23.0,41.852384221153216,43.35499424660818,0.0,0.0,27
367127480,TAHITI SPAR,False,12-24h,7,1.7434445165740864e-19,2.6445757540635028e-20,2023-01-02 11:01:42+00:00,13.0,44.81810402344538,45.73088469976785,0.0,0.0,28
366908680,MARCO POLO TLP,False,12-24h,3,1.4060949280497245e-19,5.720579102785663e-20,2023-01-02 11:01:42+00:00,13.0,45.0067728425485,46.1962662074547,0.0,0.0,29
369550000,Q4000,False,12-24h,6,1.1068426406132399e-20,1.947317503703445e-21,2023-01-02 11:01:42+00:00,13.0,46.25754707809851,47.232924794679995,0.0,0.0,30
369224000,HARVEY PROVIDER,False,12-24h,3,8.021130760068319e-21,2.824083359027381e-21,2023-01-02 11:01:42+00:00,13.0,46.43028039086194,47.40307824929823,0.0,0.0,31
538004610,DEEPWATER INVICTUS,False,12-24h,8,1.3281715747109519e-21,2.151194751199286e-22,2023-01-02 11:01:42+00:00,13.0,47.403808510040406,48.69704394467832,0.0,0.0,32
303517000,JOSHUA CANDIES,False,12-24h,2,1.6253255525862207e-23,8.126627762931147e-24,2023-01-02 10:01:42+00:00,14.0,49.834122939367106,50.54514882560885,0.0,0.0,33
367634690,CAJUN II,False,12-24h,2,2.6117723635009205e-28,1.3502204969381639e-28,2023-01-02 10:01:42+00:00,14.0,54.9344720669979,55.96890502065067,0.0,0.0,34
366054900,STAMPEDE TLP,False,12-24h,5,4.843604798836576e-31,9.998125495837535e-32,2023-01-02 11:01:42+00:00,13.0,57.80925012711017,58.52337934785299,0.0,0.0,35
368042000,ODYSSEA SPIRIT,False,12-24h,5,4.323227210750998e-31,1.9679405675945289e-31,2023-01-02 11:01:42+00:00,13.0,57.47922209471473,59.086712055801655,0.0,0.0,36
11,CONSTITUTION,False,12-24h,3,4.9710221786853115e-34,1.7078217424926041e-34,2023-01-02 11:01:42+00:00,13.0,60.391543531131774,61.57746519265386,0.0,0.0,37
338125915,CONSTITUTION SPAR,False,12-24h,8,4.621022444553561e-34,5.962152259429378e-35,2023-01-02 11:01:42+00:00,13.0,60.4214264056206,61.60743616095389,0.0,0.0,38
3660489,NEPTUNE TLP,False,12-24h,12,1.8696973755204087e-34,6.030266661876875e-35,2023-01-02 11:01:42+00:00,13.0,60.69807526506745,62.37290875289286,0.0,0.0,39
303260000,GINNY LAB,False,12-24h,3,6.860847442629807e-35,3.3899519364949323e-35,2023-01-02 11:01:42+00:00,13.0,61.11141547671435,62.77186447534031,0.0,0.0,40
636016002,PACIFIC SHARAV,False,12-24h,5,1.511723135290789e-38,3.367334420231612e-39,2023-01-02 10:01:42+00:00,14.0,64.7839716189421,65.79935368644222,0.0,0.0,41
368059520,DEER ISLAND,False,12-24h,1,1.3269500942901904e-38,1.3269500942901904e-38,2023-01-02 11:01:42+00:00,13.0,64.87618713769533,65.74376974627336,0.0,0.0,42
538005123,DEEPWATER THALASSA,False,12-24h,1,1.2089985176805555e-38,1.2089985176805555e-38,2023-01-02 11:01:42+00:00,13.0,64.91228234287416,65.77882946856637,0.0,0.0,43
367416060,HARVEY RAIN,False,12-24h,5,2.8649067891805076e-41,5.729813578361015e-42,2023-01-02 06:01:42+00:00,18.0,66.89475424080442,68.1629053363784,0.0,0.0,44
636020125,ROSTRUM,False,12-24h,6,3.032951672526709e-47,1.0056003749106413e-47,2023-01-02 09:01:42+00:00,15.0,71.90057112962306,72.83944567515566,0.0,0.0,45
366667000,JUAN C,False,12-24h,2,6.893403948013409e-53,3.469669337511663e-53,2023-01-02 11:01:42+00:00,13.0,76.14959072342748,77.32066524791051,0.0,0.0,46
538005579,DEEPWATER CONQUEROR,False,12-24h,5,1.863147259126487e-53,3.854392486828229e-54,2023-01-02 11:01:42+00:00,13.0,76.60410688441578,77.64462920012839,0.0,0.0,47
368087000,C-CARRIER,False,12-24h,2,3.051875381746288e-54,1.5586779330033126e-54,2023-01-02 11:01:42+00:00,13.0,77.24911953078521,78.36185296049986,0.0,0.0,48
538004028,RIO GRANDE,False,12-24h,4,1.0412067357636217e-57,2.7853379787516797e-58,2023-01-02 08:01:42+00:00,16.0,79.96904527058176,80.9315631127514,0.0,0.0,49
338297000,SEACOR CHIEF,False,12-24h,3,5.697484285205107e-65,1.9012033574065926e-65,2023-01-02 09:01:42+00:00,15.0,84.77978172518932,85.90368389117977,0.0,0.0,50
367556730,HARVEY COLT,False,12-24h,9,3.749874369984997e-66,4.197293605881791e-67,2023-01-02 11:01:42+00:00,13.0,85.5208646057976,86.58645083694174,0.0,0.0,51
538008511,TEAM BRAVO,False,12-24h,5,1.7847271846412953e-66,3.5785327720555355e-67,2023-01-02 00:01:42+00:00,24.0,85.86292604195083,86.8488063363327,0.0,0.0,52
369108000,CADE CANDIES,False,12-24h,3,3.1501884827786065e-68,1.057223523170639e-68,2023-01-02 11:01:42+00:00,13.0,86.8971655474728,87.95981148290718,0.0,0.0,53
538003882,DUBAI ANGEL,False,12-24h,6,1.9424006660640313e-69,5.363810712402854e-70,2023-01-02 02:01:42+00:00,22.0,87.70686775623818,89.371023917645,0.0,0.0,54
367785160,BRUTUS TLP,False,12-24h,9,4.842856966542526e-74,5.404374373011387e-75,2023-01-02 11:01:42+00:00,13.0,90.8797586181781,91.5335000247746,0.0,0.0,55
538005124,DEEPWATER PROTEUS,False,12-24h,9,1.2582314526961678e-75,1.4036150319784244e-76,2023-01-02 11:01:42+00:00,13.0,91.9088725552167,92.52204537584245,0.0,0.0,56
367657110,PECAN ISLAND,False,12-24h,8,8.8860994516302e-76,1.1151917700711342e-76,2023-01-02 11:01:42+00:00,13.0,92.00346978578192,92.61623729987637,0.0,0.0,57
311000246,CREOLE SPIRIT,False,12-24h,1,4.399228023493142e-76,4.399228023493142e-76,2023-01-02 11:01:42+00:00,13.0,92.21422845225037,93.1959299573134,0.0,0.0,58
367730190,BIG P,False,12-24h,3,3.868435672601983e-80,1.2894785575339945e-80,2023-01-02 11:01:42+00:00,13.0,94.46630885389878,95.58864173751564,0.0,0.0,59
303520000,SULPHUR ENTERPRISE,False,12-24h,5,3.1872435532288347e-80,7.607646495385227e-81,2023-01-02 08:01:42+00:00,16.0,94.47500694466231,95.62557410710939,0.0,0.0,60
538005035,ROWAN RELENTLESS,False,12-24h,1,1.7134015786896744e-82,1.7134015786896744e-82,2023-01-02 10:01:42+00:00,14.0,96.10763495668057,97.15270421445993,0.0,0.0,61
538005126,DEEPWATER POSEIDON,False,12-24h,4,1.0485735865252804e-88,3.329831494654171e-89,2023-01-02 11:01:42+00:00,13.0,99.68201707016888,100.76389634983703,0.0,0.0,62
311062000,HELIX PRODUCER I,False,12-24h,8,1.2731116657141516e-96,1.5937812087989048e-97,2023-01-02 11:01:42+00:00,13.0,104.03869223956633,104.99565893696071,0.0,0.0,63
353984000,ESTEEM ENERGY,False,12-24h,2,1.0935469245932517e-101,5.467734622966259e-102,2023-01-02 00:01:42+00:00,24.0,106.91875688897431,107.91336427021832,0.0,0.0,64
538009588,VENTURE OCEAN,False,12-24h,2,3.335505557052022e-106,1.6677527785290348e-106,2023-01-02 01:01:42+00:00,23.0,109.04196908967289,110.32597791097841,0.0,0.0,65
538007655,STAR DALMATIA,False,12-24h,3,5.665406352042155e-110,1.8884688361170762e-110,2023-01-02 11:01:42+00:00,13.0,111.00865847780929,112.30179654246884,0.0,0.0,66
354791000,VICTORY-G,False,12-24h,3,6.383521824943347e-112,2.127840625283682e-112,2023-01-02 11:01:42+00:00,13.0,112.10773206944201,113.79736598337873,0.0,0.0,67
311000222,EMERALD SPIRIT,False,12-24h,5,3.362409744154197e-113,6.724946311519476e-114,2023-01-02 10:01:42+00:00,14.0,112.67245572907805,113.90840303277197,0.0,0.0,68
235076282,PARAMOUNT HALIFAX,False,12-24h,7,7.938159539508612e-116,1.1353226391368003e-116,2023-01-02 09:01:42+00:00,15.0,114.03562157259267,115.07085567690172,0.0,0.0,69
538004609,DEEPWATER ASGARD,False,12-24h,8,8.439187578191937e-118,1.1289527241581226e-118,2023-01-02 11:01:42+00:00,13.0,115.11414842549868,116.63218393075877,0.0,0.0,70
369139000,HOS BRIMSTONE,False,12-24h,4,6.469647880990246e-118,1.7036214641723066e-118,2023-01-02 11:01:42+00:00,13.0,115.17114885561863,116.69252535153687,0.0,0.0,71
369240000,PEYTON CANDIES,False,12-24h,12,5.721261565694904e-118,5.115282501787424e-119,2023-01-02 11:01:42+00:00,13.0,115.19847339679389,116.71601915342936,0.0,0.0,72
374113000,MEIYU,False,12-24h,6,2.6461089712218708e-121,4.4844873491046785e-122,2023-01-02 03:01:42+00:00,21.0,117.01872178455307,117.58180713296315,0.0,0.0,73
257040610,OLYMPIC ARTEMIS,False,12-24h,8,3.516537406096293e-122,4.4037068275882815e-123,2023-01-02 06:01:42+00:00,18.0,117.29435277577282,118.75363057892214,0.0,0.0,74
563073700,MAERSK MEMPHIS,False,12-24h,3,1.1033440094521132e-127,3.6778133648403777e-128,2023-01-02 00:01:42+00:00,24.0,120.04486395171605,120.7718768145538,0.0,0.0,75
367474360,OCEAN PROJECT,False,12-24h,2,2.3883202691455573e-131,1.1941601345727786e-131,2023-01-02 07:01:42+00:00,17.0,121.79798977840791,122.49155556015822,0.0,0.0,76
368508000,GENIE LAB,False,12-24h,1,1.0558660957907834e-132,1.0558660957907834e-132,2023-01-02 10:01:42+00:00,14.0,122.20167394400796,123.4347566309906,0.0,0.0,77
367445000,PATI R MORAN,False,12-24h,1,2.3984495796779072e-133,2.3984495796779072e-133,2023-01-02 00:01:42+00:00,24.0,122.71210014731756,123.46430481827053,0.0,0.0,78
371765000,WEST NEPTUNE,False,12-24h,12,1.0886370559388679e-141,9.108884558479707e-143,2023-01-02 11:01:42+00:00,13.0,126.56427149114343,127.56988757689372,0.0,0.0,79
367067370,CHRISTIAN CHOUEST,False,12-24h,9,5.256217173519449e-142,5.863795643224373e-143,2023-01-02 11:01:42+00:00,13.0,126.70754532767677,127.71368600810331,0.0,0.0,80
338628000,ODYSSEA BARON,False,12-24h,3,2.3265115691778603e-143,1.2229045687915017e-143,2023-01-02 00:01:42+00:00,24.0,127.11043027202273,128.40639292553342,0.0,0.0,81
366987890,CAPT RUDY,False,12-24h,2,3.491832477194143e-177,1.7459162388024776e-177,2023-01-02 11:01:42+00:00,13.0,141.67056934636435,142.69429101174006,0.0,0.0,82
367550980,BIG FOOT,False,24-36h,3,0.2810914904565684,0.17583212257033365,2023-01-01 16:01:42+00:00,32.0,3.9850913759404865,4.883472731645178,0.108,0.6165,1
408919000,SEAPEAK BAHRAIN,False,24-36h,4,0.12686029184053785,0.03171516008925019,2023-01-01 15:01:42+00:00,33.0,7.40907214540146,7.600162816359192,0.0,0.214,2
548704000,KERRY EXPRESS,False,24-36h,3,0.001980503428964284,0.000660167809664541,2023-01-01 12:01:42+00:00,36.0,15.260164135412213,16.19687923729289,0.0,0.0,3
241365000,MARAN GAS ACHILLES,False,24-36h,4,7.399097862772997e-05,1.8497744656932497e-05,2023-01-01 15:01:42+00:00,33.0,18.753066672585025,20.271820614396695,0.0,0.0,4
368196410,C-CONSTRUCTOR,True,24-36h,9,6.126976853021791e-05,1.7649382291768855e-05,2023-01-01 23:01:42+00:00,25.0,20.171157999146878,21.519799251792175,0.0,0.0,5
538005361,OCEAN BLACKLION,True,24-36h,3,4.6354452995172586e-05,3.820178440373939e-05,2023-01-01 23:01:42+00:00,25.0,20.495124648562545,21.840507910985377,0.0,0.0,6
367507790,HARVEY SUPPORTER,True,24-36h,12,3.0773557743308784e-05,8.252016248773236e-06,2023-01-01 23:01:42+00:00,25.0,20.951657926215837,22.29914889306481,0.0,0.0,7
368166560,ARGOS PLATFORM,True,24-36h,11,5.266163991247467e-06,1.7913437738915532e-06,2023-01-01 23:01:42+00:00,25.0,22.91137373996918,24.08361909766522,0.0,0.0,8
367416060,HARVEY RAIN,False,24-36h,2,4.82958754573896e-06,2.41479377286948e-06,2023-01-01 23:01:42+00:00,25.0,23.00149259719533,24.168524890960377,0.0,0.0,9
311012300,POLARCUS ALIMA,False,24-36h,4,8.639547805570258e-11,2.1604364270233997e-11,2023-01-01 18:01:42+00:00,30.0,32.18692701832876,33.082856084479,0.0,0.0,10
369494392,BP MAD DOG PLATFORM,False,24-36h,1,8.591599882876402e-11,8.591599882876402e-11,2023-01-01 15:01:42+00:00,33.0,32.245197628025046,33.622120661608214,0.0,0.0,11
338147342,HEIDELBERG SPAR,False,24-36h,12,1.8437610054956527e-12,8.272440667215916e-13,2023-01-01 17:01:42+00:00,31.0,35.10528122384682,35.87461193433949,0.0,0.0,12
311000876,STAR FIRST,False,24-36h,3,4.199828131864834e-16,1.3999427106216113e-16,2023-01-01 16:01:42+00:00,32.0,40.1830832584155,41.69238396027313,0.0,0.0,13
538009623,WEST AURIGA,False,24-36h,5,1.5174349641629041e-16,3.420058391770837e-17,2023-01-01 23:01:42+00:00,25.0,40.78489192087205,42.29043145201389,0.0,0.0,14
368179260,MILLIE,False,24-36h,11,9.146119866478916e-17,2.781593078289845e-17,2023-01-01 21:01:42+00:00,27.0,41.463137684313544,42.149271754795386,0.0,0.0,15
366048300,HOLSTEIN,False,24-36h,1,5.338549918707156e-17,5.338549918707156e-17,2023-01-01 23:01:42+00:00,25.0,41.7658485944779,42.46977778913206,0.0,0.0,16
367357000,CLAIRE CANDIES,False,24-36h,6,3.125865697607965e-17,5.212901868327238e-18,2023-01-01 18:01:42+00:00,30.0,42.21401872875863,42.80359826725892,0.0,0.0,17
369286000,HARVEY EXPLORER,False,24-36h,1,2.0143353702559384e-17,2.0143353702559384e-17,2023-01-01 18:01:42+00:00,30.0,42.47957753217278,43.05785613399076,0.0,0.0,18
577358000,ISLAND VENTURE,False,24-36h,12,1.2584930118779302e-17,1.6096673042430592e-18,2023-01-01 23:01:42+00:00,25.0,42.234874653752165,43.76116867927138,0.0,0.0,19
366050100,TLP SHENZI,False,24-36h,9,4.028481314145764e-18,5.617094151456063e-19,2023-01-01 23:01:42+00:00,25.0,43.30988930697788,44.39160826276145,0.0,0.0,20
369494390,BP ATLANTIS PLATFORM,False,24-36h,1,1.3512482663470223e-18,1.3512482663470223e-18,2023-01-01 19:01:42+00:00,29.0,43.3875082892738,45.11866327293689,0.0,0.0,21
367684260,PELICAN ISLAND,False,24-36h,1,9.632372880331008e-19,9.632372880331008e-19,2023-01-01 19:01:42+00:00,29.0,43.642404276877464,45.26266159227618,0.0,0.0,22
367127480,TAHITI SPAR,False,24-36h,9,4.261057658765993e-23,1.4675994814908604e-23,2023-01-01 20:01:42+00:00,28.0,49.233248455568855,50.14369365332454,0.0,0.0,23
538004610,DEEPWATER INVICTUS,False,24-36h,5,1.9300868329512497e-23,6.705845828943671e-24,2023-01-01 23:01:42+00:00,25.0,49.802405445848194,50.876952908231324,0.0,0.0,24
367666910,CAJUN IV,False,24-36h,1,1.3195004823255242e-23,1.3195004823255242e-23,2023-01-01 22:01:42+00:00,26.0,49.80031726826708,50.75037705482943,0.0,0.0,25
538005813,NAVE LUMINOSITY,False,24-36h,8,5.174243131583314e-28,1.207784955119298e-28,2023-01-01 12:01:42+00:00,36.0,54.16478977093093,56.31399880077074,0.0,0.0,26
366908680,MARCO POLO TLP,False,24-36h,1,1.9497604489602167e-28,1.9497604489602167e-28,2023-01-01 13:01:42+00:00,35.0,54.87170740940851,56.338820357124725,0.0,0.0,27
257432000,OSLO BULK 4,False,24-36h,6,2.803737942492323e-32,4.6741182546823967e-33,2023-01-01 17:01:42+00:00,31.0,58.910801000358624,59.82287216401698,0.0,0.0,28
3660489,NEPTUNE TLP,False,24-36h,12,4.73482996667169e-35,5.3388792071431576e-36,2023-01-01 23:01:42+00:00,25.0,61.363516873706814,62.7939968429962,0.0,0.0,29
368042000,ODYSSEA SPIRIT,False,24-36h,3,4.663083064328037e-35,1.5554950834456007e-35,2023-01-01 23:01:42+00:00,25.0,61.37019489077033,62.79943557849685,0.0,0.0,30
366054900,STAMPEDE TLP,False,24-36h,5,1.3312984018347594e-35,4.405474667154959e-36,2023-01-01 21:01:42+00:00,27.0,62.21076335545566,62.82583316034,0.0,0.0,31
338189000,BREEZE,False,24-36h,1,2.658491763295632e-36,2.658491763295632e-36,2023-01-01 22:01:42+00:00,26.0,62.65786432509355,63.56066019124033,0.0,0.0,32
338125915,CONSTITUTION SPAR,False,24-36h,8,4.573469708030494e-37,1.2849387875910583e-37,2023-01-01 18:01:42+00:00,30.0,63.57220192547821,64.21021014963014,0.0,0.0,33
303071000,GOL DIAMOND,False,24-36h,2,2.548033721040991e-38,1.2742032789263702e-38,2023-01-01 16:01:42+00:00,32.0,64.77528688003557,65.26127445335693,0.0,0.0,34
636016002,PACIFIC SHARAV,False,24-36h,12,9.553488240230456e-41,1.4386621836199973e-41,2023-01-01 23:01:42+00:00,25.0,66.4465003524494,67.70672942032381,0.0,0.0,35
538005579,DEEPWATER CONQUEROR,False,24-36h,10,2.1289679608826176e-52,8.4615124007165e-53,2023-01-01 15:01:42+00:00,33.0,75.97032982557975,77.27251858590195,0.0,0.0,36
308516000,DISNEY MAGIC,False,24-36h,2,6.482404692547255e-59,3.2412023462736274e-59,2023-01-01 17:01:42+00:00,31.0,80.72891783098517,82.110136742427,0.0,0.0,37
368087000,C-CARRIER,False,24-36h,3,4.763298845078864e-59,1.6059568424000776e-59,2023-01-01 23:01:42+00:00,25.0,80.57603339460388,81.88858621711144,0.0,0.0,38
367653160,FAST LEOPARD,False,24-36h,3,3.3606825951827077e-59,1.1202275317275693e-59,2023-01-01 15:01:42+00:00,33.0,80.75705837419058,81.79000316782734,0.0,0.0,39
367474360,OCEAN PROJECT,False,24-36h,2,3.665684823565777e-64,1.83284279348731e-64,2023-01-01 17:01:42+00:00,31.0,84.37498574057211,85.77660397116374,0.0,0.0,40
538010349,FEDERAL KIBUNE,False,24-36h,1,1.6741225473138174e-64,1.6741225473138174e-64,2023-01-01 18:01:42+00:00,30.0,84.65722738578611,85.81537489857706,0.0,0.0,41
338002000,TUCKER CANDIES,False,24-36h,3,2.5765572572739105e-66,8.588524190913035e-67,2023-01-01 21:01:42+00:00,27.0,85.5593842657092,86.87696230031098,0.0,0.0,42
367634690,CAJUN II,False,24-36h,2,5.375561896486527e-67,2.6877809482432635e-67,2023-01-01 23:01:42+00:00,25.0,86.3514795140735,87.01384161811157,0.0,0.0,43
538008511,TEAM BRAVO,False,24-36h,2,4.898657274558469e-73,2.4493286372792344e-73,2023-01-01 23:01:42+00:00,25.0,90.33801427865565,90.9929642689981,0.0,0.0,44
353984000,ESTEEM ENERGY,False,24-36h,4,1.9788318025049744e-75,5.53136337359416e-76,2023-01-01 21:01:42+00:00,27.0,91.53772086107584,93.30471550112041,0.0,0.0,45
367556730,HARVEY COLT,False,24-36h,9,1.0234234296562095e-75,1.78661101232404e-76,2023-01-01 23:01:42+00:00,25.0,92.04964935723736,92.5770396050015,0.0,0.0,46
369108000,CADE CANDIES,False,24-36h,4,5.235102402094838e-77,1.308829016422083e-77,2023-01-01 19:01:42+00:00,29.0,92.85917266938776,93.36628631226742,0.0,0.0,47
303517000,JOSHUA CANDIES,False,24-36h,1,4.4721109555010124e-77,4.4721109555010124e-77,2023-01-01 13:01:42+00:00,35.0,92.72756042917555,94.22134998216178,0.0,0.0,48
538005126,DEEPWATER POSEIDON,False,24-36h,4,4.316653086297592e-77,1.1286490065683316e-77,2023-01-01 13:01:42+00:00,35.0,92.73705794675806,94.23094550452336,0.0,0.0,49
367785160,BRUTUS TLP,False,24-36h,11,4.764623456039631e-81,1.3065325075651815e-81,2023-01-01 21:01:42+00:00,27.0,95.23652600824774,95.87762255617002,0.0,0.0,50
538005124,DEEPWATER PROTEUS,False,24-36h,12,9.838799617757563e-83,2.37874795660995e-83,2023-01-01 21:01:42+00:00,27.0,96.23728602743041,96.89058428092343,0.0,0.0,51
367657110,PECAN ISLAND,False,24-36h,11,6.62670718212873e-83,1.4493608114389865e-83,2023-01-01 21:01:42+00:00,27.0,96.33915147548961,96.99279691208525,0.0,0.0,52
338615000,C-RAMBLER,False,24-36h,3,1.653048847388618e-89,5.510162824628727e-90,2023-01-01 12:01:42+00:00,36.0,99.82009934754569,101.3168467253905,0.0,0.0,53
368051000,FAST MAMMOTH,False,24-36h,3,1.0345124824623157e-97,3.4483749415410526e-98,2023-01-01 12:01:42+00:00,36.0,104.71673958380387,105.52058245304173,0.0,0.0,54
311062000,HELIX PRODUCER I,False,24-36h,7,1.6316007472168115e-105,3.7625476514990873e-106,2023-01-01 16:01:42+00:00,32.0,108.88533348003584,109.7667182184733,0.0,0.0,55
367325730,MS WENDY,False,24-36h,4,2.760127591815302e-110,1.3845383999447065e-110,2023-01-01 12:01:42+00:00,36.0,111.39278738226922,112.19980739114979,0.0,0.0,56
538009588,VENTURE OCEAN,False,24-36h,5,7.931245602454193e-117,1.5862491257667475e-117,2023-01-01 23:01:42+00:00,25.0,114.83969480454769,115.37507966984009,0.0,0.0,57
244848000,DONAUGRACHT,False,24-36h,4,2.054001883910742e-118,5.135064019659212e-119,2023-01-01 21:01:42+00:00,27.0,115.47727068706054,116.18154982492592,0.0,0.0,58
538004609,DEEPWATER ASGARD,False,24-36h,12,1.7194818170997997e-120,1.6366876214327572e-121,2023-01-01 23:01:42+00:00,25.0,116.48556017739288,117.79346515307577,0.0,0.0,59
369240000,PEYTON CANDIES,False,24-36h,12,1.1470350149796037e-120,1.0913753138021121e-121,2023-01-01 23:01:42+00:00,25.0,116.57231961210069,117.87972849047655,0.0,0.0,60
563073700,MAERSK MEMPHIS,False,24-36h,3,3.543368506054442e-121,2.1484601754851058e-121,2023-01-01 22:01:42+00:00,26.0,116.69803506462797,117.72889501836656,0.0,0.0,61
367445000,PATI R MORAN,False,24-36h,4,4.763932778788639e-122,1.1934683279716042e-122,2023-01-01 22:01:42+00:00,26.0,117.32825454016137,117.95533326994769,0.0,0.0,62
538090538,DIONI.GR,False,24-36h,4,1.0997210889423807e-135,2.7493027223727167e-136,2023-01-01 12:01:42+00:00,36.0,123.89040010640694,124.44568326724325,0.0,0.0,63
257040610,OLYMPIC ARTEMIS,False,24-36h,12,5.081967113604917e-136,4.2354251220505967e-137,2023-01-01 23:01:42+00:00,25.0,123.90570770602196,125.2818220372942,0.0,0.0,64
338628000,ODYSSEA BARON,False,24-36h,8,3.7688012268723616e-143,8.188542620620713e-144,2023-01-01 23:01:42+00:00,25.0,127.01385165670798,128.3221012700668,0.0,0.0,65
235095836,VECTIS ISLE,False,24-36h,4,1.074945053816363e-143,2.687362634540909e-144,2023-01-01 12:01:42+00:00,36.0,127.49684853458962,128.16440376871603,0.0,0.0,66
371765000,WEST NEPTUNE,False,24-36h,12,4.9490940120504114e-148,5.870441321763888e-149,2023-01-01 23:01:42+00:00,25.0,129.2138508131265,130.4763704941277,0.0,0.0,67
367067370,CHRISTIAN CHOUEST,False,24-36h,8,3.500102335984032e-148,6.2471102264433085e-149,2023-01-01 23:01:42+00:00,25.0,129.28092473617528,130.54321904812434,0.0,0.0,68
374026000,CHEMICAL HUNTER,False,24-36h,3,3.106423434593409e-154,1.035474478197803e-154,2023-01-01 12:01:42+00:00,36.0,132.13561820643068,132.86307709911745,0.0,0.0,69
538005262,ASTURCON,False,24-36h,2,2.6536531917611117e-158,1.3268265958806159e-158,2023-01-01 12:01:42+00:00,36.0,133.87437141792606,134.6823742690749,0.0,0.0,70
368237180,GO ADVENTURER,False,24-36h,1,1.3573940720354623e-161,1.3573940720354623e-161,2023-01-01 12:01:42+00:00,36.0,135.0879176510437,136.56495238975913,0.0,0.0,71
354791000,VICTORY-G,False,24-36h,1,6.485984200094634e-191,6.485984200094634e-191,2023-01-01 16:01:42+00:00,32.0,147.1703585447475,148.78360561495458,0.0,0.0,72
374113000,MEIYU,False,24-36h,1,2.7811690805380824e-192,2.7811690805380824e-192,2023-01-01 23:01:42+00:00,25.0,147.6897453030145,148.5692796495061,0.0,0.0,73
563058600,TAURUS,False,24-36h,1,7.803739143093437e-223,7.803739143093437e-223,2023-01-01 16:01:42+00:00,32.0,159.16101912303648,160.6731609232557,0.0,0.0,74
368059520,DEER ISLAND,False,36-48h,10,0.5290957631705726,0.054600981982178096,2023-01-01 01:01:42+00:00,47.0,2.4713248544743913,2.6745243436910804,0.214,1.0,1
368589000,OVERSEAS CASCADE,False,36-48h,12,0.41400569275779964,0.07466285682346256,2023-01-01 08:01:42+00:00,40.0,3.683408894050011,5.241629625424104,0.029,0.834,2
367550980,BIG FOOT,False,36-48h,12,0.23141459409886636,0.11624625877460427,2023-01-01 11:01:42+00:00,37.0,5.432962803936298,6.365680656415678,0.0,0.7655,3
367643110,DEEP RUNNER,False,36-48h,9,0.09792748864843259,0.011350205753436789,2023-01-01 04:01:42+00:00,44.0,8.816174375745062,9.290757422686786,0.0,0.1855,4
367588580,ROLAND A FALGOUT,False,36-48h,7,0.029953910528471774,0.004279243469969455,2023-01-01 06:01:42+00:00,42.0,11.15478038098498,11.73366075372735,0.0,0.0,5
548704000,KERRY EXPRESS,False,36-48h,8,0.009640138688605181,0.0012050173429756835,2023-01-01 11:01:42+00:00,37.0,12.823576611086215,14.227937948590741,0.0,0.0,6
338189000,BREEZE,False,36-48h,9,0.005835734255829897,0.0006484152059429844,2023-01-01 00:01:42+00:00,48.0,12.45427989842774,13.720088661022242,0.0,0.0,7
338302000,MAGNOLIA STATE,False,36-48h,11,0.0023897389945671597,0.00022167755175221172,2023-01-01 06:01:42+00:00,42.0,15.105259564322198,16.729974029465502,0.0,0.0,8
563086300,BW PIONEER,False,36-48h,8,0.0008621571606133561,0.00044328098441226546,2023-01-01 05:01:42+00:00,43.0,16.117954993294394,16.815361027631354,0.0,0.0,9
367655260,SHELIA BORDELON,True,36-48h,12,0.0006686045366508176,6.943682056429505e-05,2023-01-01 00:01:42+00:00,48.0,17.42064970628154,18.12906248340124,0.0,0.0,10
311012300,POLARCUS ALIMA,False,36-48h,12,0.0004529087799846546,7.873036450708348e-05,2023-01-01 05:01:42+00:00,43.0,16.964129832069133,18.003277628550745,0.0,0.0,11
367353110,PELICAN STATE,False,36-48h,8,6.057008950171469e-05,8.032924142585763e-06,2023-01-01 06:01:42+00:00,42.0,20.352042770055455,21.138273321728057,0.0,0.0,12
369045000,HARVEY STONE,False,36-48h,10,1.078932488663454e-05,1.1036651992222426e-06,2023-01-01 02:01:42+00:00,46.0,21.74510776801682,22.63552574425322,0.0,0.0,13
338002000,TUCKER CANDIES,False,36-48h,12,6.941114278005135e-08,7.387852819506517e-09,2023-01-01 00:01:42+00:00,48.0,26.3980679019524,28.223077701490823,0.0,0.0,14
367602540,JOHN JACOB,False,36-48h,5,3.775877242630926e-08,7.551891638054527e-09,2023-01-01 05:01:42+00:00,43.0,26.857639179310766,28.181880463389316,0.0,0.0,15
368196410,C-CONSTRUCTOR,True,36-48h,12,3.722079126709769e-08,6.144161566326312e-09,2023-01-01 00:01:42+00:00,48.0,26.939923041481233,28.76135282853165,0.0,0.0,16
538005361,OCEAN BLACKLION,True,36-48h,12,2.9657356302366575e-08,4.976079510666812e-09,2023-01-01 00:01:42+00:00,48.0,27.135733447015525,28.956463186212883,0.0,0.0,17
338615000,C-RAMBLER,False,36-48h,12,2.5796804672879793e-08,3.4000612991586415e-09,2023-01-01 00:01:42+00:00,48.0,27.25880236344525,29.08363226050102,0.0,0.0,18
235053116,SEVEN OCEANS,False,36-48h,9,4.559107874982174e-09,7.549190638667863e-10,2023-01-01 00:01:42+00:00,48.0,28.766460223967737,30.52986180840096,0.0,0.0,19
368166560,ARGOS PLATFORM,True,36-48h,12,3.03605670662262e-09,5.251628815983818e-10,2023-01-01 00:01:42+00:00,48.0,29.1103076775287,30.86420488702677,0.0,0.0,20
538005314,OCEAN BLACKHORNET,True,36-48h,11,2.69435001684183e-09,6.86513441202348e-10,2023-01-01 11:01:42+00:00,37.0,29.940510979672485,30.555086153561582,0.0,0.0,21
367507790,HARVEY SUPPORTER,True,36-48h,7,2.279998187793895e-09,3.257178796250019e-10,2023-01-01 11:01:42+00:00,37.0,29.524195347186936,31.11309278747087,0.0,0.0,22
369533000,LIGHTNING,False,36-48h,8,4.074417419119835e-10,6.240626114340731e-11,2023-01-01 09:01:42+00:00,39.0,31.37583762111274,32.06400183433744,0.0,0.0,23
369494392,BP MAD DOG PLATFORM,False,36-48h,9,1.1845324187443812e-11,1.9191398894333378e-12,2023-01-01 00:01:42+00:00,48.0,33.267255154206,35.09181255494106,0.0,0.0,24
367684260,PELICAN ISLAND,False,36-48h,10,8.117172664798274e-12,1.178878289478589e-12,2023-01-01 00:01:42+00:00,48.0,33.53684327655054,35.36119421677295,0.0,0.0,25
338147342,HEIDELBERG SPAR,False,36-48h,12,1.8572973608333472e-13,2.931928615868748e-14,2023-01-01 11:01:42+00:00,37.0,36.71743072247618,37.41453246637782,0.0,0.0,26
367693810,DAUPHIN ISLAND,False,36-48h,6,5.806261549827576e-14,9.677102583045964e-15,2023-01-01 00:01:42+00:00,48.0,37.481835891830116,38.37560488643243,0.0,0.0,27
367561140,HARVEY HAWK,False,36-48h,11,6.439219432288598e-19,6.04203111805047e-20,2023-01-01 08:01:42+00:00,40.0,44.14213259552466,45.29758191265519,0.0,0.0,28
367357000,CLAIRE CANDIES,False,36-48h,12,6.116272884375456e-21,7.55966914766094e-22,2023-01-01 11:01:42+00:00,37.0,46.96172703744621,47.581234957557875,0.0,0.0,29
368179260,MILLIE,False,36-48h,12,5.735685117501794e-21,1.0620696682107413e-21,2023-01-01 11:01:42+00:00,37.0,47.04533524296411,47.604201804002116,0.0,0.0,30
366048300,HOLSTEIN,False,36-48h,10,3.291837840591731e-21,5.705649343224876e-22,2023-01-01 00:01:42+00:00,48.0,47.2989701967604,47.90462702785514,0.0,0.0,31
369286000,HARVEY EXPLORER,False,36-48h,10,2.104284525525428e-21,3.832173603441002e-22,2023-01-01 00:01:42+00:00,48.0,47.525039135382784,48.1378453350542,0.0,0.0,32
369494390,BP ATLANTIS PLATFORM,False,36-48h,10,2.9476606974043023e-22,4.1680640441810126e-23,2023-01-01 00:01:42+00:00,48.0,47.91253600154757,49.73903308513943,0.0,0.0,33
367763610,BLUE SEA II,False,36-48h,4,2.3435428900360288e-22,5.859563385037365e-23,2023-01-01 02:01:42+00:00,46.0,47.865171093398736,50.072335174693286,0.0,0.0,34
367653160,FAST LEOPARD,False,36-48h,11,1.881207059340634e-22,2.305275879032161e-23,2023-01-01 11:01:42+00:00,37.0,48.191537141659985,49.8893616541557,0.0,0.0,35
538009623,WEST AURIGA,False,36-48h,12,1.10408879994856e-22,1.2486918960220758e-23,2023-01-01 00:01:42+00:00,48.0,48.471653587024086,50.194412249451595,0.0,0.0,36
367640510,FAST CHEETAH,False,36-48h,8,1.2363985083937147e-23,3.0642510790691357e-24,2023-01-01 05:01:42+00:00,43.0,50.11413538705981,50.730871470321,0.0,0.0,37
577358000,ISLAND VENTURE,False,36-48h,12,6.1802951608557266e-24,7.0594820863534e-25,2023-01-01 00:01:42+00:00,48.0,49.89888121757422,51.64589589040541,0.0,0.0,38
370490000,CARNIVAL DREAM,False,36-48h,2,2.8132894557762855e-24,1.4066447278881427e-24,2023-01-01 11:01:42+00:00,37.0,50.60498654183044,51.721987432501045,0.0,0.0,39
366050100,TLP SHENZI,False,36-48h,12,1.669596413701181e-24,1.745976110636867e-25,2023-01-01 00:01:42+00:00,48.0,50.48431411454343,52.21086620960466,0.0,0.0,40
538005123,DEEPWATER THALASSA,False,36-48h,10,1.0269964753536904e-24,4.1143641242603836e-25,2023-01-01 06:01:42+00:00,42.0,51.09429936147654,52.172744422304234,0.0,0.0,41
367666910,CAJUN IV,False,36-48h,12,1.0018953959128751e-25,1.2037865291398504e-26,2023-01-01 11:01:42+00:00,37.0,52.2709642797461,52.98548639725901,0.0,0.0,42
367127480,TAHITI SPAR,False,36-48h,12,3.265523790812165e-26,4.057451255227071e-27,2023-01-01 11:01:42+00:00,37.0,52.79827202819438,53.51284671896336,0.0,0.0,43
369550000,Q4000,False,36-48h,12,4.5157624591734664e-27,5.5241611239568665e-28,2023-01-01 11:01:42+00:00,37.0,53.68637288538523,54.442990600285626,0.0,0.0,44
369224000,HARVEY PROVIDER,False,36-48h,11,2.9920889775175654e-27,5.40468767996306e-28,2023-01-01 11:01:42+00:00,37.0,53.87452237362129,54.63332977719993,0.0,0.0,45
366908680,MARCO POLO TLP,False,36-48h,11,2.8787022892850544e-28,3.019819735692794e-29,2023-01-01 00:01:42+00:00,48.0,54.395665789116336,56.21832300082074,0.0,0.0,46
367780870,SARAH BORDELON,False,36-48h,7,1.460953929340642e-29,2.0870801501949012e-30,2023-01-01 11:01:42+00:00,37.0,56.46888981901493,57.01217250636752,0.0,0.0,47
367428330,LAURIE ANN REINAUER,False,36-48h,4,6.057433312108555e-30,1.5143583280271388e-30,2023-01-01 00:01:42+00:00,48.0,56.71744011728164,57.50344042331589,0.0,0.0,48
538004610,DEEPWATER INVICTUS,False,36-48h,11,1.3381072016117657e-30,1.3984192574926863e-31,2023-01-01 00:01:42+00:00,48.0,56.8029432215045,58.60303682853745,0.0,0.0,49
369232000,CLARENCE MOORE,False,36-48h,7,1.1804082366004759e-30,1.8675410786028157e-31,2023-01-01 00:01:42+00:00,48.0,56.85807858122719,58.65798499472615,0.0,0.0,50
311000143,TURRITELLA,False,36-48h,2,2.3082851340352213e-31,1.423669294412468e-31,2023-01-01 01:01:42+00:00,47.0,58.03192762942197,59.18521643971603,0.0,0.0,51
941202899,,False,36-48h,3,1.2591375452701267e-32,6.0817741418495e-33,2023-01-01 01:01:42+00:00,47.0,58.83660394867246,61.01905502819041,0.0,0.0,52
338174000,MS CHARLOTTE,False,36-48h,10,5.521533406368496e-33,5.521533406368498e-34,2023-01-01 00:01:42+00:00,48.0,59.45288068851454,60.5519718720371,0.0,0.0,53
366873670,RHEA,False,36-48h,9,1.3535643170677862e-34,1.5039676786904922e-35,2023-01-01 08:01:42+00:00,40.0,60.681593702162964,62.28181979762524,0.0,0.0,54
312407000,SUN GAS,False,36-48h,3,2.5765889541444267e-36,8.588629847148088e-37,2023-01-01 00:01:42+00:00,48.0,62.781033031041524,63.78547988678295,0.0,0.0,55
538005813,NAVE LUMINOSITY,False,36-48h,3,1.2518201189028864e-36,4.172733729676288e-37,2023-01-01 11:01:42+00:00,37.0,62.668706788430725,64.46156489024906,0.0,0.0,56
338125915,CONSTITUTION SPAR,False,36-48h,12,5.976185006204425e-39,6.8997093605831276e-40,2023-01-01 11:01:42+00:00,37.0,65.13765979136386,65.8585091841056,0.0,0.0,57
11,CONSTITUTION,False,36-48h,8,1.7317357672843667e-41,4.4311634196394095e-42,2023-01-01 00:01:42+00:00,48.0,67.32449838865325,68.1347073379142,0.0,0.0,58
366054900,STAMPEDE TLP,False,36-48h,12,3.7588961001519315e-42,6.125452317764808e-43,2023-01-01 11:01:42+00:00,37.0,67.87636428357258,68.59272413344375,0.0,0.0,59
303071000,GOL DIAMOND,False,36-48h,5,3.9792250739521956e-43,7.958450147916275e-44,2023-01-01 11:01:42+00:00,37.0,68.69454046003096,69.40419976595132,0.0,0.0,60
941202717,,False,36-48h,3,1.0943151095407008e-43,4.063155052365707e-44,2023-01-01 00:01:42+00:00,48.0,68.75740074092644,70.95110658314606,0.0,0.0,61
564970000,BW BOBCAT,False,36-48h,3,1.0878978062229817e-43,3.62632761503342e-44,2023-01-01 00:01:42+00:00,48.0,69.10607621101748,70.36583558169758,0.0,0.0,62
3660489,NEPTUNE TLP,False,36-48h,12,6.92598768513901e-44,6.684094708330633e-45,2023-01-01 00:01:42+00:00,48.0,69.05060479119227,70.71759278778744,0.0,0.0,63
368042000,ODYSSEA SPIRIT,False,36-48h,12,3.295369324909031e-44,4.248595419976889e-45,2023-01-01 00:01:42+00:00,48.0,69.30487188950637,70.99683144242648,0.0,0.0,64
636016002,PACIFIC SHARAV,False,36-48h,12,1.6256116317692916e-49,1.4583569971887408e-50,2023-01-01 00:01:42+00:00,48.0,73.26382764111078,75.08204157493851,0.0,0.0,65
338197000,SHIP ISLAND,False,36-48h,4,1.6972786627379201e-50,4.2431966568448003e-51,2023-01-01 00:01:42+00:00,48.0,74.04236000168619,75.77170952953489,0.0,0.0,66
538005579,DEEPWATER CONQUEROR,False,36-48h,12,2.930528707664382e-53,3.603082681909446e-54,2023-01-01 11:01:42+00:00,37.0,76.6562747793602,77.77983662518592,0.0,0.0,67
367634690,CAJUN II,False,36-48h,8,2.5945222290736266e-57,5.490653025013977e-58,2023-01-01 00:01:42+00:00,48.0,79.70620755985227,80.59749558088376,0.0,0.0,68
368237180,GO ADVENTURER,False,36-48h,12,1.554416026879294e-57,1.3323887581879302e-58,2023-01-01 00:01:42+00:00,48.0,79.38487751334037,80.87976971307033,0.0,0.0,69
367416060,HARVEY RAIN,False,36-48h,5,1.4233274873847228e-58,2.8466549747694455e-59,2023-01-01 11:01:42+00:00,37.0,80.08304981766682,81.64703343261488,0.0,0.0,70
538005035,ROWAN RELENTLESS,False,36-48h,8,2.438585332400647e-63,6.7529871180708e-64,2023-01-01 07:01:42+00:00,41.0,83.84943721311285,85.06577135790059,0.0,0.0,71
368087000,C-CARRIER,False,36-48h,12,1.216077076993591e-68,1.083120098074057e-69,2023-01-01 00:01:42+00:00,48.0,86.93643358746488,88.66269536439755,0.0,0.0,72
366667000,JUAN C,False,36-48h,12,3.456558644877756e-69,2.8804660912531663e-70,2023-01-01 11:01:42+00:00,37.0,87.71354711136573,88.55248114353539,0.0,0.0,73
941202904,,False,36-48h,2,7.455735431364588e-73,4.542609042912224e-73,2023-01-01 01:01:42+00:00,47.0,89.86047232629272,92.02638138911846,0.0,0.0,74
240975000,KIMOLOS,False,36-48h,2,7.984822189400317e-75,3.992411307178439e-75,2023-01-01 00:01:42+00:00,48.0,91.37051841660012,92.59499086852983,0.0,0.0,75
368615000,NICKI CANDIES,False,36-48h,10,3.179162190318295e-76,3.179162190318295e-77,2023-01-01 00:01:42+00:00,48.0,92.31857560234728,92.90038340957196,0.0,0.0,76
538005126,DEEPWATER POSEIDON,False,36-48h,11,1.6811680880218176e-76,3.254030268415932e-77,2023-01-01 10:01:42+00:00,38.0,92.38458730253608,93.80697239959206,0.0,0.0,77
303517000,JOSHUA CANDIES,False,36-48h,9,1.3380075487218816e-76,1.9461848566125787e-77,2023-01-01 10:01:42+00:00,38.0,92.44618728582567,93.86854949045176,0.0,0.0,78
368051000,FAST MAMMOTH,False,36-48h,2,2.975612872638333e-77,1.4882221444205038e-77,2023-01-01 10:01:42+00:00,38.0,92.89338347680834,94.0545584222837,0.0,0.0,79
229202000,DENSA HAWK,False,36-48h,4,6.964509233642837e-79,1.7411273084107092e-79,2023-01-01 11:01:42+00:00,37.0,93.69318980053895,95.32722092827892,0.0,0.0,80
367474360,OCEAN PROJECT,False,36-48h,9,3.7010158737053974e-79,5.6557053421795755e-80,2023-01-01 09:01:42+00:00,39.0,94.10165847788099,94.92460162871127,0.0,0.0,81
367730190,BIG P,False,36-48h,3,5.025298530471698e-84,1.6750995101572327e-84,2023-01-01 08:01:42+00:00,40.0,97.06604845746753,97.73088657120255,0.0,0.0,82
367556730,HARVEY COLT,False,36-48h,12,4.973117270547413e-85,4.553786337509383e-86,2023-01-01 11:01:42+00:00,37.0,97.32898148128864,98.36028394924952,0.0,0.0,83
366014000,ODYSSEA KNIGHT,False,36-48h,9,5.1547570281487065e-86,9.724688163119459e-87,2023-01-01 09:01:42+00:00,39.0,98.21123960478997,98.96379352177435,0.0,0.0,84
369108000,CADE CANDIES,False,36-48h,4,3.6462289568943454e-86,1.0240349235309685e-86,2023-01-01 11:01:42+00:00,37.0,97.98914387005088,99.03445629824026,0.0,0.0,85
538009307,MAYAN,False,36-48h,3,1.547080916351251e-88,6.011031261356792e-89,2023-01-01 05:01:42+00:00,43.0,99.38431777524494,101.13719476343614,0.0,0.0,86
367539380,GENESIS SPAR,False,36-48h,2,8.77173495774768e-89,4.966465452950624e-89,2023-01-01 07:01:42+00:00,41.0,99.48376526422544,100.59625681468326,0.0,0.0,87
367785160,BRUTUS TLP,False,36-48h,12,1.254714219277721e-90,1.510111567688751e-91,2023-01-01 11:01:42+00:00,37.0,100.86736802751463,101.43292165915133,0.0,0.0,88
310817000,GASLOG WELLINGTON,False,36-48h,1,9.884986343029342e-91,9.884986343029342e-91,2023-01-01 00:01:42+00:00,48.0,100.91864117861836,101.95058702822153,0.0,0.0,89
538005124,DEEPWATER PROTEUS,False,36-48h,12,1.821217772688244e-92,2.4107534301958345e-93,2023-01-01 11:01:42+00:00,37.0,101.95597931363322,102.46853994457877,0.0,0.0,90
367544280,JACK & ST MALO FPU,False,36-48h,6,4.826144190234004e-93,9.84201843551773e-94,2023-01-01 05:01:42+00:00,43.0,102.17550721919615,103.43045612626618,0.0,0.0,91
367657110,PECAN ISLAND,False,36-48h,8,2.1946524070362306e-93,2.9888818396186116e-94,2023-01-01 11:01:42+00:00,37.0,102.48999693787867,102.98337802816178,0.0,0.0,92
367537970,HARVEY STEELER,False,36-48h,3,9.880710485352463e-98,3.293570161784154e-98,2023-01-01 00:01:42+00:00,48.0,104.39052690850502,106.1896843704096,0.0,0.0,93
538009901,WEST VELA,False,36-48h,5,4.038850323968854e-99,8.077700647937707e-100,2023-01-01 00:01:42+00:00,48.0,105.17031228383333,106.8576083457996,0.0,0.0,94
311062000,HELIX PRODUCER I,False,36-48h,12,5.100172253981254e-110,4.685084819881197e-111,2023-01-01 11:01:42+00:00,37.0,111.258541720346,112.05463285997432,0.0,0.0,95
413349820,QIAN KUN,False,36-48h,2,3.503336943202223e-129,1.7516684716011116e-129,2023-01-01 00:01:42+00:00,48.0,120.50672325506865,121.94027653304347,0.0,0.0,96
538090538,DIONI.GR,False,36-48h,3,6.489320921526935e-133,2.1631246436405625e-133,2023-01-01 11:01:42+00:00,37.0,122.33558687771254,123.33668109986499,0.0,0.0,97
235095836,VECTIS ISLE,False,36-48h,4,1.3090366042651241e-134,3.334168611397813e-135,2023-01-01 10:01:42+00:00,38.0,123.11182480024368,124.18747911261185,0.0,0.0,98
538005262,ASTURCON,False,36-48h,5,5.67997576673552e-135,1.1760459936691011e-135,2023-01-01 09:01:42+00:00,39.0,123.25041120729234,124.52860986312508,0.0,0.0,99
374026000,CHEMICAL HUNTER,False,36-48h,5,4.308468012301311e-135,8.624806525278625e-136,2023-01-01 10:01:42+00:00,38.0,123.44056945434588,124.21522918233879,0.0,0.0,100
369139000,HOS BRIMSTONE,False,36-48h,9,1.6804561943196615e-136,1.9011085893585668e-137,2023-01-01 00:01:42+00:00,48.0,124.11157107436692,125.68987647208361,0.0,0.0,101
538004609,DEEPWATER ASGARD,False,36-48h,12,1.4486895851835132e-136,1.2299548625742696e-137,2023-01-01 00:01:42+00:00,48.0,124.14205064249117,125.71981929882632,0.0,0.0,102
369240000,PEYTON CANDIES,False,36-48h,12,5.0473709899214195e-140,5.884983869908141e-141,2023-01-01 03:01:42+00:00,45.0,125.77332630801332,127.22698818240954,0.0,0.0,103
366484000,JEAN PIERRE LAB,False,36-48h,1,1.5301167446365704e-146,1.5301167446365704e-146,2023-01-01 00:01:42+00:00,48.0,128.4973426029361,130.25536800444078,0.0,0.0,104
338628000,ODYSSEA BARON,False,36-48h,12,4.1780038512082566e-158,3.5802917251928413e-159,2023-01-01 00:01:42+00:00,48.0,133.5749909815197,135.30436068952207,0.0,0.0,105
367067370,CHRISTIAN CHOUEST,False,36-48h,12,1.0410158267080163e-163,8.707367369497836e-165,2023-01-01 00:01:42+00:00,48.0,135.96025962791384,137.77488815705027,0.0,0.0,106
371765000,WEST NEPTUNE,False,36-48h,12,9.653566667862101e-164,8.076756338359525e-165,2023-01-01 00:01:42+00:00,48.0,135.97414945879686,137.7884813365127,0.0,0.0,107
367525280,MORNING STAR,False,36-48h,3,1.154168977740941e-164,3.8472299258031625e-165,2023-01-01 09:01:42+00:00,39.0,136.4242492222062,137.95877623007996,0.0,0.0,108
564538000,VIYADA NAREE,False,36-48h,1,1.117588042429321e-177,1.117588042429321e-177,2023-01-01 00:01:42+00:00,48.0,141.74715504477,143.56564239749645,0.0,0.0,109
257040610,OLYMPIC ARTEMIS,False,36-48h,12,5.706958441734964e-194,4.759851348696549e-195,2023-01-01 11:01:42+00:00,37.0,148.36485315407856,149.8697843854677,0.0,0.0,110
354791000,VICTORY-G,False,36-48h,1,8.01209212605948e-198,8.01209212605948e-198,2023-01-01 11:01:42+00:00,37.0,149.8373104843398,151.54852255099985,0.0,0.0,111
367687040,TENNER C,False,36-48h,1,3.860013798408537e-252,3.860013798408537e-252,2023-01-01 06:01:42+00:00,42.0,169.4308871226023,170.91195066344932,0.0,0.0,112
367501540,OSG ENDURANCE,False,6-12h,4,0.12074004363979421,0.05721460529142867,2023-01-02 14:01:42+00:00,10.0,8.114172277885324,8.619874814794077,0.0,0.3885,1
367550980,BIG FOOT,False,6-12h,6,0.07859862837154083,0.03477494212717889,2023-01-02 12:01:42+00:00,12.0,7.6452039093757564,8.79999235228889,0.0,0.192,2
538005314,OCEAN BLACKHORNET,True,6-12h,6,0.03441604058934972,0.01065150914480889,2023-01-02 17:01:42+00:00,7.0,10.740975383861825,11.291493133850246,0.0,0.0,3
368166560,ARGOS PLATFORM,True,6-12h,6,0.027238984028578116,0.008804524834525262,2023-01-02 17:01:42+00:00,7.0,11.409861047692557,12.34956179426481,0.0,0.0,4
538005361,OCEAN BLACKLION,True,6-12h,6,0.021732831007529832,0.008561359207614179,2023-01-02 17:01:42+00:00,7.0,10.654690365614648,12.274631717888129,0.0,0.0,5
367507790,HARVEY SUPPORTER,True,6-12h,6,0.019372182986779663,0.00774430773768955,2023-01-02 17:01:42+00:00,7.0,10.992178131045922,12.541170901429266,0.0,0.0,6
368196410,C-CONSTRUCTOR,True,6-12h,6,0.010724842387783018,0.0038790960802489536,2023-01-02 17:01:42+00:00,7.0,12.009912464584072,13.604224951211146,0.0,0.0,7
367655260,SHELIA BORDELON,True,6-12h,5,0.002076988697320948,0.0014794241896240342,2023-01-02 16:01:42+00:00,8.0,15.728012185491302,16.74180717072782,0.0,0.0,8
235053116,SEVEN OCEANS,False,6-12h,6,0.0008173416851151669,0.0001863457956113928,2023-01-02 13:01:42+00:00,11.0,17.26759356098117,18.117977717947202,0.0,0.0,9
369494392,BP MAD DOG PLATFORM,False,6-12h,5,0.00012998611315261877,4.615492694467804e-05,2023-01-02 16:01:42+00:00,8.0,18.49410787701943,20.058157891900052,0.0,0.0,10
367684260,PELICAN ISLAND,False,6-12h,5,0.00011884691358306448,4.174219061502787e-05,2023-01-02 16:01:42+00:00,8.0,18.60308367912315,20.168262792956178,0.0,0.0,11
369702000,COASTAL RELIANCE,False,6-12h,3,3.957808825523812e-05,1.3196781208856463e-05,2023-01-02 13:01:42+00:00,11.0,20.128445632216987,20.961108720419833,0.0,0.0,12
367602540,JOHN JACOB,False,6-12h,4,3.847453986720463e-07,9.6367998086257e-08,2023-01-02 13:01:42+00:00,11.0,24.952657053826748,26.043269750097608,0.0,0.0,13
368179260,MILLIE,False,6-12h,6,4.384095963717613e-08,9.083038641092192e-09,2023-01-02 17:01:42+00:00,7.0,27.609147214486953,28.078429896875495,0.0,0.0,14
366048300,HOLSTEIN,False,6-12h,6,3.1621150003948785e-08,6.53013992263303e-09,2023-01-02 17:01:42+00:00,7.0,27.877587570846902,28.356806787857167,0.0,0.0,15
311012300,POLARCUS ALIMA,False,6-12h,6,5.369732109741283e-09,8.949580110209324e-10,2023-01-02 17:01:42+00:00,7.0,28.791945375014688,29.701839537827976,0.0,0.0,16
367780870,SARAH BORDELON,False,6-12h,6,2.7249480726373203e-09,4.5416638452105516e-10,2023-01-02 17:01:42+00:00,7.0,29.281258327488406,30.25562133725406,0.0,0.0,17
367471840,FAST GIANT,False,6-12h,1,1.4890070044430545e-09,1.4890070044430545e-09,2023-01-02 14:01:42+00:00,10.0,29.61510396172108,30.88458700767901,0.0,0.0,18
369286000,HARVEY EXPLORER,False,6-12h,6,9.308369910790974e-10,3.0637267378860467e-10,2023-01-02 15:01:42+00:00,9.0,30.823525446795156,31.303569161833835,0.0,0.0,19
338147342,HEIDELBERG SPAR,False,6-12h,2,4.945073780912914e-10,3.0234755181955983e-10,2023-01-02 13:01:42+00:00,11.0,30.509049428922978,31.7728498388367,0.0,0.0,20
563086300,BW PIONEER,False,6-12h,6,2.0773630921699347e-10,4.012048271296462e-11,2023-01-02 12:01:42+00:00,12.0,31.769019918321096,32.28393013768416,0.0,0.0,21
368589000,OVERSEAS CASCADE,False,6-12h,5,4.2269492828145215e-13,8.453898565629046e-14,2023-01-02 12:01:42+00:00,12.0,35.369510045220224,37.33511279137244,0.0,0.0,22
366050100,TLP SHENZI,False,6-12h,6,3.646015477153723e-13,8.142785882692764e-14,2023-01-02 17:01:42+00:00,7.0,35.6751231203087,37.32585005110187,0.0,0.0,23
367127480,TAHITI SPAR,False,6-12h,6,3.102156874149863e-13,6.249898744175412e-14,2023-01-02 17:01:42+00:00,7.0,35.95963590440413,37.019852896026585,0.0,0.0,24
369550000,Q4000,False,6-12h,6,1.998566102215224e-14,4.0487790211616376e-15,2023-01-02 17:01:42+00:00,7.0,37.720013315777095,38.85888060748966,0.0,0.0,25
538009623,WEST AURIGA,False,6-12h,6,1.6481094173622743e-14,4.849594604273552e-15,2023-01-02 17:01:42+00:00,7.0,37.55561737414251,39.48144972528303,0.0,0.0,26
366908680,MARCO POLO TLP,False,6-12h,5,1.2063112092773418e-14,2.9119990531522434e-15,2023-01-02 17:01:42+00:00,7.0,38.13834637233785,39.52790587884933,0.0,0.0,27
369224000,HARVEY PROVIDER,False,6-12h,5,2.9470643278168714e-15,6.815470984222031e-16,2023-01-02 16:01:42+00:00,8.0,38.96237922992457,40.06925636060112,0.0,0.0,28
369533000,LIGHTNING,False,6-12h,5,2.4164542278495755e-15,9.350580121964947e-16,2023-01-02 16:01:42+00:00,8.0,38.77373792764316,40.71782310172081,0.0,0.0,29
577358000,ISLAND VENTURE,False,6-12h,6,1.424261362654121e-15,4.1056229225373606e-16,2023-01-02 17:01:42+00:00,7.0,39.11386487422935,41.039772441296456,0.0,0.0,30
538004610,DEEPWATER INVICTUS,False,6-12h,6,1.1884577884832828e-16,2.3749934968529282e-17,2023-01-02 17:01:42+00:00,7.0,40.915824845793246,42.386206653382615,0.0,0.0,31
367588580,ROLAND A FALGOUT,False,6-12h,5,4.932600225418486e-22,9.865200450836973e-23,2023-01-02 13:01:42+00:00,11.0,47.9966218302241,49.238206411028855,0.0,0.0,32
366054900,STAMPEDE TLP,False,6-12h,6,2.7196578786881774e-22,4.8361096097010764e-23,2023-01-02 17:01:42+00:00,7.0,48.55886012649008,49.16602052578887,0.0,0.0,33
11,CONSTITUTION,False,6-12h,6,3.0067803844705952e-27,6.160745300433402e-28,2023-01-02 17:01:42+00:00,7.0,53.53708278250433,54.8809771025651,0.0,0.0,34
338125915,CONSTITUTION SPAR,False,6-12h,6,2.8857185264502246e-27,5.875977577649545e-28,2023-01-02 17:01:42+00:00,7.0,53.556001427379705,54.89998045449482,0.0,0.0,35
636016002,PACIFIC SHARAV,False,6-12h,6,1.7042802042456385e-29,3.0212240289553438e-30,2023-01-02 17:01:42+00:00,7.0,56.14745097759109,57.28706598797093,0.0,0.0,36
3660489,NEPTUNE TLP,False,6-12h,6,2.9680219487991795e-30,6.032345769957097e-31,2023-01-02 17:01:42+00:00,7.0,56.56310658179317,58.361465522519715,0.0,0.0,37
368508000,GENIE LAB,False,6-12h,5,4.508546747070321e-31,9.022938888261062e-32,2023-01-02 16:01:42+00:00,8.0,57.82865558903504,58.83256218023804,0.0,0.0,38
368042000,ODYSSEA SPIRIT,False,6-12h,5,2.922186956401302e-31,6.419609015083116e-32,2023-01-02 12:01:42+00:00,12.0,57.62396885520417,59.284043899152344,0.0,0.0,39
369045000,HARVEY STONE,False,6-12h,3,3.2870767818538017e-32,1.095692260617935e-32,2023-01-02 13:01:42+00:00,11.0,58.93181402140753,59.883531803645134,0.0,0.0,40
303260000,GINNY LAB,False,6-12h,3,1.1217294903146387e-32,4.390433662648035e-33,2023-01-02 15:01:42+00:00,9.0,58.972468398525656,60.72178736048861,0.0,0.0,41
366495000,OVERSEAS CHINOOK,False,6-12h,6,1.5508479860296952e-35,2.5847469853991938e-36,2023-01-02 12:01:42+00:00,12.0,62.072459521848025,63.040066689977834,0.0,0.0,42
368059520,DEER ISLAND,False,6-12h,5,9.341022516210082e-40,1.951014740842949e-40,2023-01-02 12:01:42+00:00,12.0,65.89101676991248,66.74529492543057,0.0,0.0,43
538005123,DEEPWATER THALASSA,False,6-12h,5,8.39731524616857e-40,1.7520419790559096e-40,2023-01-02 12:01:42+00:00,12.0,65.93166236967662,66.78482458317059,0.0,0.0,44
368087000,C-CARRIER,False,6-12h,4,1.9785183546531758e-43,4.94849099246858e-44,2023-01-02 17:01:42+00:00,7.0,69.06510552842037,69.9415890412536,0.0,0.0,45
538005579,DEEPWATER CONQUEROR,False,6-12h,6,4.631349187424522e-48,1.1931545820158809e-48,2023-01-02 17:01:42+00:00,7.0,72.39659534219666,73.59316976120024,0.0,0.0,46
367634690,CAJUN II,False,6-12h,3,2.711227742626171e-49,9.037425808753903e-50,2023-01-02 12:01:42+00:00,12.0,73.5456864839472,74.42488578228848,0.0,0.0,47
366667000,JUAN C,False,6-12h,3,1.8299758695082594e-49,6.896278997537421e-50,2023-01-02 14:01:42+00:00,10.0,73.49800461554038,74.7639105261377,0.0,0.0,48
367556730,HARVEY COLT,False,6-12h,6,3.8584824370550547e-53,6.521002962601253e-54,2023-01-02 17:01:42+00:00,7.0,76.41670454187167,77.38444674345922,0.0,0.0,49
369108000,CADE CANDIES,False,6-12h,6,3.4915872863139424e-55,5.89667858699465e-56,2023-01-02 17:01:42+00:00,7.0,77.92801442542324,78.8889420927809,0.0,0.0,50
303517000,JOSHUA CANDIES,False,6-12h,3,4.3551720365710235e-58,1.4517240121903412e-58,2023-01-02 12:01:42+00:00,12.0,80.05901049364056,80.90065462902827,0.0,0.0,51
367785160,BRUTUS TLP,False,6-12h,6,6.352900904122405e-60,1.0699711580900722e-60,2023-01-02 17:01:42+00:00,7.0,81.62275540370564,82.15331450623597,0.0,0.0,52
538005124,DEEPWATER PROTEUS,False,6-12h,6,2.4319726048166112e-61,4.094379433724923e-62,2023-01-02 17:01:42+00:00,7.0,82.64679705937577,83.14302103776386,0.0,0.0,53
367657110,PECAN ISLAND,False,6-12h,6,1.842257194280933e-61,3.1009047137801866e-62,2023-01-02 17:01:42+00:00,7.0,82.72991324779201,83.2266098212784,0.0,0.0,54
636020125,ROSTRUM,False,6-12h,3,6.4882371776982345e-74,2.1627457258994116e-74,2023-01-02 12:01:42+00:00,12.0,90.52915602693965,91.73904871324517,0.0,0.0,55
367773540,LUCY,False,6-12h,3,1.0689060196721316e-74,3.563020065573772e-75,2023-01-02 17:01:42+00:00,7.0,91.0979438196506,92.19144860684524,0.0,0.0,56
367580190,FAST DELIVERER,False,6-12h,2,2.0802226364898486e-76,1.0401113182449243e-76,2023-01-02 15:01:42+00:00,9.0,92.19308092728562,93.24150632883692,0.0,0.0,57
367730190,BIG P,False,6-12h,1,5.431663376668824e-77,5.431663376668824e-77,2023-01-02 12:01:42+00:00,12.0,92.49683949779188,93.73208415351041,0.0,0.0,58
311000246,CREOLE SPIRIT,False,6-12h,2,3.2577195535627706e-80,1.6288597767813853e-80,2023-01-02 12:01:42+00:00,12.0,94.69099717847087,95.94914394369789,0.0,0.0,59
311062000,HELIX PRODUCER I,False,6-12h,6,1.5315130863689183e-81,2.5832509005824958e-82,2023-01-02 17:01:42+00:00,7.0,95.32186579495873,96.39107596114157,0.0,0.0,60
367561140,HARVEY HAWK,False,6-12h,2,2.2303376389916992e-86,1.1334652956824507e-86,2023-01-02 13:01:42+00:00,11.0,98.40605896583065,99.43180395637098,0.0,0.0,61
538005035,ROWAN RELENTLESS,False,6-12h,3,5.47281994381585e-88,1.824507822972017e-88,2023-01-02 14:01:42+00:00,10.0,99.34457714032301,100.35424105846722,0.0,0.0,62
538005126,DEEPWATER POSEIDON,False,6-12h,3,3.198329612514537e-88,2.5351161440415425e-88,2023-01-02 13:01:42+00:00,11.0,99.40042026025418,100.45786176785519,0.0,0.0,63
354791000,VICTORY-G,False,6-12h,5,3.8543678333643925e-89,7.708736543194414e-90,2023-01-02 14:01:42+00:00,10.0,99.78054353692471,101.33435673310308,0.0,0.0,64
338297000,SEACOR CHIEF,False,6-12h,3,8.892704056130702e-90,2.9642346853769008e-90,2023-01-02 12:01:42+00:00,12.0,100.3318688066756,100.9916344968013,0.0,0.0,65
636019868,CMA CGM BERLIOZ,False,6-12h,4,1.0125556669222006e-94,2.5313891673091567e-95,2023-01-02 17:01:42+00:00,7.0,103.08033292033826,103.74497324310465,0.0,0.0,66
374788000,PRELUDE,False,6-12h,3,6.532566100622632e-106,2.182795561204108e-106,2023-01-02 17:01:42+00:00,7.0,109.24601977757752,109.88810072364882,0.0,0.0,67
538004609,DEEPWATER ASGARD,False,6-12h,6,4.6176008520299307e-107,7.80348222519442e-108,2023-01-02 17:01:42+00:00,7.0,109.60222641475299,111.1847299033706,0.0,0.0,68
369240000,PEYTON CANDIES,False,6-12h,6,3.2739879357817546e-107,5.5313724680590565e-108,2023-01-02 17:01:42+00:00,7.0,109.68057101279413,111.26251672306205,0.0,0.0,69
538008599,OVERSEAS SUN COAST,False,6-12h,3,8.327222686017555e-108,2.775740895339185e-108,2023-01-02 17:01:42+00:00,7.0,110.09212816324339,110.89971241564325,0.0,0.0,70
538007655,STAR DALMATIA,False,6-12h,4,1.4722384563604029e-109,3.6805961537257864e-110,2023-01-02 12:01:42+00:00,12.0,111.03172715996666,111.69213453490057,0.0,0.0,71
369139000,HOS BRIMSTONE,False,6-12h,3,6.922071100547674e-113,2.3488584222305588e-113,2023-01-02 14:01:42+00:00,10.0,112.62225239010256,114.17835107217044,0.0,0.0,72
367544280,JACK & ST MALO FPU,False,6-12h,1,5.199127513188321e-118,5.199127513188321e-118,2023-01-02 13:01:42+00:00,11.0,115.39211871198214,116.48182946602842,0.0,0.0,73
371765000,WEST NEPTUNE,False,6-12h,6,3.992342218413543e-125,6.669446647674678e-126,2023-01-02 17:01:42+00:00,7.0,118.802364805186,119.8227352043551,0.0,0.0,74
367067370,CHRISTIAN CHOUEST,False,6-12h,6,2.922696487642077e-125,4.88253081284231e-126,2023-01-02 17:01:42+00:00,7.0,118.8676925592293,119.88875807074034,0.0,0.0,75
257040610,OLYMPIC ARTEMIS,False,6-12h,5,2.049245228625156e-134,4.407573024475289e-135,2023-01-02 12:01:42+00:00,12.0,123.11945112747425,124.68795225609986,0.0,0.0,76
303520000,SULPHUR ENTERPRISE,False,6-12h,1,1.4294445606355531e-142,1.4294445606355531e-142,2023-01-02 12:01:42+00:00,12.0,126.85419286143,127.90769680659425,0.0,0.0,77
311000222,EMERALD SPIRIT,False,6-12h,1,1.776187175296692e-148,1.776187175296692e-148,2023-01-02 12:01:42+00:00,12.0,129.64651449068788,130.5556865971666,0.0,0.0,78
