candidate_id,component_id,area_m2,perimeter_m,centroid_lon,centroid_lat,major_axis_m,minor_axis_m,width_proxy_m,orientation_deg_from_north,elongation,compactness_polsby_popper,prob_mean,prob_max,n_px_image_space,bbox_west,bbox_south,bbox_east,bbox_north
E007-C1,1,13342.783863306046,485.8188956616043,-89.10036123422171,28.226319140569426,123.4522278794811,119.46049698073755,108.08054332022095,90.00176933752083,1.0334146517018694,0.7104074548458841,0.7272608986026362,0.8165225982666016,38,-89.10101842290608,28.225784879262637,-89.09976078150831,28.22686285760358
E007-C2,2,2081677.366691962,13526.361149340308,-89.10570710900227,28.215773744513207,4773.004318025199,979.2288658332636,436.13565544672355,113.22341449300083,4.874247976711414,0.1429754021631974,0.9642849240587791,1.0,5928,-89.1297645119979,28.20332699715965,-89.08520807390558,28.222371281182983
E007-C3,3,10183.189399428666,450.5601359002755,-89.14358307895694,28.220583943249537,119.4618392461856,105.81954110943477,85.24219502801446,0.0002703630394300799,1.128920405378081,0.6303592892425892,0.6920536633195549,0.7909157276153564,29,-89.14413755654382,28.220035661444275,-89.14305957820288,28.221113639785216
E007-C4,4,9740467.593608692,28829.991910239984,-89.12530619231563,28.176489805475395,8863.282670903882,2172.246257658277,1098.9684020328502,139.91092624986672,4.0802384350560095,0.14726536860460349,0.9814507476512538,1.0,27728,-89.15779194886244,28.152123025964837,-89.09796415094007,28.219676335330625
E007-C5,5,4926762.973985381,37781.79924012175,-89.18536851693483,28.161515036072366,13305.038927605296,942.8442212174295,370.29301460842277,139.01427637167345,14.111598319418471,0.043371681607660036,0.9656212840603582,1.0,14023,-89.2289385193647,28.118166708225118,-89.13856800178228,28.20835756275072
E007-C6,6,197727.82796944678,3286.1982995281687,-89.07964945752789,28.20210460717335,1106.3902563008237,348.05725100957926,178.7143612693614,127.62696074607034,3.1787593940123764,0.23008596423966685,0.8902662440896246,0.999262809753418,563,-89.083770769451,28.19775744239811,-89.07514694272344,28.204943964671067
E007-C7,7,44955.67300414294,1086.687074926953,-89.10571351944004,28.198304851271054,345.8110154510544,184.84452056661382,130.00069689944826,138.460294929377,1.870821025102726,0.47839360383104046,0.8240507985465229,0.9668697118759155,128,-89.10694730378127,28.19703879017081,-89.10425235792891,28.199554072966347
E007-C8,8,179493.21611274034,2083.759893922742,-89.08222393657384,28.18522411032629,735.1184980783768,305.7947249894789,244.16909189734898,93.07794124808603,2.403960689981389,0.5194724900815337,0.8648733510663131,0.9939619302749634,511,-89.0861063891897,28.183743723965843,-89.07874020385992,28.186618332875028
E007-C9,9,11591.700346805155,485.9156936118783,-89.07718040166128,28.183583115988213,123.49979753276192,119.46030820202911,93.86007571170406,90.00183392958839,1.033814489444488,0.6169289613993447,0.6489958257386179,0.7039066553115845,33,-89.0778418885758,28.183025071738548,-89.07658424717803,28.184103050079493
E007-C10,10,106088.39722330123,2054.1188554381088,-89.07068390140839,28.17657504509446,700.1865925013448,237.6837189903479,151.51446537173945,138.45457974505928,2.9458752811326496,0.3159560050109358,0.8132353831600669,0.98191899061203,302,-89.07352997521203,28.174401245011,-89.0681400835073,28.1788928214316
E007-C12,12,1651825.372802049,9815.80849632541,-88.87275553115028,28.14815287028046,2498.276811653766,1593.9788834658673,661.1858882477487,33.52113277659876,1.5673211468282684,0.21543776905823342,0.9678481951897967,1.0,4701,-88.88272780886504,28.136672003077983,-88.85847329619381,28.156434939328612
E007-C14,14,69941.64050076157,1361.2935085896347,-88.86547969688878,28.120714939011844,458.102677603923,226.0527827152022,152.67677732552642,145.41087552454533,2.0265296985132637,0.4742879943391037,0.8721997318555362,0.9909029006958008,199,-88.86673779680771,28.11906502350924,-88.86386318789853,28.122658284645716
E007-C16,16,85547.19208551198,1432.9468193736661,-90.23618617221535,27.93932100276246,433.61685583284316,280.89450961818613,197.28751531395713,151.94846721119387,1.5437000047535612,0.5235467616416456,0.9140313409974055,0.9993013143539429,243,-90.23792624648775,27.93742567306027,-90.23469231146491,27.94101893419675
E007-C17,17,123928.19743192196,1503.7201978859962,-90.23938958197371,27.932224117451966,398.20256939005446,353.67368473909744,311.21897988189426,179.9948724236231,1.1259038672436308,0.6887251312441208,0.9307646993547678,0.999940037727356,352,-90.24116018151058,27.93041881384414,-90.23756692037409,27.934012074980618
E007-C18,18,27472.995772652328,990.8030219647387,-89.81688126590781,27.88529344503936,338.2713967753468,151.63359611668918,81.21584040077066,107.82244331630353,2.2308472887171455,0.35167479122379003,0.6188935331809216,0.6409646272659302,78,-89.8182333457471,27.884604734354046,-89.81481974766746,27.886042038808636
E007-C19,19,24053.262671768665,717.9849661698672,-90.21287117543702,27.40853198010181,199.0893399785804,159.9041340917772,120.81642680796725,179.9995710149111,1.2450543640373475,0.5863449062301851,0.778814740040723,0.9071617126464844,68,-90.21367173381653,27.40759931848658,-90.2120547663051,27.40939594905482
E007-C21,21,704400.5145656392,7610.153240280611,-90.21869228314459,27.386855405224246,2886.252201448119,402.69258740367684,244.05369503476527,22.95791933910965,7.167383487381684,0.15284200447526192,0.9345527149995089,0.9999990463256836,1991,-90.2248108433396,27.375619294371923,-90.21331240770287,27.399694143986327
E007-C23,23,122787.2434861511,1982.2320135319947,-90.55405580305076,27.36724580489219,663.1366256777163,260.55324464153273,185.1613057274046,126.75032217641167,2.5451098357652575,0.3926938882867891,0.8845126070618973,0.9942856431007385,347,-90.55682817235018,27.365019174019313,-90.55143828064546,27.369151424326265
E007-C24,24,23708.648916900158,749.388698011071,-90.17760906660781,27.36509827908748,195.51475255428224,179.1788772549474,121.2627109062665,89.9995127547088,1.091170764933922,0.530520770503799,0.7268406837733824,0.8399642705917358,67,-90.17863743773586,27.364300521792018,-90.1766611441108,27.365917489303435
E007-C25,25,49542.680003486574,1107.7561517952195,-90.57973393023471,27.36002838592813,363.637111972126,186.70224409820213,136.24208963381105,5.6653495033247285,1.9476847411692555,0.507342236395767,0.8001568526029587,0.9609697461128235,140,-90.58072335890776,27.35837164091683,-90.5787470652827,27.36160557593966
E007-C26,26,1257385.090246588,6828.7451106305325,-90.56542835604667,27.35440074157764,1640.3088583566296,1069.6802629079166,766.5538620003064,134.24134659688144,1.5334571602709244,0.3388413201975121,0.9741331230174848,1.0,3553,-90.57299784746432,27.347052868336924,-90.55575019400924,27.361425912882837
E007-C27,27,74669.20295272022,1306.8460315586076,-90.57648765400445,27.358049345338472,457.91691435097874,195.52365651474747,163.06277539136426,0.00038249951537150384,2.342002612438051,0.5494175560869545,0.8987248619020832,0.9986242055892944,211,-90.57748942388493,27.35603602117812,-90.57551313025986,27.36016827148507
E007-C28,28,92135.99490203708,1673.6944991775115,-89.5320819103468,27.201991535363582,567.3741720461162,251.69525342735375,162.39018172041196,125.71471215264411,2.254210853483084,0.4133203764696621,0.8380620014209014,0.9871484637260437,260,-89.53436571596534,27.200627477025442,-89.52933515037427,27.20368174899145
E007-C29,29,311853.5562283248,3829.4439565088637,-89.52371221718928,27.198879826431984,1220.688817741574,385.1698167639463,255.47342754011018,131.5731975341582,3.169222417263502,0.2672324103047606,0.9231702839109031,0.9999715089797974,880,-89.5287961612038,27.19451893309343,-89.51891469307849,27.20296309676415
E007-C30,30,81550.02786509693,1349.4642643638758,-90.43567980995631,27.138974925917278,356.1953094761883,318.5356636287884,228.94750631338272,90.00057046566583,1.1182274079403782,0.5627444248581053,0.8859318665836169,0.9970633387565613,230,-90.4375319026191,27.13738608102343,-90.43393864148263,27.14026068993261
E007-C31,31,24111.100211925805,722.9445239515414,-90.43848305930571,27.13581931184778,218.99350760711025,142.48291639478492,110.09961197198054,0.00024076883897172774,1.5369808054765906,0.5797182162209565,0.7478837695191888,0.8683726191520691,68,-90.43914887013052,27.134870798227894,-90.43771156567593,27.136847091852957
E007-C33,33,129779.3156150505,1999.1156431273482,-90.45167324952824,27.131438553539656,641.1966589841081,318.53494652558487,202.40173400258942,90.00013966219586,2.012955457408837,0.4080745482680111,0.8659715295815077,0.9990151524543762,366,-90.45531854524467,27.130199558750473,-90.44885067519901,27.133074167659654
E007-C34,34,14892.629484340549,595.1230603083884,-90.42569552889165,27.132128798160114,178.10937613604887,119.45066024394308,83.61507859622624,90.0004990171423,1.4910706711232278,0.5284059397527294,0.6377808863208407,0.6815513372421265,42,-90.42657245615284,27.131636863205063,-90.4247758255846,27.132714841546004
E007-C35,35,23757.545677751303,674.757482991063,-90.47700548479649,27.130916870181416,178.11115052040444,159.26806012267915,133.3860659949509,90.00053074930041,1.118310541254857,0.6557163577674316,0.7874163718365911,0.9309722185134888,67,-90.47795609040448,27.130199558750473,-90.47615945983624,27.131636863205063
E007-C36,36,280131.57536319643,3711.200737949922,-90.46781490312387,27.128784355600224,1317.6764271610805,319.0151413055622,212.5951178824204,92.46148450274558,4.130451055609836,0.25558951618641124,0.8841651422313497,0.9991883635520935,790,-90.47382384009754,27.127145286784465,-90.46052877389256,27.130199558750473
E007-C37,37,1127644.7426313236,9857.575283627706,-90.42305037839544,27.12606839344289,2953.347542051967,880.3644679938012,381.8191819875839,87.7324902969792,3.354687347596089,0.14582834882789888,0.8958090670078805,1.0,3180,-90.43699291344863,27.122114721193395,-90.40698918295904,27.130199558750473
E007-C38,38,88298.01103640348,1536.0626512593137,-90.40231180769587,27.124397308761306,409.6812815818916,298.62514166493827,215.5285462285723,90.00135043207442,1.3718914599680958,0.47026529095754105,0.7949442305718081,0.9559656977653503,249,-90.40447390016351,27.123013036477516,-90.40034164985656,27.125707982329875
E007-C39,39,6737.880403369665,417.02689539783734,-90.40711683820172,27.119623077819853,119.4505491373192,89.06439500625653,56.40727859378748,0.00012667511269637277,1.3411706117683517,0.48686105094360466,0.6767317935040122,0.7631879448890686,19,-90.40752817212952,27.11906044922739,-90.4066298568454,27.12013842756833
E007-C40,40,839833.4700908884,9802.191843363176,-90.45660705686359,27.10907205647077,3902.897052144659,422.1859380485252,215.18207087460743,82.18802971619657,9.244497981588548,0.10983901929696184,0.8786429722818572,0.9998729228973389,2368,-90.47651878594989,27.10630437219289,-90.4375319026191,27.11259257918173
E007-C41,41,75186.02466409653,1926.0415882849643,-90.43006655508081,27.111425632974427,789.9279638653832,152.8324562802086,95.1808621841744,95.98151684189101,5.16858776657427,0.2546922124060286,0.6994866503859466,0.833984375,212,-90.43393864148263,27.11079594861349,-90.42603346698237,27.11223325306808
E007-C43,43,65639.09560144693,1131.906621802719,-90.21905433978826,27.061323053243036,298.6203014085377,267.33747512903443,219.80788074969865,0.0006113424698472314,1.117016240481826,0.6438004136156387,0.9011251253050727,0.9954318404197693,185,-90.22049892997583,27.059951303532326,-90.21780398412346,27.062646249384684
E007-C44,44,431551.4220110476,5291.172465670733,-90.22173814208828,27.032802879866935,1502.6532426774884,652.9808263159892,287.19295294108696,156.6777055709191,2.301221080495137,0.19370399635715796,0.8957505945704485,0.9997252225875854,1216,-90.22678713696466,27.025455996622135,-90.21744465800982,27.038391736713457
E007-C45,45,8874.105317220092,417.1962657037372,-90.22582773631214,27.010166670163994,119.44765984217183,89.15222878233357,74.2928352798673,0.00013809933064190538,1.3398168668761494,0.6406983679956054,0.6987964463233948,0.7741456031799316,25,-90.2262481477942,27.009645647621632,-90.22534983251008,27.010723625962576
E007-C46,46,405046.5770846829,4416.695951235203,-90.26190078298677,27.00101611083072,1600.7031820403004,398.480049965866,253.04290116322463,112.55897716155427,4.017022137438041,0.2609274825784223,0.8940507473912185,0.9996273517608643,1141,-90.27008593365923,26.9981472119849,-90.25445524771554,27.003896429803266
E007-C47,47,29819.25720346719,817.8178587435111,-90.23129582487054,27.00162925443883,249.64355408967688,159.26277532143357,119.44733486992229,90.00123483096503,1.5674946866010055,0.5602650157226188,0.7849925046875363,0.9309911131858826,84,-90.23253635478304,27.000842157837262,-90.2300210719875,27.002279462291852
E007-C48,48,124248.65673528612,1805.6761919216558,-90.23860024077453,26.999890978538236,626.5475306791515,251.0332396214487,198.3068333229336,86.63840657455809,2.4958747758821427,0.47887462240398504,0.8859638161318643,0.9995114803314209,350,-90.24187883373787,26.998686201155373,-90.23559062674903,27.001021820894085
E007-C49,49,169689.08807835728,1960.7894789191146,-90.24796369598197,26.999487177559118,641.9577040390735,318.5262585472095,264.3306358202517,90.00146117638758,2.015399631311487,0.5546280677379365,0.8953280159619064,0.9959102272987366,478,-90.25122131269272,26.997967548928077,-90.24475344264705,27.000842157837262
