model,eval,n,acc,bal_acc,macro_f1,R_no_oil,R_lookalike,R_oil
image_stats_test,val_all,477,0.8407,0.833,0.8332,0.8397,0.7778,0.8815
image_stats_test,val_place_clean,477,0.8407,0.833,0.8332,0.8397,0.7778,0.8815
image_stats_test,test_full_minus_nodata,447,0.7494,0.751,0.7437,0.9864,0.6467,0.62
image_stats_test,test_acq_clean,385,0.7481,0.7186,0.7241,0.9864,0.6467,0.5227
image_stats_test,test_place_clean,212,0.7642,0.7447,0.736,0.9846,0.7091,0.5405
metadata_only_test,val_all,477,0.4717,0.4954,0.4666,0.3893,0.7556,0.3412
metadata_only_test,val_place_clean,477,0.4717,0.4954,0.4666,0.3893,0.7556,0.3412
metadata_only_test,test_full_minus_nodata,447,0.3736,0.3731,0.3555,0.2925,0.2067,0.62
metadata_only_test,test_acq_clean,385,0.3662,0.4202,0.3577,0.2925,0.2067,0.7614
metadata_only_test,test_place_clean,212,0.3255,0.416,0.3216,0.2462,0.2182,0.7838
image_stats+latlon,val_all,477,0.8407,0.8358,0.8345,0.855,0.7852,0.8673
image_stats+latlon,val_place_clean,477,0.8407,0.8358,0.8345,0.855,0.7852,0.8673
valid_frac_only,val_all,477,0.4319,0.356,0.3164,0.1221,0.1259,0.8199
valid_frac_only,val_place_clean,477,0.4319,0.356,0.3164,0.1221,0.1259,0.8199
vv_p50_only,val_all,477,0.4948,0.4842,0.4858,0.3817,0.5259,0.545
vv_p50_only,val_place_clean,477,0.4948,0.4842,0.4858,0.3817,0.5259,0.545
dark_clip_frac_only,val_all,477,0.3732,0.4457,0.3141,0.9847,0.3333,0.019
dark_clip_frac_only,val_place_clean,477,0.3732,0.4457,0.3141,0.9847,0.3333,0.019
bright_frac_only(land/ships),val_all,477,0.4151,0.3971,0.3801,0.5191,0.1556,0.5166
bright_frac_only(land/ships),val_place_clean,477,0.4151,0.3971,0.3801,0.5191,0.1556,0.5166
lat_only,val_all,477,0.3082,0.3334,0.3123,0.4275,0.3926,0.1801
lat_only,val_place_clean,477,0.3082,0.3334,0.3123,0.4275,0.3926,0.1801
