component_id,n_px_image_space,prob_mean,prob_max,in_roi,area_m2,perimeter_m,centroid_lon,centroid_lat,bbox_west,bbox_south,bbox_east,bbox_north,major_axis_m,minor_axis_m,width_proxy_m,orientation_deg_from_north,elongation,compactness_polsby_popper,area_m2_laea
1,38,0.7272608986026362,0.8165225982666016,False,13342.783863306046,485.8188956616043,-89.10036123422171,28.226319140569426,-89.10101842290608,28.225784879262637,-89.09976078150831,28.22686285760358,123.4522278794811,119.46049698073755,108.08054332022095,90.00176933752083,1.0334146517018694,0.7104074548458841,13342.783925526372
2,5928,0.9642849240587791,1.0,False,2081677.366691962,13526.361149340308,-89.10570710900227,28.215773744513207,-89.1297645119979,28.20332699715965,-89.08520807390558,28.222371281182983,4773.004318025199,979.2288658332636,436.13565544672355,113.22341449300083,4.874247976711414,0.1429754021631974,2081677.3361965762
3,29,0.6920536633195549,0.7909157276153564,False,10183.189399428666,450.5601359002755,-89.14358307895694,28.220583943249537,-89.14413755654382,28.220035661444275,-89.14305957820288,28.221113639785216,119.4618392461856,105.81954110943477,85.24219502801446,0.0002703630394300799,1.128920405378081,0.6303592892425892,10183.189385853942
4,27728,0.9814507476512538,1.0,False,9740467.593608692,28829.991910239984,-89.12530619231563,28.176489805475395,-89.15779194886244,28.152123025964837,-89.09796415094007,28.219676335330625,8863.282670903882,2172.246257658277,1098.9684020328502,139.91092624986672,4.0802384350560095,0.14726536860460349,9740467.592716891
5,14023,0.9656212840603582,1.0,False,4926762.973985381,37781.79924012175,-89.18536851693483,28.161515036072366,-89.2289385193647,28.118166708225118,-89.13856800178228,28.20835756275072,13305.038927605296,942.8442212174295,370.29301460842277,139.01427637167345,14.111598319418471,0.043371681607660036,4926762.97545541
6,563,0.8902662440896246,0.999262809753418,False,197727.82796944678,3286.1982995281687,-89.07964945752789,28.20210460717335,-89.083770769451,28.19775744239811,-89.07514694272344,28.204943964671067,1106.3902563008237,348.05725100957926,178.7143612693614,127.62696074607034,3.1787593940123764,0.23008596423966685,197727.8278547639
7,128,0.8240507985465229,0.9668697118759155,False,44955.67300414294,1086.687074926953,-89.10571351944004,28.198304851271054,-89.10694730378127,28.19703879017081,-89.10425235792891,28.199554072966347,345.8110154510544,184.84452056661382,130.00069689944826,138.460294929377,1.870821025102726,0.47839360383104046,44955.67297115695
8,511,0.8648733510663131,0.9939619302749634,False,179493.21611274034,2083.759893922742,-89.08222393657384,28.18522411032629,-89.0861063891897,28.183743723965843,-89.07874020385992,28.186618332875028,735.1184980783768,305.7947249894789,244.16909189734898,93.07794124808603,2.403960689981389,0.5194724900815337,179493.21020428083
9,33,0.6489958257386179,0.7039066553115845,False,11591.700346805155,485.9156936118783,-89.07718040166128,28.183583115988213,-89.0778418885758,28.183025071738548,-89.07658424717803,28.184103050079493,123.49979753276192,119.46030820202911,93.86007571170406,90.00183392958839,1.033814489444488,0.6169289613993447,11591.700258078878
10,302,0.8132353831600669,0.98191899061203,False,106088.39722330123,2054.1188554381088,-89.07068390140839,28.17657504509446,-89.07352997521203,28.174401245011,-89.0681400835073,28.1788928214316,700.1865925013448,237.6837189903479,151.51446537173945,138.45457974505928,2.9458752811326496,0.3159560050109358,106088.39717644203
11,8,0.6230307519435883,0.6499137282371521,False,2810.6097062453628,260.62518279965036,-89.05327296549964,28.164003245728615,-89.05358737590457,28.16380112465839,-89.05286872367728,28.164340113828864,70.58431334610604,59.72999114003041,39.81918322933458,90.00202321505975,1.181723151115641,0.5199692390589447,2810.6097625442585
12,4701,0.9678481951897967,1.0,False,1651825.372802049,9815.80849632541,-88.87275553115028,28.14815287028046,-88.88272780886504,28.136672003077983,-88.85847329619381,28.156434939328612,2498.276811653766,1593.9788834658673,661.1858882477487,33.52113277659876,1.5673211468282684,0.21543776905823342,1651825.3717042194
13,5,0.6059935212135314,0.6110166907310486,False,1756.8280878737569,190.0522752219454,-88.85849126243382,28.151817598665655,-88.85865295925063,28.151584036794365,-88.858293633137,28.152123025964837,59.73230411921245,35.29533171633106,29.41169127458263,0.00010265995110778081,1.692357068614104,0.6112135646612324,1756.8281033049025
14,199,0.8721997318555362,0.9909029006958008,False,69941.64050076157,1361.2935085896347,-88.86547969688878,28.120714939011844,-88.86673779680771,28.11906502350924,-88.86386318789853,28.122658284645716,458.102677603923,226.0527827152022,152.67677732552642,145.41087552454533,2.0265296985132637,0.4742879943391037,69941.64128624256
15,9,0.6264436576101515,0.6553090214729309,False,3167.7365758121014,265.34867987412457,-89.31488732941094,27.96290788311785,-89.31517678664018,27.962578501015617,-89.3146377974697,27.963297153242912,79.6385813365126,53.03533391313411,39.7764063931129,2.4399674725182445e-05,1.5016136500045725,0.5653599768320513,3167.7365798741894
16,243,0.9140313409974055,0.9993013143539429,False,85547.19208551198,1432.9468193736661,-90.23618617221535,27.93932100276246,-90.23792624648775,27.93742567306027,-90.23469231146491,27.94101893419675,433.61685583284316,280.89450961818613,197.28751531395713,151.94846721119387,1.5437000047535612,0.5235467616416456,85547.19209987452
17,352,0.9307646993547678,0.999940037727356,False,123928.19743192196,1503.7201978859962,-90.23938958197371,27.932224117451966,-90.24116018151058,27.93041881384414,-90.23756692037409,27.934012074980618,398.20256939005446,353.67368473909744,311.21897988189426,179.9948724236231,1.1259038672436308,0.6887251312441208,123928.19563597399
18,78,0.6188935331809216,0.6409646272659302,False,27472.995772652328,990.8030219647387,-89.81688126590781,27.88529344503936,-89.8182333457471,27.884604734354046,-89.81481974766746,27.886042038808636,338.2713967753468,151.63359611668918,81.21584040077066,107.82244331630353,2.2308472887171455,0.35167479122379003,27472.996247539282
19,68,0.778814740040723,0.9071617126464844,False,24053.262671768665,717.9849661698672,-90.21287117543702,27.40853198010181,-90.21367173381653,27.40759931848658,-90.2120547663051,27.40939594905482,199.0893399785804,159.9041340917772,120.81642680796725,179.9995710149111,1.2450543640373475,0.5863449062301851,24053.262645189698
20,10,0.6224346220493316,0.6464346051216125,False,3537.4705571085215,265.87970533178844,-90.21264765438303,27.4013111113154,-90.21295308158922,27.400951785384095,-90.21241409241875,27.40167043761139,79.63646003606725,53.30490728472789,44.420238613147866,179.99984107606247,1.493979899649567,0.6288286499623722,3537.470614847445
21,1991,0.9345527149995089,0.9999990463256836,False,704400.5145656392,7610.153240280611,-90.21869228314459,27.386855405224246,-90.2248108433396,27.375619294371923,-90.21331240770287,27.399694143986327,2886.252201448119,402.69258740367684,244.05369503476527,22.95791933910965,7.167383487381684,0.15284200447526192,704400.5171116417
22,8,0.6222818791866302,0.6516600251197815,False,2830.784385420382,226.0931714412264,-90.21823068380881,27.369084050685018,-90.21852263635077,27.368792098212616,-90.21798364718029,27.369331087383088,59.72717970608458,53.32028643269451,47.39524617352729,179.9998344381356,1.1201586432112927,0.6958918717044275,2830.7844018598744
23,347,0.8845126070618973,0.9942856431007385,False,122787.2434861511,1982.2320135319947,-90.55405580305076,27.36724580489219,-90.55682817235018,27.365019174019313,-90.55143828064546,27.369151424326265,663.1366256777163,260.55324464153273,185.1613057274046,126.75032217641167,2.5451098357652575,0.3926938882867891,122787.24367035586
24,67,0.7268406837733824,0.8399642705917358,False,23708.648916900158,749.388698011071,-90.17760906660781,27.36509827908748,-90.17863743773586,27.364300521792018,-90.1766611441108,27.365917489303435,195.51475255428224,179.1788772549474,121.2627109062665,89.9995127547088,1.091170764933922,0.530520770503799,23708.64896691459
25,140,0.8001568526029587,0.9609697461128235,False,49542.680003486574,1107.7561517952195,-90.57973393023471,27.36002838592813,-90.58072335890776,27.35837164091683,-90.5787470652827,27.36160557593966,363.637111972126,186.70224409820213,136.24208963381105,5.6653495033247285,1.9476847411692555,0.507342236395767,49542.67928328318
26,3553,0.9741331230174848,1.0,False,1257385.090246588,6828.7451106305325,-90.56542835604667,27.35440074157764,-90.57299784746432,27.347052868336924,-90.55575019400924,27.361425912882837,1640.3088583566296,1069.6802629079166,766.5538620003064,134.24134659688144,1.5334571602709244,0.3388413201975121,1257385.0949660626
27,211,0.8987248619020832,0.9986242055892944,False,74669.20295272022,1306.8460315586076,-90.57648765400445,27.358049345338472,-90.57748942388493,27.35603602117812,-90.57551313025986,27.36016827148507,457.91691435097874,195.52365651474747,163.06277539136426,0.00038249951537150384,2.342002612438051,0.5494175560869545,74669.20265854587
28,260,0.8380620014209014,0.9871484637260437,False,92135.99490203708,1673.6944991775115,-89.5320819103468,27.201991535363582,-89.53436571596534,27.200627477025442,-89.52933515037427,27.20368174899145,567.3741720461162,251.69525342735375,162.39018172041196,125.71471215264411,2.254210853483084,0.4133203764696621,92135.99489290964
29,880,0.9231702839109031,0.9999715089797974,False,311853.5562283248,3829.4439565088637,-89.52371221718928,27.198879826431984,-89.5287961612038,27.19451893309343,-89.51891469307849,27.20296309676415,1220.688817741574,385.1698167639463,255.47342754011018,131.5731975341582,3.169222417263502,0.2672324103047606,311853.5563140376
30,230,0.8859318665836169,0.9970633387565613,True,81550.02786509693,1349.4642643638758,-90.43567980995631,27.138974925917278,-90.4375319026191,27.13738608102343,-90.43393864148263,27.14026068993261,356.1953094761883,318.5356636287884,228.94750631338272,90.00057046566583,1.1182274079403782,0.5627444248581053,81550.02792394574
31,68,0.7478837695191888,0.8683726191520691,True,24111.100211925805,722.9445239515414,-90.43848305930571,27.13581931184778,-90.43914887013052,27.134870798227894,-90.43771156567593,27.136847091852957,218.99350760711025,142.48291639478492,110.09961197198054,0.00024076883897172774,1.5369808054765906,0.5797182162209565,24111.099984386627
32,1,0.6052488088607788,0.6052488088607788,True,354.5821470245719,75.4380082629708,-90.42738093990745,27.133523325307152,-90.42747077143696,27.133433493773303,-90.42729110838015,27.133613156830126,19.9086113388305,17.81066204867371,17.810491198498692,179.9999773084725,1.117791763406853,0.7829721278792062,354.5821470339057
33,366,0.8659715295815077,0.9990151524543762,True,129779.3156150505,1999.1156431273482,-90.45167324952824,27.131438553539656,-90.45531854524467,27.130199558750473,-90.44885067519901,27.133074167659654,641.1966589841081,318.53494652558487,202.40173400258942,90.00013966219586,2.012955457408837,0.4080745482680111,129779.31551937335
34,42,0.6377808863208407,0.6815513372421265,True,14892.629484340549,595.1230603083884,-90.42569552889165,27.132128798160114,-90.42657245615284,27.131636863205063,-90.4247758255846,27.132714841546004,178.10937613604887,119.45066024394308,83.61507859622624,90.0004990171423,1.4910706711232278,0.5284059397527294,14892.629479670863
35,67,0.7874163718365911,0.9309722185134888,True,23757.545677751303,674.757482991063,-90.47700548479649,27.130916870181416,-90.47795609040448,27.130199558750473,-90.47615945983624,27.131636863205063,178.11115052040444,159.26806012267915,133.3860659949509,90.00053074930041,1.118310541254857,0.6557163577674316,23757.5458017791
36,790,0.8841651422313497,0.9991883635520935,True,280131.57536319643,3711.200737949922,-90.46781490312387,27.128784355600224,-90.47382384009754,27.127145286784465,-90.46052877389256,27.130199558750473,1317.6764271610805,319.0151413055622,212.5951178824204,92.46148450274558,4.130451055609836,0.25558951618641124,280131.5753176584
37,3180,0.8958090670078805,1.0,True,1127644.7426313236,9857.575283627706,-90.42305037839544,27.12606839344289,-90.43699291344863,27.122114721193395,-90.40698918295904,27.130199558750473,2953.347542051967,880.3644679938012,381.8191819875839,87.7324902969792,3.354687347596089,0.14582834882789888,1127644.7406947976
38,249,0.7949442305718081,0.9559656977653503,True,88298.01103640348,1536.0626512593137,-90.40231180769587,27.124397308761306,-90.40447390016351,27.123013036477516,-90.40034164985656,27.125707982329875,409.6812815818916,298.62514166493827,215.5285462285723,90.00135043207442,1.3718914599680958,0.47026529095754105,88298.01106577765
39,19,0.6767317935040122,0.7631879448890686,True,6737.880403369665,417.02689539783734,-90.40711683820172,27.119623077819853,-90.40752817212952,27.11906044922739,-90.4066298568454,27.12013842756833,119.4505491373192,89.06439500625653,56.40727859378748,0.00012667511269637277,1.3411706117683517,0.48686105094360466,6737.8803720360065
40,2368,0.8786429722818572,0.9998729228973389,True,839833.4700908884,9802.191843363176,-90.45660705686359,27.10907205647077,-90.47651878594989,27.10630437219289,-90.4375319026191,27.11259257918173,3902.897052144659,422.1859380485252,215.18207087460743,82.18802971619657,9.244497981588548,0.10983901929696184,839833.4781463741
41,212,0.6994866503859466,0.833984375,True,75186.02466409653,1926.0415882849643,-90.43006655508081,27.111425632974427,-90.43393864148263,27.11079594861349,-90.42603346698237,27.11223325306808,789.9279638653832,152.8324562802086,95.1808621841744,95.98151684189101,5.16858776657427,0.2546922124060286,75186.02483310935
42,13,0.6362241002229544,0.6714322566986084,True,4610.454658381641,364.66647817632855,-90.4355901594735,27.1118946585703,-90.43627426122134,27.111694263897608,-90.43483695676674,27.112053590011257,142.51272145026002,39.816917989643194,32.35117968041041,90.00071680530036,3.579200215529718,0.43567429161508525,4610.45469182566
43,185,0.9011251253050727,0.9954318404197693,False,65639.09560144693,1131.906621802719,-90.21905433978826,27.061323053243036,-90.22049892997583,27.059951303532326,-90.21780398412346,27.062646249384684,298.6203014085377,267.33747512903443,219.80788074969865,0.0006113424698472314,1.117016240481826,0.6438004136156387,65639.09648836286
44,1216,0.8957505945704485,0.9997252225875854,False,431551.4220110476,5291.172465670733,-90.22173814208828,27.032802879866935,-90.22678713696466,27.025455996622135,-90.21744465800982,27.038391736713457,1502.6532426774884,652.9808263159892,287.19295294108696,156.6777055709191,2.301221080495137,0.19370399635715796,431551.4224772476
45,25,0.6987964463233948,0.7741456031799316,False,8874.105317220092,417.1962657037372,-90.22582773631214,27.010166670163994,-90.2262481477942,27.009645647621632,-90.22534983251008,27.010723625962576,119.44765984217183,89.15222878233357,74.2928352798673,0.00013809933064190538,1.3398168668761494,0.6406983679956054,8874.105248770391
46,1141,0.8940507473912185,0.9996273517608643,False,405046.5770846829,4416.695951235203,-90.26190078298677,27.00101611083072,-90.27008593365923,26.9981472119849,-90.25445524771554,27.003896429803266,1600.7031820403004,398.480049965866,253.04290116322463,112.55897716155427,4.017022137438041,0.2609274825784223,405046.5777217535
47,84,0.7849925046875363,0.9309911131858826,False,29819.25720346719,817.8178587435111,-90.23129582487054,27.00162925443883,-90.23253635478304,27.000842157837262,-90.2300210719875,27.002279462291852,249.64355408967688,159.26277532143357,119.44733486992229,90.00123483096503,1.5674946866010055,0.5602650157226188,29819.25743397231
48,350,0.8859638161318643,0.9995114803314209,False,124248.65673528612,1805.6761919216558,-90.23860024077453,26.999890978538236,-90.24187883373787,26.998686201155373,-90.23559062674903,27.001021820894085,626.5475306791515,251.0332396214487,198.3068333229336,86.63840657455809,2.4958747758821427,0.47887462240398504,124248.65709537269
49,478,0.8953280159619064,0.9959102272987366,False,169689.08807835728,1960.7894789191146,-90.24796369598197,26.999487177559118,-90.25122131269272,26.997967548928077,-90.24475344264705,27.000842157837262,641.9577040390735,318.5262585472095,264.3306358202517,90.00146117638758,2.015399631311487,0.5546280677379365,169689.09000956223
