MMSI,VesselName,release_age_bin,matched_hours_in_bin_v2,peak_density_score_v2,peak_age_hours_v2,rank_in_age_bin_v2,matched_hours_in_bin_v2_1,peak_density_score_v2_1,peak_age_hours_v2_1,rank_in_age_bin_v2_1,peak_method,d_rank,d_score
11,CONSTITUTION,0-6h,4,4.716117413772931e-26,3.0,31,3.0,4.732515583005803e-26,3.0,29.0,interp,-2.0,1.6398169232872124e-28
11,CONSTITUTION,12-24h,3,4.9710221786853115e-34,13.0,37,2.0,4.9635900795650245e-34,13.0,36.0,interp,-1.0,-7.432099120286991e-37
11,CONSTITUTION,36-48h,8,1.7317357672843667e-41,48.0,58,7.0,1.2564241085062163e-41,41.0,57.0,interp,-1.0,-4.753116587781504e-42
11,CONSTITUTION,6-12h,6,3.0067803844705952e-27,7.0,34,5.0,3.0067803844705952e-27,7.0,34.0,edge_nearest,0.0,0.0
229202000,DENSA HAWK,36-48h,4,6.964509233642837e-79,37.0,80,4.0,1.2778601620276317e-78,37.0,78.0,interp,-2.0,5.81409238663348e-79
235053116,SEVEN OCEANS,0-6h,6,7.874390255692607e-06,0.0,12,6.0,7.874390255692607e-06,0.0,11.0,interp,-1.0,0.0
235053116,SEVEN OCEANS,12-24h,2,0.0001051066236758,13.0,8,1.0,0.00010514857420327991,13.0,8.0,interp,0.0,4.1950527479908944e-08
235053116,SEVEN OCEANS,36-48h,9,4.559107874982174e-09,48.0,19,8.0,4.559107874982174e-09,48.0,19.0,interp,0.0,0.0
235053116,SEVEN OCEANS,6-12h,6,0.0008173416851151,11.0,9,4.0,0.0008173416851151669,11.0,9.0,edge_nearest,0.0,6.689527404235562e-17
235076282,PARAMOUNT HALIFAX,12-24h,7,7.938159539508613e-116,15.0,69,6.0,7.939246621830237e-116,15.0,66.0,interp,-3.0,1.0870823216239598e-119
235095836,VECTIS ISLE,24-36h,4,1.0749450538163632e-143,36.0,66,4.0,5.121486068539152e-144,36.0,56.0,interp,-10.0,-5.62796446962448e-144
235095836,VECTIS ISLE,36-48h,4,1.3090366042651241e-134,38.0,98,4.0,1.3214440077982467e-134,38.0,97.0,interp,-1.0,1.2407403533122562e-136
240975000,KIMOLOS,36-48h,2,7.984822189400317e-75,48.0,75,1.0,6.977498297653131e-75,48.0,73.0,interp,-2.0,-1.0073238917471864e-75
241365000,MARAN GAS ACHILLES,24-36h,4,7.399097862772997e-05,33.0,4,2.0,0.0007809777372333311,33.0,4.0,interp,0.0,0.0007069867586056011
244848000,DONAUGRACHT,24-36h,4,2.054001883910742e-118,27.0,58,1.0,1.6240242525545913e-122,26.0,51.0,interp,-7.0,-2.0538394814854865e-118
257040610,OLYMPIC ARTEMIS,0-6h,5,9.651589378956363e-140,6.0,65,3.0,1.1160679075394312e-139,6.0,61.0,interp,-4.0,1.509089696437949e-140
257040610,OLYMPIC ARTEMIS,12-24h,8,3.516537406096293e-122,18.0,74,8.0,3.516537406096293e-122,18.0,73.0,edge_nearest,-1.0,0.0
257040610,OLYMPIC ARTEMIS,24-36h,12,5.081967113604917e-136,25.0,64,12.0,5.437053570508882e-136,25.0,54.0,interp,-10.0,3.550864569039651e-137
257040610,OLYMPIC ARTEMIS,36-48h,12,5.706958441734964e-194,37.0,110,12.0,5.66885714400925e-194,37.0,109.0,interp,-1.0,-3.8101297725713923e-196
257040610,OLYMPIC ARTEMIS,6-12h,5,2.0492452286251559e-134,12.0,76,4.0,2.0298279735987565e-134,12.0,74.0,interp,-2.0,-1.9417255026399416e-136
257432000,OSLO BULK 4,24-36h,6,2.803737942492323e-32,31.0,28,3.0,8.128728256380626e-36,30.0,21.0,interp,-7.0,-2.802925069666685e-32
303071000,GOL DIAMOND,24-36h,2,2.548033721040991e-38,32.0,34,1.0,2.553530014245552e-38,32.0,24.0,interp,-10.0,5.496293204561248e-41
303071000,GOL DIAMOND,36-48h,5,3.979225073952196e-43,37.0,60,5.0,4.160557698058137e-43,37.0,59.0,interp,-1.0,1.8133262410594054e-44
303260000,GINNY LAB,0-6h,5,1.7714340809931446e-26,1.0,34,4.0,1.8819686026235157e-26,0.0,31.0,interp,-3.0,1.105345216303711e-27
303260000,GINNY LAB,12-24h,3,6.860847442629806e-35,13.0,40,3.0,6.267574294025858e-35,13.0,39.0,interp,-1.0,-5.932731486039488e-36
303260000,GINNY LAB,6-12h,3,1.1217294903146388e-32,9.0,41,1.0,1.8815819841821532e-33,10.0,41.0,interp,0.0,-9.335712918964235e-33
303517000,JOSHUA CANDIES,12-24h,2,1.625325552586221e-23,14.0,33,2.0,1.7885283189016318e-23,14.0,32.0,interp,-1.0,1.6320276631541082e-24
303517000,JOSHUA CANDIES,24-36h,1,4.4721109555010124e-77,35.0,48,,,,,,,
303517000,JOSHUA CANDIES,36-48h,9,1.3380075487218815e-76,38.0,78,9.0,1.3380075487218816e-76,38.0,76.0,edge_nearest,-2.0,1.5340917079055395e-92
303517000,JOSHUA CANDIES,6-12h,3,4.355172036571024e-58,12.0,51,3.0,3.148587714706208e-57,12.0,51.0,interp,0.0,2.713070511049106e-57
303520000,SULPHUR ENTERPRISE,12-24h,5,3.1872435532288347e-80,16.0,60,5.0,3.3730649757059347e-80,16.0,58.0,interp,-2.0,1.858214224771e-81
303520000,SULPHUR ENTERPRISE,6-12h,1,1.4294445606355533e-142,12.0,77,1.0,8.177284202832705e-143,12.0,75.0,interp,-2.0,-6.117161403522828e-143
308516000,DISNEY MAGIC,24-36h,2,6.482404692547255e-59,31.0,37,,,,,,,
310817000,GASLOG WELLINGTON,36-48h,1,9.88498634302934e-91,48.0,89,1.0,6.428426778066134e-91,48.0,86.0,interp,-3.0,-3.4565595649632064e-91
311000143,TURRITELLA,36-48h,2,2.3082851340352213e-31,47.0,51,2.0,2.3082851340352213e-31,47.0,50.0,edge_nearest,-1.0,0.0
311000222,EMERALD SPIRIT,12-24h,5,3.362409744154197e-113,14.0,68,5.0,3.952600397095549e-113,14.0,65.0,interp,-3.0,5.90190652941352e-114
311000222,EMERALD SPIRIT,6-12h,1,1.7761871752966922e-148,12.0,78,1.0,7.016262768174059e-149,12.0,76.0,interp,-2.0,-1.0745608984792863e-148
311000246,CREOLE SPIRIT,12-24h,1,4.399228023493142e-76,13.0,58,1.0,2.9173352722969647e-76,13.0,57.0,interp,-1.0,-1.4818927511961772e-76
311000246,CREOLE SPIRIT,6-12h,2,3.2577195535627702e-80,12.0,59,1.0,3.77515115530671e-80,12.0,58.0,interp,-1.0,5.1743160174394e-81
311000467,LUZON SPIRIT,0-6h,1,5.599948035283213e-114,4.0,63,,,,,,,
311000876,STAR FIRST,24-36h,3,4.1998281318648343e-16,32.0,13,2.0,4.199828131864834e-16,32.0,10.0,edge_nearest,-3.0,-4.930380657631324e-32
311012300,POLARCUS ALIMA,0-6h,6,0.0014323300710066,3.0,10,5.0,0.001428812621307673,3.0,7.0,interp,-3.0,-3.5174496989269412e-06
311012300,POLARCUS ALIMA,12-24h,3,3.393823758785943e-10,15.0,15,3.0,3.393823758785943e-10,15.0,15.0,edge_nearest,0.0,0.0
311012300,POLARCUS ALIMA,24-36h,4,8.639547805570258e-11,30.0,10,1.0,1.254197755451145e-39,34.0,25.0,edge_nearest,15.0,-8.639547805570258e-11
311012300,POLARCUS ALIMA,36-48h,12,0.0004529087799846,43.0,11,11.0,0.0004560537516888797,43.0,11.0,interp,0.0,3.1449717042797117e-06
311012300,POLARCUS ALIMA,6-12h,6,5.3697321097412835e-09,7.0,16,6.0,8.460553069494266e-09,7.0,15.0,interp,-1.0,3.0908209597529824e-09
311062000,HELIX PRODUCER I,0-6h,7,8.408236157831501e-75,0.0,48,7.0,8.402857248045137e-75,0.0,46.0,interp,-2.0,-5.378909786364436e-78
311062000,HELIX PRODUCER I,12-24h,8,1.2731116657141518e-96,13.0,63,8.0,1.2716565412526265e-96,13.0,62.0,interp,-1.0,-1.4551244615252652e-99
311062000,HELIX PRODUCER I,24-36h,7,1.6316007472168115e-105,32.0,55,5.0,6.381310422328448e-106,26.0,44.0,interp,-11.0,-9.934697049839667e-106
311062000,HELIX PRODUCER I,36-48h,12,5.100172253981254e-110,37.0,95,12.0,5.100172253981254e-110,37.0,94.0,interp,-1.0,0.0
311062000,HELIX PRODUCER I,6-12h,6,1.5315130863689183e-81,7.0,60,6.0,1.5305962102807043e-81,7.0,59.0,interp,-1.0,-9.16876088214009e-85
312407000,SUN GAS,36-48h,3,2.5765889541444267e-36,48.0,55,3.0,2.0949112415185236e-36,48.0,54.0,interp,-1.0,-4.816777126259031e-37
338002000,TUCKER CANDIES,24-36h,3,2.5765572572739105e-66,27.0,42,2.0,5.748401013106e-67,27.0,33.0,interp,-9.0,-2.0017171559633106e-66
338002000,TUCKER CANDIES,36-48h,12,6.941114278005135e-08,48.0,14,11.0,6.250509656265465e-08,48.0,14.0,interp,0.0,-6.906046217396701e-09
338125915,CONSTITUTION SPAR,0-6h,7,1.3836399215656164e-25,0.0,30,7.0,1.390636836368452e-25,0.0,28.0,interp,-2.0,6.9969148028355924e-28
338125915,CONSTITUTION SPAR,12-24h,8,4.621022444553561e-34,13.0,38,7.0,4.622248921460421e-34,13.0,37.0,interp,-1.0,1.2264769068595338e-37
338125915,CONSTITUTION SPAR,24-36h,8,4.573469708030494e-37,30.0,33,3.0,2.6690620121437025e-37,33.0,22.0,interp,-11.0,-1.9044076958867915e-37
338125915,CONSTITUTION SPAR,36-48h,12,5.976185006204424e-39,37.0,57,12.0,5.969942078244015e-39,37.0,55.0,interp,-2.0,-6.24292796040915e-42
338125915,CONSTITUTION SPAR,6-12h,6,2.8857185264502246e-27,7.0,35,6.0,2.8853359175598336e-27,7.0,35.0,interp,0.0,-3.826088903910797e-31
338147342,HEIDELBERG SPAR,12-24h,12,1.9457211935943592e-11,13.0,17,11.0,1.9469579842567123e-11,13.0,16.0,interp,-1.0,1.2367906623531096e-14
338147342,HEIDELBERG SPAR,24-36h,12,1.843761005495653e-12,31.0,12,9.0,1.8418478265298926e-12,31.0,9.0,interp,-3.0,-1.9131789657604866e-15
338147342,HEIDELBERG SPAR,36-48h,12,1.8572973608333474e-13,37.0,26,12.0,1.8572973608333472e-13,37.0,26.0,interp,0.0,-2.524354896707238e-29
338147342,HEIDELBERG SPAR,6-12h,2,4.945073780912914e-10,11.0,20,2.0,4.945073780912914e-10,11.0,19.0,edge_nearest,-1.0,0.0
338174000,MS CHARLOTTE,36-48h,10,5.5215334063684956e-33,48.0,53,10.0,7.108220378814942e-33,48.0,51.0,interp,-2.0,1.586686972446446e-33
338189000,BREEZE,24-36h,1,2.658491763295632e-36,26.0,32,,,,,,,
338189000,BREEZE,36-48h,9,0.0058357342558298,48.0,7,9.0,0.005481982892356968,48.0,7.0,interp,0.0,-0.00035375136347283193
338197000,SHIP ISLAND,36-48h,4,1.6972786627379201e-50,48.0,66,4.0,2.7483486062235075e-50,48.0,64.0,interp,-2.0,1.0510699434855874e-50
338297000,SEACOR CHIEF,12-24h,3,5.697484285205107e-65,15.0,50,3.0,1.0112581461182567e-64,15.0,49.0,interp,-1.0,4.41509717597746e-65
338297000,SEACOR CHIEF,6-12h,3,8.892704056130702e-90,12.0,65,3.0,7.001498618094917e-90,12.0,64.0,interp,-1.0,-1.891205438035785e-90
338302000,MAGNOLIA STATE,36-48h,11,0.0023897389945671,42.0,8,11.0,0.002337881480242093,42.0,8.0,interp,0.0,-5.1857514325006834e-05
338615000,C-RAMBLER,24-36h,3,1.653048847388618e-89,36.0,53,3.0,1.653048847388618e-89,36.0,42.0,edge_nearest,-11.0,0.0
338615000,C-RAMBLER,36-48h,12,2.5796804672879797e-08,48.0,18,11.0,2.5801937648072414e-08,48.0,18.0,interp,0.0,5.1329751926169456e-12
338628000,ODYSSEA BARON,12-24h,3,2.326511569177861e-143,24.0,81,3.0,2.333649626342929e-143,24.0,80.0,interp,-1.0,7.138057165068023e-146
338628000,ODYSSEA BARON,24-36h,8,3.7688012268723616e-143,25.0,65,7.0,4.1001030076832177e-143,25.0,55.0,interp,-10.0,3.3130178081085605e-144
338628000,ODYSSEA BARON,36-48h,12,4.1780038512082566e-158,48.0,105,12.0,4.1780038512082566e-158,48.0,104.0,interp,-1.0,0.0
352978139,GRAND WINNER 3,0-6h,2,1.900871529467546e-84,1.0,50,1.0,6.444758006333495e-85,1.0,48.0,interp,-2.0,-1.2563957288341966e-84
353984000,ESTEEM ENERGY,12-24h,2,1.0935469245932516e-101,24.0,64,2.0,5.958371478513072e-102,24.0,63.0,interp,-1.0,-4.977097767419444e-102
353984000,ESTEEM ENERGY,24-36h,4,1.9788318025049742e-75,27.0,45,4.0,2.219659717519229e-75,27.0,36.0,interp,-9.0,2.4082791501425472e-76
354791000,VICTORY-G,0-6h,2,6.485163367575695e-120,6.0,64,2.0,4.2444044299319925e-120,6.0,60.0,interp,-4.0,-2.2407589376437024e-120
354791000,VICTORY-G,12-24h,3,6.383521824943347e-112,13.0,67,2.0,6.383521824943347e-112,13.0,64.0,exact,-3.0,0.0
354791000,VICTORY-G,24-36h,1,6.485984200094634e-191,32.0,72,1.0,6.818472074176487e-191,32.0,62.0,interp,-10.0,3.324878740818528e-192
354791000,VICTORY-G,36-48h,1,8.01209212605948e-198,37.0,111,1.0,8.01209212605948e-198,37.0,110.0,edge_nearest,-1.0,0.0
354791000,VICTORY-G,6-12h,5,3.854367833364393e-89,10.0,64,5.0,1.6080377203509106e-89,10.0,63.0,interp,-1.0,-2.2463301130134826e-89
366014000,ODYSSEA KNIGHT,36-48h,9,5.1547570281487065e-86,39.0,84,8.0,5.216704399773879e-86,39.0,82.0,interp,-2.0,6.194737162517241e-88
366048300,HOLSTEIN,0-6h,6,6.735946022348168e-06,1.0,13,2.0,3.9769247169922935e-06,2.0,12.0,interp,-1.0,-2.759021305355875e-06
366048300,HOLSTEIN,12-24h,2,1.2293828484237406e-13,13.0,20,1.0,1.2293828484237406e-13,13.0,19.0,edge_nearest,-1.0,0.0
366048300,HOLSTEIN,24-36h,1,5.338549918707156e-17,25.0,16,,,,,,,
366048300,HOLSTEIN,36-48h,10,3.291837840591731e-21,48.0,31,9.0,1.6968169651062487e-21,38.0,32.0,edge_nearest,1.0,-1.5950208754854823e-21
366048300,HOLSTEIN,6-12h,6,3.1621150003948785e-08,7.0,15,3.0,6.339840285645354e-09,8.0,16.0,interp,1.0,-2.528130971830343e-08
3660489,NEPTUNE TLP,0-6h,7,2.290409618248883e-26,0.0,32,7.0,2.2875562467987742e-26,0.0,30.0,interp,-2.0,-2.85337145010881e-29
3660489,NEPTUNE TLP,12-24h,12,1.8696973755204087e-34,13.0,39,12.0,1.8716277658766983e-34,13.0,38.0,interp,-1.0,1.9303903562895757e-37
3660489,NEPTUNE TLP,24-36h,12,4.7348299666716904e-35,25.0,29,11.0,4.71459361018026e-35,25.0,20.0,interp,-9.0,-2.0236356491430485e-37
3660489,NEPTUNE TLP,36-48h,12,6.92598768513901e-44,48.0,63,12.0,6.92598768513901e-44,48.0,61.0,edge_nearest,-2.0,0.0
3660489,NEPTUNE TLP,6-12h,6,2.9680219487991795e-30,7.0,37,6.0,2.9639444905306798e-30,7.0,37.0,interp,0.0,-4.0774582684996754e-33
366050100,TLP SHENZI,0-6h,6,2.2169895074543068e-10,0.0,15,6.0,2.2180355508834704e-10,0.0,14.0,interp,-1.0,1.046043429163567e-13
366050100,TLP SHENZI,12-24h,6,6.783123104267328e-17,13.0,25,5.0,6.792230279926648e-17,13.0,23.0,interp,-2.0,9.107175659320754e-20
366050100,TLP SHENZI,24-36h,9,4.028481314145764e-18,25.0,20,5.0,4.028481314145764e-18,25.0,14.0,edge_nearest,-6.0,0.0
366050100,TLP SHENZI,36-48h,12,1.669596413701181e-24,48.0,40,12.0,1.6725687943944682e-24,48.0,40.0,interp,0.0,2.9723806932872193e-27
366050100,TLP SHENZI,6-12h,6,3.646015477153723e-13,7.0,23,5.0,9.429735041049048e-14,8.0,23.0,interp,0.0,-2.703041973048818e-13
366054900,STAMPEDE TLP,0-6h,7,1.4996146218648672e-17,0.0,26,7.0,1.500349814973285e-17,0.0,24.0,interp,-2.0,7.35193108417839e-21
366054900,STAMPEDE TLP,12-24h,5,4.843604798836576e-31,13.0,35,3.0,4.8606896184017235e-31,13.0,34.0,interp,-1.0,1.7084819565147913e-33
366054900,STAMPEDE TLP,24-36h,5,1.3312984018347594e-35,27.0,31,1.0,1.9203153894660718e-41,36.0,27.0,interp,-4.0,-1.33129648151937e-35
366054900,STAMPEDE TLP,36-48h,12,3.758896100151932e-42,37.0,59,12.0,3.7531919184967584e-42,37.0,58.0,interp,-1.0,-5.704181655173748e-45
366054900,STAMPEDE TLP,6-12h,6,2.7196578786881774e-22,7.0,33,6.0,2.7201512971650426e-22,7.0,33.0,interp,0.0,4.934184768652747e-26
366484000,JEAN PIERRE LAB,36-48h,1,1.5301167446365704e-146,48.0,104,1.0,3.0389007324082654e-146,48.0,103.0,interp,-1.0,1.508783987771695e-146
366495000,OVERSEAS CHINOOK,12-24h,9,7.996966183509443e-11,16.0,16,7.0,3.381978613649977e-12,15.0,17.0,interp,1.0,-7.658768322144445e-11
366495000,OVERSEAS CHINOOK,6-12h,6,1.5508479860296952e-35,12.0,42,5.0,1.486706834846482e-35,12.0,42.0,interp,0.0,-6.41411511832132e-37
366667000,JUAN C,12-24h,2,6.893403948013409e-53,13.0,46,2.0,6.864827978939626e-53,13.0,44.0,interp,-2.0,-2.857596907378353e-55
366667000,JUAN C,36-48h,12,3.456558644877756e-69,37.0,73,10.0,3.519856276124324e-102,39.0,93.0,interp,20.0,-3.456558644877756e-69
366667000,JUAN C,6-12h,3,1.8299758695082598e-49,10.0,48,3.0,1.8299758695082594e-49,10.0,48.0,edge_nearest,0.0,-3.7982270983039195e-65
366873670,RHEA,36-48h,9,1.353564317067786e-34,40.0,54,8.0,5.1038312181359134e-40,41.0,56.0,interp,2.0,-1.353559213236568e-34
366908680,MARCO POLO TLP,0-6h,4,3.4120871729935056e-11,0.0,17,2.0,1.0346790817332061e-11,2.0,16.0,interp,-1.0,-2.3774080912602994e-11
366908680,MARCO POLO TLP,12-24h,3,1.4060949280497245e-19,13.0,29,3.0,1.40283418911979e-19,13.0,27.0,interp,-2.0,-3.260738929934525e-22
366908680,MARCO POLO TLP,24-36h,1,1.9497604489602167e-28,35.0,27,1.0,1.9497604489602167e-28,35.0,19.0,edge_nearest,-8.0,0.0
366908680,MARCO POLO TLP,36-48h,11,2.878702289285054e-28,48.0,46,10.0,2.875067111651934e-28,48.0,46.0,interp,0.0,-3.6351776331201455e-31
366908680,MARCO POLO TLP,6-12h,5,1.2063112092773418e-14,7.0,27,4.0,2.1068356837854383e-15,8.0,28.0,interp,1.0,-9.956276408987979e-15
366987890,CAPT RUDY,12-24h,2,3.491832477194143e-177,13.0,82,2.0,3.690327057176452e-177,13.0,81.0,interp,-1.0,1.9849457998230898e-178
367067370,CHRISTIAN CHOUEST,0-6h,7,4.9763526316346245e-113,0.0,62,6.0,5.0011503206789837e-113,0.0,59.0,interp,-3.0,2.479768904435916e-115
367067370,CHRISTIAN CHOUEST,12-24h,9,5.256217173519449e-142,13.0,80,8.0,5.261013510968441e-142,13.0,79.0,interp,-1.0,4.7963374489924226e-145
367067370,CHRISTIAN CHOUEST,24-36h,8,3.500102335984032e-148,25.0,68,6.0,1.2992417063562004e-148,26.0,58.0,interp,-10.0,-2.200860629627832e-148
367067370,CHRISTIAN CHOUEST,36-48h,12,1.0410158267080164e-163,48.0,106,12.0,1.0410158267080163e-163,48.0,105.0,edge_nearest,-1.0,-1.542348713665846e-179
367067370,CHRISTIAN CHOUEST,6-12h,6,2.922696487642077e-125,7.0,75,6.0,2.895634543299158e-125,7.0,73.0,interp,-2.0,-2.70619443429188e-127
367127480,TAHITI SPAR,0-6h,7,7.727020801411679e-11,0.0,16,7.0,7.711352351245136e-11,0.0,15.0,interp,-1.0,-1.5668450166543594e-13
367127480,TAHITI SPAR,12-24h,7,1.7434445165740864e-19,13.0,28,6.0,1.744223894981051e-19,13.0,26.0,interp,-2.0,7.793784069646634e-23
367127480,TAHITI SPAR,24-36h,9,4.261057658765993e-23,28.0,23,7.0,3.7060089661146543e-23,30.0,16.0,interp,-7.0,-5.550486926513386e-24
367127480,TAHITI SPAR,36-48h,12,3.265523790812165e-26,37.0,43,12.0,3.262310743112452e-26,37.0,42.0,interp,-1.0,-3.2130476997131907e-29
367127480,TAHITI SPAR,6-12h,6,3.102156874149863e-13,7.0,24,6.0,3.116167447802662e-13,7.0,22.0,interp,-2.0,1.4010573652799135e-15
367325730,MS WENDY,24-36h,4,2.7601275918153024e-110,36.0,56,3.0,3.1118397208741486e-110,36.0,45.0,interp,-11.0,3.5171212905884626e-111
367353110,PELICAN STATE,36-48h,8,6.057008950171469e-05,42.0,12,8.0,5.6133310778574444e-05,42.0,12.0,interp,0.0,-4.436778723140248e-06
367357000,CLAIRE CANDIES,24-36h,6,3.125865697607965e-17,30.0,17,1.0,9.461145055577376e-128,25.0,52.0,interp,35.0,-3.125865697607965e-17
367357000,CLAIRE CANDIES,36-48h,12,6.116272884375456e-21,37.0,29,12.0,6.104818540103719e-21,37.0,29.0,interp,0.0,-1.1454344271737448e-23
367391920,HARVEY JAGUAR,0-6h,2,2.9420870959050923e-90,1.0,52,2.0,2.7165201659836026e-90,1.0,50.0,interp,-2.0,-2.2556692992148967e-91
367416060,HARVEY RAIN,12-24h,5,2.8649067891805076e-41,18.0,44,3.0,1.7026921542434873e-57,17.0,47.0,interp,3.0,-2.8649067891805076e-41
367416060,HARVEY RAIN,24-36h,2,4.82958754573896e-06,25.0,9,,,,,,,
367416060,HARVEY RAIN,36-48h,5,1.4233274873847228e-58,37.0,70,4.0,8.601453883014517e-57,37.0,66.0,interp,-4.0,8.459121134276044e-57
367428330,LAURIE ANN REINAUER,36-48h,4,6.057433312108555e-30,48.0,48,4.0,4.5998553806846504e-30,48.0,47.0,interp,-1.0,-1.4575779314239048e-30
367445000,PATI R MORAN,12-24h,1,2.3984495796779072e-133,24.0,78,1.0,1.421801362611582e-133,24.0,77.0,interp,-1.0,-9.766482170663252e-134
367445000,PATI R MORAN,24-36h,4,4.7639327787886387e-122,26.0,62,4.0,4.844336672563263e-122,26.0,50.0,interp,-12.0,8.04038937746241e-124
367471840,FAST GIANT,6-12h,1,1.4890070044430543e-09,10.0,18,1.0,1.4871149789166936e-09,10.0,17.0,interp,-1.0,-1.892025526360775e-12
367474360,OCEAN PROJECT,12-24h,2,2.3883202691455573e-131,17.0,76,2.0,5.184885935962344e-132,17.0,75.0,interp,-1.0,-1.8698316755493228e-131
367474360,OCEAN PROJECT,24-36h,2,3.665684823565777e-64,31.0,40,2.0,3.665684823565777e-64,31.0,31.0,edge_nearest,-9.0,0.0
367474360,OCEAN PROJECT,36-48h,9,3.701015873705397e-79,39.0,81,9.0,3.7010158737053974e-79,39.0,79.0,edge_nearest,-2.0,5.992545734006014e-95
367486440,FAST GOLIATH,0-6h,2,2.304702478849341e-40,3.0,37,2.0,6.485137232427655e-44,3.0,35.0,interp,-2.0,-2.304053965126098e-40
367501540,OSG ENDURANCE,6-12h,4,0.1207400436397942,10.0,1,4.0,0.11267223224004223,10.0,1.0,interp,0.0,-0.008067811399751962
367507790,HARVEY SUPPORTER,0-6h,7,0.1128298264994296,0.0,4,7.0,0.11285429475003303,0.0,3.0,interp,-1.0,2.446825060342661e-05
367507790,HARVEY SUPPORTER,12-24h,12,0.0003340165079625,13.0,6,11.0,0.00033402929419270493,13.0,6.0,interp,0.0,1.2786230204936584e-08
367507790,HARVEY SUPPORTER,24-36h,12,3.0773557743308784e-05,25.0,7,10.0,3.077255075054117e-05,25.0,7.0,interp,0.0,-1.0069927676138951e-09
367507790,HARVEY SUPPORTER,36-48h,7,2.2799981877938952e-09,37.0,22,7.0,2.279052024617489e-09,37.0,21.0,interp,-1.0,-9.461631764061617e-13
367507790,HARVEY SUPPORTER,6-12h,6,0.0193721829867796,7.0,6,6.0,0.019373015046897583,7.0,5.0,interp,-1.0,8.320601179827303e-07
367525280,MORNING STAR,36-48h,3,1.154168977740941e-164,39.0,108,2.0,1.5846353162381417e-164,39.0,107.0,interp,-1.0,4.3046633849720064e-165
367537970,HARVEY STEELER,36-48h,3,9.880710485352464e-98,48.0,93,3.0,1.0470427584107456e-97,48.0,91.0,interp,-2.0,5.897170987549915e-99
367539380,GENESIS SPAR,36-48h,2,8.77173495774768e-89,41.0,87,1.0,8.77173495774768e-89,41.0,84.0,edge_nearest,-3.0,0.0
367544280,JACK & ST MALO FPU,36-48h,6,4.826144190234004e-93,43.0,91,6.0,4.819023764632356e-93,43.0,88.0,interp,-3.0,-7.12042560164829e-96
367544280,JACK & ST MALO FPU,6-12h,1,5.199127513188321e-118,11.0,73,,,,,,,
367550980,BIG FOOT,0-6h,6,0.0023637636827921,6.0,8,5.0,0.0010747253448753716,5.0,8.0,interp,0.0,-0.0012890383379167282
367550980,BIG FOOT,12-24h,6,0.0903433859940118,13.0,1,4.0,0.09034222494545467,13.0,1.0,interp,0.0,-1.1610485571300622e-06
367550980,BIG FOOT,24-36h,3,0.2810914904565684,32.0,1,2.0,0.2810914904565684,32.0,1.0,edge_nearest,0.0,0.0
367550980,BIG FOOT,36-48h,12,0.2314145940988663,37.0,3,11.0,0.20420984868569445,38.0,3.0,interp,0.0,-0.02720474541317186
367550980,BIG FOOT,6-12h,6,0.0785986283715408,12.0,2,6.0,0.07853421783834365,12.0,2.0,interp,0.0,-6.441053319715395e-05
367556730,HARVEY COLT,0-6h,6,4.0751010661727096e-45,0.0,39,6.0,4.065387196946127e-45,0.0,37.0,interp,-2.0,-9.713869226582455e-48
367556730,HARVEY COLT,12-24h,9,3.749874369984997e-66,13.0,51,5.0,3.7498135304189956e-66,13.0,50.0,interp,-1.0,-6.083956600169142e-71
367556730,HARVEY COLT,24-36h,9,1.0234234296562095e-75,25.0,46,7.0,5.346431470661215e-76,29.0,37.0,interp,-9.0,-4.8878028259008804e-76
367556730,HARVEY COLT,36-48h,12,4.973117270547413e-85,37.0,83,12.0,4.985541910159533e-85,37.0,81.0,interp,-2.0,1.2424639612120142e-87
367556730,HARVEY COLT,6-12h,6,3.8584824370550547e-53,7.0,49,6.0,3.8309439661435976e-53,7.0,49.0,interp,0.0,-2.7538470911457093e-55
367561140,HARVEY HAWK,0-6h,1,1.1525378835415917e-103,1.0,58,1.0,1.1525378835415917e-103,1.0,55.0,edge_nearest,-3.0,0.0
367561140,HARVEY HAWK,36-48h,11,6.439219432288598e-19,40.0,28,10.0,6.494345323195111e-19,40.0,28.0,interp,0.0,5.512589090651279e-21
367561140,HARVEY HAWK,6-12h,2,2.2303376389916992e-86,11.0,61,1.0,3.6557224063792817e-88,10.0,61.0,interp,0.0,-2.1937804149279064e-86
367580190,FAST DELIVERER,6-12h,2,2.0802226364898486e-76,9.0,57,2.0,2.0802226364898486e-76,9.0,57.0,edge_nearest,0.0,0.0
367588580,ROLAND A FALGOUT,36-48h,7,0.0299539105284717,42.0,5,7.0,0.03541253104432175,42.0,5.0,interp,0.0,0.005458620515850051
367588580,ROLAND A FALGOUT,6-12h,5,4.932600225418486e-22,11.0,32,4.0,2.2229823326493486e-20,11.0,32.0,interp,0.0,2.1736563303951637e-20
367602540,JOHN JACOB,36-48h,5,3.775877242630926e-08,43.0,15,5.0,4.018299584313956e-08,43.0,15.0,interp,0.0,2.4242234168302973e-09
367602540,JOHN JACOB,6-12h,4,3.847453986720463e-07,11.0,13,4.0,3.847453986720463e-07,11.0,13.0,edge_nearest,0.0,0.0
367634690,CAJUN II,12-24h,2,2.61177236350092e-28,14.0,34,2.0,1.4404707727190743e-27,14.0,33.0,interp,-1.0,1.1792935363689823e-27
367634690,CAJUN II,24-36h,2,5.375561896486527e-67,25.0,43,2.0,5.375561896486527e-67,25.0,34.0,edge_nearest,-9.0,0.0
367634690,CAJUN II,36-48h,8,2.5945222290736266e-57,48.0,68,8.0,2.59014023933841e-57,48.0,67.0,interp,-1.0,-4.38198973521634e-60
367634690,CAJUN II,6-12h,3,2.711227742626171e-49,12.0,47,2.0,3.556263166266404e-49,12.0,47.0,interp,0.0,8.450354236402334e-50
367640510,FAST CHEETAH,36-48h,8,1.2363985083937149e-23,43.0,37,8.0,1.2350312333772805e-23,43.0,37.0,interp,0.0,-1.3672750164343628e-26
367643110,DEEP RUNNER,36-48h,9,0.0979274886484325,44.0,4,9.0,0.1058423353962709,44.0,4.0,interp,0.0,0.007914846747838405
367653160,FAST LEOPARD,24-36h,3,3.360682595182708e-59,33.0,39,2.0,4.224541896837069e-59,33.0,29.0,interp,-10.0,8.638593016543605e-60
367653160,FAST LEOPARD,36-48h,11,1.881207059340634e-22,37.0,35,10.0,5.166608049857467e-22,37.0,33.0,interp,-2.0,3.285400990516833e-22
367655260,SHELIA BORDELON,0-6h,3,0.512038882409277,1.0,1,,,,,,,
367655260,SHELIA BORDELON,12-24h,3,0.0012022613047105,15.0,4,2.0,0.0008104971265368253,13.0,4.0,interp,0.0,-0.00039176417817367467
367655260,SHELIA BORDELON,36-48h,12,0.0006686045366508,48.0,10,11.0,0.0006687075425954741,48.0,10.0,interp,0.0,1.030059446741104e-07
367655260,SHELIA BORDELON,6-12h,5,0.0020769886973209,8.0,8,5.0,0.0021316900164764954,8.0,8.0,interp,0.0,5.4701319155595497e-05
367657110,PECAN ISLAND,0-6h,7,3.1141484105054624e-54,1.0,45,7.0,3.093346721183961e-54,1.0,43.0,interp,-2.0,-2.0801689321501318e-56
367657110,PECAN ISLAND,12-24h,8,8.8860994516302e-76,13.0,57,7.0,8.886588824316229e-76,13.0,56.0,interp,-1.0,4.893726860294841e-80
367657110,PECAN ISLAND,24-36h,11,6.626707182128729e-83,27.0,52,9.0,6.635062491819773e-83,27.0,41.0,interp,-11.0,8.355309691044314e-86
367657110,PECAN ISLAND,36-48h,8,2.1946524070362306e-93,37.0,92,8.0,2.217319167751191e-93,37.0,89.0,interp,-3.0,2.2666760714960163e-95
367657110,PECAN ISLAND,6-12h,6,1.842257194280933e-61,7.0,54,6.0,1.8404200046497737e-61,7.0,54.0,interp,0.0,-1.837189631159389e-64
367666910,CAJUN IV,0-6h,6,2.302338885854876e-15,2.0,25,6.0,3.149841045792046e-16,2.0,23.0,interp,-2.0,-1.9873547812756715e-15
367666910,CAJUN IV,24-36h,1,1.3195004823255243e-23,26.0,25,,,,,,,
367666910,CAJUN IV,36-48h,12,1.0018953959128752e-25,37.0,42,11.0,3.0878797424255334e-26,38.0,43.0,interp,1.0,-6.931074216703219e-26
367684260,PELICAN ISLAND,12-24h,2,6.554330626149023e-07,13.0,12,2.0,6.554330626149023e-07,13.0,12.0,interp,0.0,0.0
367684260,PELICAN ISLAND,24-36h,1,9.632372880331008e-19,29.0,22,1.0,9.632372880331008e-19,29.0,15.0,edge_nearest,-7.0,0.0
367684260,PELICAN ISLAND,36-48h,10,8.117172664798274e-12,48.0,25,9.0,8.117172664798274e-12,48.0,24.0,interp,-1.0,0.0
367684260,PELICAN ISLAND,6-12h,5,0.000118846913583,8.0,11,4.0,0.00011885312800173156,8.0,11.0,interp,0.0,6.2144187315624905e-09
367687040,TENNER C,36-48h,1,3.860013798408537e-252,42.0,112,1.0,3.6022731742780684e-252,42.0,111.0,interp,-1.0,-2.577406241304685e-253
367693810,DAUPHIN ISLAND,36-48h,6,5.806261549827577e-14,48.0,27,6.0,5.6704603720800396e-14,48.0,27.0,interp,0.0,-1.3580117774753751e-15
367710550,MS NANCY,0-6h,6,2.3224678984391717e-106,0.0,59,5.0,2.612666608363007e-107,1.0,57.0,interp,-2.0,-2.061201237602871e-106
367730190,BIG P,12-24h,3,3.868435672601983e-80,13.0,59,2.0,1.493401822661439e-80,13.0,59.0,interp,0.0,-2.3750338499405445e-80
367730190,BIG P,36-48h,3,5.025298530471698e-84,40.0,82,3.0,5.293486784506041e-84,40.0,80.0,interp,-2.0,2.6818825403434334e-85
367730190,BIG P,6-12h,1,5.4316633766688236e-77,12.0,58,,,,,,,
367763610,BLUE SEA II,36-48h,4,2.3435428900360288e-22,46.0,34,3.0,2.3435428900360288e-22,46.0,35.0,edge_nearest,1.0,0.0
367773540,LUCY,0-6h,7,3.750160494411372e-06,0.0,14,7.0,3.7437063844081938e-06,0.0,13.0,interp,-1.0,-6.454110003178109e-09
367773540,LUCY,6-12h,3,1.0689060196721316e-74,7.0,56,2.0,1.0865252413642931e-74,7.0,56.0,interp,0.0,1.761922169216152e-76
367775000,MAERSK OHIO,12-24h,8,0.047872428632024,19.0,2,7.0,0.046635453554255114,19.0,2.0,interp,0.0,-0.0012369750777688829
367780870,SARAH BORDELON,0-6h,3,0.0022435332154494,4.0,9,1.0,0.00048480964246276414,5.0,9.0,interp,0.0,-0.0017587235729866358
367780870,SARAH BORDELON,12-24h,2,2.356259469711781e-16,14.0,22,1.0,1.013163620188668e-19,13.0,28.0,interp,6.0,-2.355246306091592e-16
367780870,SARAH BORDELON,36-48h,7,1.460953929340642e-29,37.0,47,4.0,5.432413922371596e-66,40.0,70.0,interp,23.0,-1.460953929340642e-29
367780870,SARAH BORDELON,6-12h,6,2.7249480726373203e-09,7.0,17,5.0,5.99678605276853e-14,8.0,24.0,interp,7.0,-2.7248881047767926e-09
367785160,BRUTUS TLP,0-6h,7,7.077623009017276e-52,0.0,43,7.0,7.083444747814721e-52,0.0,41.0,interp,-2.0,5.821738797445041e-55
367785160,BRUTUS TLP,12-24h,9,4.842856966542526e-74,13.0,55,8.0,4.8442708372225075e-74,13.0,54.0,interp,-1.0,1.4138706799812945e-77
367785160,BRUTUS TLP,24-36h,11,4.764623456039631e-81,27.0,50,11.0,4.81034322212358e-81,27.0,39.0,interp,-11.0,4.57197660839492e-83
367785160,BRUTUS TLP,36-48h,12,1.2547142192777211e-90,37.0,88,12.0,1.2550431549163955e-90,37.0,85.0,interp,-3.0,3.2893563867437966e-94
367785160,BRUTUS TLP,6-12h,6,6.352900904122405e-60,7.0,52,6.0,6.347969104869352e-60,7.0,52.0,interp,0.0,-4.931799253052496e-63
368042000,ODYSSEA SPIRIT,0-6h,5,1.8596394016672159e-26,1.0,33,2.0,2.199734153881911e-27,3.0,32.0,interp,-1.0,-1.6396659862790247e-26
368042000,ODYSSEA SPIRIT,12-24h,5,4.323227210750998e-31,13.0,36,4.0,4.303935313433954e-31,13.0,35.0,interp,-1.0,-1.9291897317044808e-33
368042000,ODYSSEA SPIRIT,24-36h,3,4.6630830643280367e-35,25.0,30,1.0,3.1816865852678354e-38,29.0,23.0,edge_nearest,-7.0,-4.6599013777427687e-35
368042000,ODYSSEA SPIRIT,36-48h,12,3.295369324909031e-44,48.0,64,12.0,3.294821361885043e-44,48.0,62.0,interp,-2.0,-5.479630239880505e-48
368042000,ODYSSEA SPIRIT,6-12h,5,2.9221869564013022e-31,12.0,39,2.0,2.9297195569828656e-31,12.0,39.0,interp,0.0,7.5326005815633585e-34
368051000,FAST MAMMOTH,24-36h,3,1.0345124824623156e-97,36.0,54,2.0,1.0345124824623157e-97,36.0,43.0,edge_nearest,-11.0,1.2994262207056124e-113
368051000,FAST MAMMOTH,36-48h,2,2.975612872638333e-77,38.0,79,2.0,9.261739777710538e-78,38.0,77.0,interp,-2.0,-2.0494388948672792e-77
368059520,DEER ISLAND,0-6h,3,2.389381409815771e-54,1.0,46,3.0,2.3120078643630906e-54,1.0,44.0,interp,-2.0,-7.7373545452680315e-56
368059520,DEER ISLAND,12-24h,1,1.3269500942901902e-38,13.0,42,1.0,1.3281762376567542e-38,13.0,41.0,interp,-1.0,1.2261433665639876e-41
368059520,DEER ISLAND,36-48h,10,0.5290957631705726,47.0,1,8.0,0.5192773937832497,47.0,1.0,interp,0.0,-0.009818369387322945
368059520,DEER ISLAND,6-12h,5,9.341022516210082e-40,12.0,43,4.0,9.341022516210082e-40,12.0,43.0,interp,0.0,0.0
368087000,C-CARRIER,0-6h,6,1.6716975033614774e-40,4.0,38,5.0,1.7697280734022044e-40,4.0,34.0,interp,-4.0,9.803057004072699e-42
368087000,C-CARRIER,12-24h,2,3.051875381746288e-54,13.0,48,2.0,3.053183574489582e-54,13.0,46.0,interp,-2.0,1.3081927432941028e-57
368087000,C-CARRIER,24-36h,3,4.763298845078864e-59,25.0,38,1.0,5.45464046341922e-61,29.0,30.0,interp,-8.0,-4.708752440444672e-59
368087000,C-CARRIER,36-48h,12,1.216077076993591e-68,48.0,72,10.0,1.216077076993591e-68,48.0,71.0,edge_nearest,-1.0,0.0
368087000,C-CARRIER,6-12h,4,1.978518354653176e-43,7.0,45,3.0,2.0369794363528894e-43,7.0,45.0,interp,0.0,5.846108169971324e-45
368166560,ARGOS PLATFORM,0-6h,7,0.2594484091092919,0.0,2,7.0,0.25938908847825864,0.0,1.0,interp,-1.0,-5.932063103325502e-05
368166560,ARGOS PLATFORM,12-24h,7,0.0001397574442264,13.0,7,5.0,0.00013973760388535122,13.0,7.0,interp,0.0,-1.9840341048782233e-08
368166560,ARGOS PLATFORM,24-36h,11,5.266163991247467e-06,25.0,8,6.0,5.266708117436392e-06,25.0,8.0,interp,0.0,5.441261889252083e-10
368166560,ARGOS PLATFORM,36-48h,12,3.0360567066226203e-09,48.0,20,12.0,3.0361592259572954e-09,48.0,20.0,interp,0.0,1.0251933467514819e-13
368166560,ARGOS PLATFORM,6-12h,6,0.0272389840285781,7.0,4,6.0,0.027241287468059993,7.0,4.0,interp,0.0,2.3034394818939596e-06
368179260,MILLIE,0-6h,7,1.2506309701167776e-05,0.0,11,7.0,1.2578559259161205e-05,0.0,10.0,interp,-1.0,7.22495579934299e-08
368179260,MILLIE,12-24h,9,1.7976809355110197e-13,13.0,19,7.0,1.798026537899874e-13,13.0,18.0,interp,-1.0,3.456023888542185e-17
368179260,MILLIE,24-36h,11,9.146119866478916e-17,27.0,15,8.0,9.134382865470528e-17,27.0,11.0,interp,-4.0,-1.1737001008388093e-19
368179260,MILLIE,36-48h,12,5.735685117501794e-21,37.0,30,12.0,5.735475212633887e-21,37.0,30.0,interp,0.0,-2.0990486790660946e-25
368179260,MILLIE,6-12h,6,4.384095963717613e-08,7.0,14,6.0,4.3838343082378803e-08,7.0,14.0,interp,0.0,-2.616554797329371e-12
368196410,C-CONSTRUCTOR,0-6h,7,0.072261100687849,0.0,6,7.0,0.0722613281501576,0.0,5.0,interp,-1.0,2.2746230859960193e-07
368196410,C-CONSTRUCTOR,12-24h,6,9.9527490244533e-05,13.0,9,5.0,9.95127476118792e-05,13.0,9.0,interp,0.0,-1.4742632653793925e-08
368196410,C-CONSTRUCTOR,24-36h,9,6.126976853021791e-05,25.0,5,6.0,6.128879585734145e-05,25.0,5.0,interp,0.0,1.902732712354301e-08
368196410,C-CONSTRUCTOR,36-48h,12,3.7220791267097694e-08,48.0,16,12.0,3.710887416273923e-08,48.0,16.0,interp,0.0,-1.1191710435846724e-10
368196410,C-CONSTRUCTOR,6-12h,6,0.010724842387783,7.0,7,6.0,0.010724875587573466,7.0,7.0,interp,0.0,3.3199790465399115e-08
368237180,GO ADVENTURER,24-36h,1,1.3573940720354623e-161,36.0,71,1.0,2.6890419748937555e-162,36.0,61.0,interp,-10.0,-1.0884898745460867e-161
368237180,GO ADVENTURER,36-48h,12,1.554416026879294e-57,48.0,69,12.0,1.554890114713972e-57,48.0,68.0,interp,-1.0,4.7408783467773726e-61
368508000,GENIE LAB,0-6h,6,4.7157493791438006e-24,0.0,29,5.0,4.723163466955086e-24,0.0,27.0,interp,-2.0,7.414087811285764e-27
368508000,GENIE LAB,12-24h,1,1.0558660957907834e-132,14.0,77,1.0,1.6337910653156727e-132,14.0,76.0,interp,-1.0,5.7792496952488935e-133
368508000,GENIE LAB,6-12h,5,4.508546747070321e-31,8.0,38,4.0,4.508546747070321e-31,8.0,38.0,exact,0.0,0.0
368589000,OVERSEAS CASCADE,12-24h,3,0.0019365838864979,14.0,3,3.0,0.002054474181276211,14.0,3.0,interp,0.0,0.00011789029477831119
368589000,OVERSEAS CASCADE,36-48h,12,0.4140056927577996,40.0,2,10.0,0.40147511196738317,40.0,2.0,interp,0.0,-0.012530580790416412
368589000,OVERSEAS CASCADE,6-12h,5,4.226949282814522e-13,12.0,22,5.0,4.736440338218553e-13,12.0,21.0,interp,-1.0,5.094910554040307e-14
368615000,NICKI CANDIES,36-48h,10,3.179162190318295e-76,48.0,76,10.0,2.4818749504551018e-76,48.0,74.0,interp,-2.0,-6.972872398631932e-77
369045000,HARVEY STONE,0-6h,3,2.078231444009737e-55,5.0,47,3.0,2.0782314440097373e-55,5.0,45.0,edge_nearest,-2.0,3.622271631530685e-71
369045000,HARVEY STONE,12-24h,5,4.5541280671259905e-09,13.0,13,1.0,5.142208278125257e-09,13.0,13.0,interp,0.0,5.880802109992662e-10
369045000,HARVEY STONE,36-48h,10,1.078932488663454e-05,46.0,13,10.0,1.0980217038527702e-05,46.0,13.0,interp,0.0,1.9089215189316168e-07
369045000,HARVEY STONE,6-12h,3,3.2870767818538017e-32,11.0,40,3.0,1.1940647105358269e-32,11.0,40.0,interp,0.0,-2.0930120713179749e-32
369108000,CADE CANDIES,0-6h,7,3.6849205261641103e-47,0.0,40,6.0,3.686828163185413e-47,0.0,38.0,interp,-2.0,1.907637021302552e-50
369108000,CADE CANDIES,12-24h,3,3.150188482778606e-68,13.0,53,2.0,3.1425668079674955e-68,13.0,52.0,interp,-1.0,-7.621674811110511e-71
369108000,CADE CANDIES,24-36h,4,5.235102402094838e-77,29.0,47,,,,,,,
369108000,CADE CANDIES,36-48h,4,3.6462289568943454e-86,37.0,85,4.0,3.6462289568943454e-86,37.0,83.0,interp,-2.0,0.0
369108000,CADE CANDIES,6-12h,6,3.4915872863139424e-55,7.0,50,6.0,3.491810135761115e-55,7.0,50.0,interp,0.0,2.228494471729204e-59
369139000,HOS BRIMSTONE,0-6h,3,9.039223506998475e-107,6.0,60,2.0,9.039223506998475e-107,6.0,56.0,exact,-4.0,0.0
369139000,HOS BRIMSTONE,12-24h,4,6.4696478809902455e-118,13.0,71,3.0,6.469647880990246e-118,13.0,69.0,interp,-2.0,8.805254571710335e-134
369139000,HOS BRIMSTONE,36-48h,9,1.6804561943196615e-136,48.0,101,7.0,3.136655362003321e-138,47.0,101.0,interp,0.0,-1.6490896406996282e-136
369139000,HOS BRIMSTONE,6-12h,3,6.922071100547674e-113,10.0,72,3.0,6.907799231900586e-113,10.0,71.0,interp,-1.0,-1.4271868647087591e-115
369224000,HARVEY PROVIDER,0-6h,2,6.338217472892889e-13,3.0,20,1.0,1.7677142620260257e-13,5.0,21.0,edge_nearest,1.0,-4.570503210866863e-13
369224000,HARVEY PROVIDER,12-24h,3,8.021130760068319e-21,13.0,31,3.0,8.021130760068319e-21,13.0,30.0,interp,-1.0,0.0
369224000,HARVEY PROVIDER,36-48h,11,2.992088977517565e-27,37.0,45,8.0,1.843664613263634e-27,48.0,45.0,edge_nearest,0.0,-1.1484243642539309e-27
369224000,HARVEY PROVIDER,6-12h,5,2.947064327816872e-15,8.0,28,4.0,4.1294844612654383e-16,9.0,30.0,interp,2.0,-2.534115881690328e-15
369232000,CLARENCE MOORE,36-48h,7,1.180408236600476e-30,48.0,50,6.0,1.1804082366004759e-30,48.0,49.0,edge_nearest,-1.0,-1.7516230804060213e-46
369240000,PEYTON CANDIES,0-6h,7,9.27480730789857e-98,0.0,56,7.0,9.264818748802274e-98,0.0,53.0,interp,-3.0,-9.988559096296116e-101
369240000,PEYTON CANDIES,12-24h,12,5.721261565694904e-118,13.0,72,10.0,5.736380375535583e-118,13.0,71.0,interp,-1.0,1.5118809840678846e-120
369240000,PEYTON CANDIES,24-36h,12,1.1470350149796035e-120,25.0,60,12.0,1.1472148350947161e-120,25.0,48.0,interp,-12.0,1.7982011511259124e-124
369240000,PEYTON CANDIES,36-48h,12,5.04737098992142e-140,45.0,103,11.0,5.174481430951758e-140,45.0,102.0,interp,-1.0,1.2711044103033769e-141
369240000,PEYTON CANDIES,6-12h,6,3.2739879357817546e-107,7.0,69,6.0,3.2719509725628087e-107,7.0,67.0,interp,-2.0,-2.0369632189459224e-110
369286000,HARVEY EXPLORER,0-6h,4,3.956612250595709e-36,6.0,35,4.0,5.5200446534389565e-36,6.0,33.0,interp,-2.0,1.5634324028432473e-36
369286000,HARVEY EXPLORER,12-24h,3,7.730165234616442e-14,13.0,21,3.0,7.730165234616442e-14,13.0,20.0,interp,-1.0,0.0
369286000,HARVEY EXPLORER,24-36h,1,2.0143353702559384e-17,30.0,18,,,,,,,
369286000,HARVEY EXPLORER,36-48h,10,2.1042845255254278e-21,48.0,32,9.0,2.104048244358338e-21,48.0,31.0,interp,-1.0,-2.3628116708980325e-25
369286000,HARVEY EXPLORER,6-12h,6,9.308369910790973e-10,9.0,19,5.0,9.522230703357107e-10,9.0,18.0,interp,-1.0,2.138607925661338e-11
369494390,BP ATLANTIS PLATFORM,0-6h,1,2.4595943399295744e-13,0.0,22,1.0,2.4595943399295744e-13,0.0,19.0,edge_nearest,-3.0,0.0
369494390,BP ATLANTIS PLATFORM,12-24h,3,1.4994562944773874e-16,13.0,24,1.0,8.523668653110145e-17,15.0,22.0,edge_nearest,-2.0,-6.47089429166373e-17
369494390,BP ATLANTIS PLATFORM,24-36h,1,1.3512482663470225e-18,29.0,21,,,,,,,
369494390,BP ATLANTIS PLATFORM,36-48h,10,2.9476606974043023e-22,48.0,33,9.0,2.953143964849938e-22,48.0,34.0,interp,1.0,5.4832674456356875e-25
369494392,BP MAD DOG PLATFORM,0-6h,5,0.0045647089003465,1.0,7,5.0,0.004574399451552359,1.0,6.0,interp,-1.0,9.690551205858433e-06
369494392,BP MAD DOG PLATFORM,12-24h,3,1.5568207114040202e-06,13.0,11,1.0,1.5553677952112288e-06,13.0,11.0,interp,0.0,-1.452916192791468e-09
369494392,BP MAD DOG PLATFORM,24-36h,1,8.591599882876402e-11,33.0,11,,,,,,,
369494392,BP MAD DOG PLATFORM,36-48h,9,1.1845324187443812e-11,48.0,24,8.0,3.0331325047564414e-12,47.0,25.0,interp,1.0,-8.81219168268737e-12
369494392,BP MAD DOG PLATFORM,6-12h,5,0.0001299861131526,8.0,10,3.0,0.00013002063373670372,8.0,10.0,interp,0.0,3.452058410370433e-08
369533000,LIGHTNING,0-6h,6,9.737226621118716e-15,6.0,24,5.0,2.198276176381539e-20,4.0,25.0,interp,1.0,-9.737204638356952e-15
369533000,LIGHTNING,12-24h,3,6.575153323885456e-17,13.0,26,2.0,6.566142955313343e-17,13.0,24.0,interp,-2.0,-9.010368572113449e-20
369533000,LIGHTNING,36-48h,8,4.0744174191198346e-10,39.0,23,7.0,4.13292903187675e-10,39.0,23.0,interp,0.0,5.85116127569152e-12
369533000,LIGHTNING,6-12h,5,2.4164542278495755e-15,8.0,29,5.0,2.416945723968647e-15,8.0,27.0,interp,-2.0,4.914961190716323e-19
369550000,Q4000,0-6h,3,1.2362616212602885e-12,2.0,19,1.0,2.28631538265083e-13,5.0,20.0,interp,1.0,-1.0076300829952056e-12
369550000,Q4000,12-24h,6,1.1068426406132399e-20,13.0,30,5.0,1.1068426406132399e-20,13.0,29.0,interp,-1.0,0.0
369550000,Q4000,36-48h,12,4.515762459173466e-27,37.0,44,11.0,4.5157624591734664e-27,37.0,44.0,interp,0.0,7.174648137343064e-43
369550000,Q4000,6-12h,6,1.998566102215224e-14,7.0,25,6.0,1.998566102215224e-14,7.0,25.0,interp,0.0,0.0
369702000,COASTAL RELIANCE,12-24h,1,7.897346095413296e-13,13.0,18,,,,,,,
369702000,COASTAL RELIANCE,6-12h,3,3.957808825523812e-05,11.0,12,3.0,3.926010623850387e-05,11.0,12.0,interp,0.0,-3.1798201673425067e-07
370490000,CARNIVAL DREAM,36-48h,2,2.813289455776285e-24,37.0,39,2.0,3.9110802457220514e-24,37.0,39.0,interp,0.0,1.0977907899457663e-24
371765000,WEST NEPTUNE,0-6h,7,6.670635417419271e-113,0.0,61,7.0,6.67063541741927e-113,0.0,58.0,interp,-3.0,-1.154122327223217e-128
371765000,WEST NEPTUNE,12-24h,12,1.088637055938868e-141,13.0,79,11.0,1.0886370559388679e-141,13.0,78.0,interp,-1.0,-1.4567071740625404e-157
371765000,WEST NEPTUNE,24-36h,12,4.9490940120504114e-148,25.0,67,12.0,4.9490940120504114e-148,25.0,57.0,interp,-10.0,0.0
371765000,WEST NEPTUNE,36-48h,12,9.653566667862101e-164,48.0,107,12.0,9.653566667862101e-164,48.0,106.0,interp,-1.0,0.0
371765000,WEST NEPTUNE,6-12h,6,3.9923422184135426e-125,7.0,74,6.0,3.992342218413543e-125,7.0,72.0,interp,-2.0,5.248340709036788e-141
374026000,CHEMICAL HUNTER,24-36h,3,3.106423434593409e-154,36.0,69,2.0,1.1420620837188937e-154,36.0,59.0,interp,-10.0,-1.9643613508745155e-154
374026000,CHEMICAL HUNTER,36-48h,5,4.308468012301311e-135,38.0,100,4.0,4.6090693809430956e-135,38.0,99.0,interp,-1.0,3.0060136864178474e-136
374113000,MEIYU,12-24h,6,2.6461089712218708e-121,21.0,73,6.0,2.868708977313851e-121,21.0,72.0,interp,-1.0,2.2260000609198043e-122
374113000,MEIYU,24-36h,1,2.7811690805380824e-192,25.0,73,1.0,8.799409182480646e-193,25.0,63.0,interp,-10.0,-1.9012281622900177e-192
374788000,PRELUDE,0-6h,6,1.6046248168119946e-82,3.0,49,5.0,1.5388666031533887e-82,3.0,47.0,interp,-2.0,-6.575821365860583e-84
374788000,PRELUDE,6-12h,3,6.532566100622632e-106,7.0,67,2.0,1.115742905332835e-108,8.0,69.0,interp,2.0,-6.5214086715693035e-106
408919000,SEAPEAK BAHRAIN,24-36h,4,0.1268602918405378,33.0,2,4.0,0.1294406899594153,33.0,2.0,interp,0.0,0.0025803981188775027
413349820,QIAN KUN,36-48h,2,3.503336943202223e-129,48.0,96,2.0,3.7954930949150814e-129,48.0,95.0,interp,-1.0,2.9215615171285814e-130
477166800,UNI SUNSHINE,0-6h,5,8.758550871183939e-40,0.0,36,4.0,5.019716795816164e-44,1.0,36.0,edge_nearest,0.0,-8.758048899504357e-40
538003882,DUBAI ANGEL,12-24h,6,1.9424006660640316e-69,22.0,54,6.0,2.501641483560603e-69,21.0,53.0,interp,-1.0,5.592408174965714e-70
538004028,RIO GRANDE,12-24h,4,1.0412067357636217e-57,16.0,49,4.0,1.0412067357636217e-57,16.0,48.0,edge_nearest,-1.0,0.0
538004609,DEEPWATER ASGARD,0-6h,7,1.3623466187743652e-97,0.0,55,7.0,1.3637402465906375e-97,0.0,52.0,interp,-3.0,1.3936278162722413e-100
538004609,DEEPWATER ASGARD,12-24h,8,8.439187578191937e-118,13.0,70,6.0,8.427843526673065e-118,13.0,68.0,interp,-2.0,-1.1344051518872102e-120
538004609,DEEPWATER ASGARD,24-36h,12,1.7194818170997994e-120,25.0,59,12.0,1.7188441647728e-120,25.0,47.0,interp,-12.0,-6.376523269992362e-124
538004609,DEEPWATER ASGARD,36-48h,12,1.448689585183513e-136,48.0,102,12.0,1.4486895851835132e-136,48.0,100.0,edge_nearest,-2.0,1.909335227187253e-152
538004609,DEEPWATER ASGARD,6-12h,6,4.6176008520299307e-107,7.0,68,6.0,4.6452834301581915e-107,7.0,66.0,interp,-2.0,2.7682578128260815e-109
538004610,DEEPWATER INVICTUS,0-6h,6,2.933409421417987e-13,1.0,21,6.0,2.9332434194686505e-13,1.0,18.0,interp,-3.0,-1.6600194933653917e-17
538004610,DEEPWATER INVICTUS,12-24h,8,1.328171574710952e-21,13.0,32,4.0,2.5095920218008947e-22,14.0,31.0,edge_nearest,-1.0,-1.0772123725308627e-21
538004610,DEEPWATER INVICTUS,24-36h,5,1.9300868329512497e-23,25.0,24,5.0,1.9307736676529414e-23,25.0,17.0,interp,-7.0,6.868347016917342e-27
538004610,DEEPWATER INVICTUS,36-48h,11,1.3381072016117657e-30,48.0,49,9.0,1.3353624698783238e-30,48.0,48.0,interp,-1.0,-2.744731733441878e-33
538004610,DEEPWATER INVICTUS,6-12h,6,1.1884577884832828e-16,7.0,31,5.0,2.0006219222783736e-17,8.0,31.0,interp,0.0,-9.883955962554454e-17
538005035,ROWAN RELENTLESS,0-6h,1,1.5234952052359056e-103,1.0,57,1.0,1.5234952052359056e-103,1.0,54.0,edge_nearest,-3.0,0.0
538005035,ROWAN RELENTLESS,12-24h,1,1.7134015786896744e-82,14.0,61,1.0,1.7134015786896744e-82,14.0,60.0,interp,-1.0,0.0
538005035,ROWAN RELENTLESS,36-48h,8,2.4385853324006467e-63,41.0,71,8.0,2.440693373547589e-63,41.0,69.0,interp,-2.0,2.108041146942389e-66
538005035,ROWAN RELENTLESS,6-12h,3,5.47281994381585e-88,10.0,62,2.0,5.47281994381585e-88,10.0,60.0,edge_nearest,-2.0,0.0
538005123,DEEPWATER THALASSA,0-6h,6,1.527846324160818e-50,5.0,42,5.0,7.482510065173566e-52,4.0,40.0,interp,-2.0,-1.4530212235090823e-50
538005123,DEEPWATER THALASSA,12-24h,1,1.2089985176805555e-38,13.0,43,1.0,1.2084547167980588e-38,13.0,42.0,interp,-1.0,-5.43800882496747e-42
538005123,DEEPWATER THALASSA,36-48h,10,1.0269964753536904e-24,42.0,41,9.0,1.0247999046634312e-24,42.0,41.0,interp,0.0,-2.196570690259207e-27
538005123,DEEPWATER THALASSA,6-12h,5,8.39731524616857e-40,12.0,44,4.0,8.40296463049252e-40,12.0,44.0,interp,0.0,5.6493843239493285e-43
538005124,DEEPWATER PROTEUS,0-6h,7,3.116807932471805e-53,0.0,44,7.0,3.115048865638274e-53,0.0,42.0,interp,-2.0,-1.7590668335310255e-56
538005124,DEEPWATER PROTEUS,12-24h,9,1.2582314526961676e-75,13.0,56,7.0,1.2620020482555586e-75,13.0,55.0,interp,-1.0,3.7705955593909885e-78
538005124,DEEPWATER PROTEUS,24-36h,12,9.838799617757564e-83,27.0,51,12.0,9.838799617757563e-83,27.0,40.0,edge_nearest,-11.0,-1.463023860841312e-98
538005124,DEEPWATER PROTEUS,36-48h,12,1.821217772688244e-92,37.0,90,12.0,1.8227833975699e-92,37.0,87.0,interp,-3.0,1.5656248816559322e-95
538005124,DEEPWATER PROTEUS,6-12h,6,2.4319726048166112e-61,7.0,53,6.0,2.429751249833603e-61,7.0,53.0,interp,0.0,-2.2213549830081784e-64
538005126,DEEPWATER POSEIDON,0-6h,1,2.7701128460061253e-96,0.0,54,,,,,,,
538005126,DEEPWATER POSEIDON,12-24h,4,1.0485735865252804e-88,13.0,62,3.0,1.0422053211067836e-88,13.0,61.0,interp,-1.0,-6.368265418496798e-91
538005126,DEEPWATER POSEIDON,24-36h,4,4.316653086297592e-77,35.0,49,3.0,4.3190432091656535e-77,35.0,38.0,interp,-11.0,2.3901228680617566e-80
538005126,DEEPWATER POSEIDON,36-48h,11,1.6811680880218176e-76,38.0,77,11.0,1.6790758314550964e-76,38.0,75.0,interp,-2.0,-2.092256566721183e-79
538005126,DEEPWATER POSEIDON,6-12h,3,3.198329612514537e-88,11.0,63,2.0,3.206956393690316e-88,11.0,62.0,interp,-1.0,8.626781175779236e-91
538005262,ASTURCON,24-36h,2,2.6536531917611117e-158,36.0,70,2.0,2.4561531542047753e-158,36.0,60.0,interp,-10.0,-1.9750003755633638e-159
538005262,ASTURCON,36-48h,5,5.679975766735519e-135,39.0,99,4.0,6.020880277304869e-135,39.0,98.0,interp,-1.0,3.409045105693496e-136
538005314,OCEAN BLACKHORNET,0-6h,7,0.2192604686994154,0.0,3,6.0,0.19001288136824396,1.0,2.0,interp,-1.0,-0.029247587331171443
538005314,OCEAN BLACKHORNET,12-24h,3,6.85255429620935e-05,13.0,10,3.0,6.85255429620935e-05,13.0,10.0,interp,0.0,0.0
538005314,OCEAN BLACKHORNET,36-48h,11,2.69435001684183e-09,37.0,21,9.0,1.9682576385560824e-09,48.0,22.0,interp,1.0,-7.260923782857478e-10
538005314,OCEAN BLACKHORNET,6-12h,6,0.0344160405893497,7.0,3,6.0,0.03441216650948765,7.0,3.0,interp,0.0,-3.874079862055402e-06
538005361,OCEAN BLACKLION,0-6h,7,0.1066394034913906,1.0,5,6.0,0.10663940349139063,1.0,4.0,interp,-1.0,2.7755575615628914e-17
538005361,OCEAN BLACKLION,12-24h,8,0.000485825979404,13.0,5,5.0,0.00048582597940406057,13.0,5.0,interp,0.0,6.055269133331542e-17
538005361,OCEAN BLACKLION,24-36h,3,4.6354452995172586e-05,25.0,6,2.0,4.6354452995172586e-05,25.0,6.0,interp,0.0,0.0
538005361,OCEAN BLACKLION,36-48h,12,2.9657356302366572e-08,48.0,17,12.0,2.9657356302366575e-08,48.0,17.0,interp,0.0,3.308722450212111e-24
538005361,OCEAN BLACKLION,6-12h,6,0.0217328310075298,7.0,5,5.0,0.013758596527531563,8.0,6.0,edge_nearest,1.0,-0.007974234479998238
538005579,DEEPWATER CONQUEROR,0-6h,6,7.42886425105471e-48,6.0,41,5.0,7.408572398079666e-48,6.0,39.0,interp,-2.0,-2.0291852975044744e-50
538005579,DEEPWATER CONQUEROR,12-24h,5,1.8631472591264872e-53,13.0,47,5.0,1.8571071185042135e-53,13.0,45.0,interp,-2.0,-6.040140622273643e-56
538005579,DEEPWATER CONQUEROR,24-36h,10,2.1289679608826176e-52,33.0,36,8.0,2.1309352405855223e-52,33.0,28.0,interp,-8.0,1.9672797029047494e-55
538005579,DEEPWATER CONQUEROR,36-48h,12,2.930528707664382e-53,37.0,67,12.0,2.9410562231189126e-53,37.0,65.0,interp,-2.0,1.0527515454530633e-55
538005579,DEEPWATER CONQUEROR,6-12h,6,4.631349187424522e-48,7.0,46,5.0,1.8932931395525387e-48,8.0,46.0,interp,0.0,-2.738056047871983e-48
538005813,NAVE LUMINOSITY,24-36h,8,5.174243131583314e-28,36.0,26,7.0,5.174243131583314e-28,36.0,18.0,edge_nearest,-8.0,0.0
538005813,NAVE LUMINOSITY,36-48h,3,1.2518201189028864e-36,37.0,56,3.0,3.2083546589607456e-36,37.0,53.0,interp,-3.0,1.9565345400578593e-36
538007655,STAR DALMATIA,12-24h,3,5.665406352042156e-110,13.0,66,1.0,1.4115750107718853e-117,14.0,67.0,interp,1.0,-5.665406210884655e-110
538007655,STAR DALMATIA,6-12h,4,1.4722384563604029e-109,12.0,71,4.0,9.197651666585453e-110,12.0,70.0,interp,-1.0,-5.524732897018575e-110
538008511,TEAM BRAVO,12-24h,5,1.7847271846412953e-66,24.0,52,5.0,1.7262598912640856e-66,24.0,51.0,interp,-1.0,-5.84672933772097e-68
538008511,TEAM BRAVO,24-36h,2,4.8986572745584694e-73,25.0,44,2.0,8.380915411692459e-73,25.0,35.0,interp,-9.0,3.4822581371339895e-73
538008599,OVERSEAS SUN COAST,0-6h,6,1.5864817753619996e-89,5.0,51,6.0,1.5973516836900573e-89,5.0,49.0,interp,-2.0,1.0869908328057662e-91
538008599,OVERSEAS SUN COAST,6-12h,3,8.327222686017555e-108,7.0,70,3.0,1.0228573794587054e-107,7.0,68.0,interp,-2.0,1.9013511085694985e-108
538009307,MAYAN,36-48h,3,1.547080916351251e-88,43.0,86,1.0,8.358577006289529e-94,45.0,90.0,interp,4.0,-1.5470725577742447e-88
538009588,VENTURE OCEAN,12-24h,2,3.335505557052022e-106,23.0,65,1.0,6.254748506550726e-118,24.0,70.0,interp,5.0,-3.3355055570457673e-106
538009588,VENTURE OCEAN,24-36h,5,7.931245602454193e-117,25.0,57,4.0,8.044424959514265e-117,25.0,46.0,interp,-11.0,1.1317935706007155e-118
538009623,WEST AURIGA,0-6h,4,1.3140989654359417e-12,1.0,18,3.0,1.3140989654359417e-12,1.0,17.0,edge_nearest,-1.0,0.0
538009623,WEST AURIGA,12-24h,4,1.6097716301312315e-16,13.0,23,4.0,1.6097716301312315e-16,13.0,21.0,interp,-2.0,0.0
538009623,WEST AURIGA,24-36h,5,1.517434964162904e-16,25.0,14,2.0,1.845214261943482e-17,27.0,12.0,edge_nearest,-2.0,-1.3329135379685557e-16
538009623,WEST AURIGA,36-48h,12,1.10408879994856e-22,48.0,36,12.0,1.10408879994856e-22,48.0,36.0,interp,0.0,0.0
538009623,WEST AURIGA,6-12h,6,1.6481094173622743e-14,7.0,26,5.0,7.210983998210596e-15,8.0,26.0,interp,0.0,-9.270110175412146e-15
538009901,WEST VELA,36-48h,5,4.038850323968854e-99,48.0,94,5.0,3.1149521217645496e-99,48.0,92.0,interp,-2.0,-9.238982022043042e-100
538010349,FEDERAL KIBUNE,24-36h,1,1.6741225473138174e-64,30.0,41,1.0,1.6741225473138174e-64,30.0,32.0,edge_nearest,-9.0,0.0
538090538,DIONI.GR,24-36h,4,1.0997210889423808e-135,36.0,63,4.0,1.1944119360964493e-135,36.0,53.0,interp,-10.0,9.469084715406852e-137
538090538,DIONI.GR,36-48h,3,6.489320921526935e-133,37.0,97,3.0,6.5299790045732785e-133,37.0,96.0,interp,-1.0,4.0658083046343424e-135
548704000,KERRY EXPRESS,24-36h,3,0.0019805034289642,36.0,3,1.0,0.0026834500523631325,36.0,3.0,interp,0.0,0.0007029466233989326
548704000,KERRY EXPRESS,36-48h,8,0.0096401386886051,37.0,6,8.0,0.012088373890195068,37.0,6.0,interp,0.0,0.0024482352015899687
563058600,TAURUS,24-36h,1,7.803739143093437e-223,32.0,74,1.0,7.943332039369796e-224,32.0,64.0,interp,-10.0,-7.009405939156458e-223
563073700,MAERSK MEMPHIS,12-24h,3,1.1033440094521132e-127,24.0,75,3.0,1.2821229728655773e-127,24.0,74.0,interp,-1.0,1.7877896341346407e-128
563073700,MAERSK MEMPHIS,24-36h,3,3.543368506054442e-121,26.0,61,3.0,5.284796763805755e-121,26.0,49.0,interp,-12.0,1.7414282577513134e-121
563086300,BW PIONEER,0-6h,1,3.1770370669026426e-18,3.0,27,,,,,,,
563086300,BW PIONEER,12-24h,2,4.518531614270974e-09,14.0,14,1.0,4.517639766545168e-09,14.0,14.0,interp,0.0,-8.918477258064453e-13
563086300,BW PIONEER,36-48h,8,0.0008621571606133,43.0,9,7.0,0.0008622636133883038,43.0,9.0,interp,0.0,1.0645277500383882e-07
563086300,BW PIONEER,6-12h,6,2.0773630921699347e-10,12.0,21,3.0,2.9000850375808583e-11,11.0,20.0,interp,-1.0,-1.7873545884118488e-10
564538000,VIYADA NAREE,36-48h,1,1.117588042429321e-177,48.0,109,1.0,4.497234412667509e-178,48.0,108.0,interp,-1.0,-6.6786460116257e-178
564970000,BW BOBCAT,36-48h,3,1.0878978062229817e-43,48.0,62,3.0,1.0911763235928321e-43,48.0,60.0,interp,-2.0,3.278517369850468e-46
577358000,ISLAND VENTURE,0-6h,7,1.460825843809963e-13,0.0,23,7.0,1.4610453049979815e-13,0.0,22.0,interp,-1.0,2.194611880184591e-17
577358000,ISLAND VENTURE,12-24h,11,2.53260409882116e-17,23.0,27,9.0,2.53260409882116e-17,23.0,25.0,interp,-2.0,0.0
577358000,ISLAND VENTURE,24-36h,12,1.2584930118779303e-17,25.0,19,11.0,1.2584930118779302e-17,25.0,13.0,interp,-6.0,-1.5407439555097887e-33
577358000,ISLAND VENTURE,36-48h,12,6.180295160855727e-24,48.0,38,12.0,6.176491121704986e-24,48.0,38.0,interp,0.0,-3.804039150741546e-27
577358000,ISLAND VENTURE,6-12h,6,1.4242613626541209e-15,7.0,30,6.0,1.424261362654121e-15,7.0,29.0,interp,-1.0,1.9721522630525295e-31
636016002,PACIFIC SHARAV,0-6h,6,5.999742165114767e-24,0.0,28,5.0,6.002582437990672e-24,0.0,26.0,interp,-2.0,2.8402728759048697e-27
636016002,PACIFIC SHARAV,12-24h,5,1.511723135290789e-38,14.0,41,5.0,1.5118561469728285e-38,14.0,40.0,interp,-1.0,1.3301168203962712e-42
636016002,PACIFIC SHARAV,24-36h,12,9.553488240230456e-41,25.0,35,12.0,9.551789269934366e-41,25.0,26.0,interp,-9.0,-1.698970296090229e-44
636016002,PACIFIC SHARAV,36-48h,12,1.6256116317692916e-49,48.0,65,12.0,1.6262777598025495e-49,48.0,63.0,interp,-2.0,6.661280332579159e-53
636016002,PACIFIC SHARAV,6-12h,6,1.7042802042456385e-29,7.0,36,6.0,1.704732968189964e-29,7.0,36.0,interp,0.0,4.527639443256264e-33
636019868,CMA CGM BERLIOZ,0-6h,2,2.304256917226918e-92,6.0,53,2.0,7.931700392684269e-93,6.0,51.0,interp,-2.0,-1.5110868779584911e-92
636019868,CMA CGM BERLIOZ,6-12h,4,1.0125556669222006e-94,7.0,66,4.0,1.0329626059268952e-94,7.0,65.0,interp,-1.0,2.040693900469456e-96
636020125,ROSTRUM,12-24h,6,3.032951672526709e-47,15.0,45,5.0,3.0257316642835686e-47,15.0,43.0,interp,-2.0,-7.220008243140277e-50
636020125,ROSTRUM,6-12h,3,6.4882371776982345e-74,12.0,55,3.0,4.8920590410334184e-74,12.0,55.0,interp,0.0,-1.596178136664816e-74
941202717,,36-48h,3,1.0943151095407008e-43,48.0,61,,,,,,,
941202899,,36-48h,3,1.2591375452701267e-32,47.0,52,1.0,8.114648344578048e-34,44.0,52.0,edge_nearest,0.0,-1.1779910618243462e-32
941202904,,36-48h,2,7.455735431364588e-73,47.0,74,2.0,7.373674073399653e-73,47.0,72.0,interp,-2.0,-8.206135796493551e-75
