MMSI,VesselName,matched_hours_v2,coverage_fraction_v2,point_release_score_v2,continuous_release_score_v2,point_rank_v2,continuous_rank_v2,matched_hours_v2_1,coverage_fraction_v2_1,point_release_score_v2_1,continuous_release_score_v2_1,point_rank_v2_1,continuous_rank_v2_1,n_interp,n_edge,d_point_release_score,d_continuous_release_score,d_point_rank,d_continuous_rank,d_matched_hours,d_coverage_fraction
368059520,DEER ISLAND,19,0.3877551020408163,0.5290957631705726,0.0287373589379884,1,7,16.0,0.32653061224489793,0.5192773937832497,0.033602935276925615,1.0,5.0,15.0,1.0,-0.009818369387322945,0.004865576338937215,0.0,-2.0,-3.0,-0.06122448979591838
367655260,SHELIA BORDELON,23,0.4693877551020408,0.512038882409277,0.0370686196841438,2,5,18.0,0.3673469387755102,0.0021316900164764954,0.0005477844591309148,18.0,17.0,17.0,1.0,-0.5099071923928005,-0.036520835225012885,16.0,12.0,-5.0,-0.10204081632653056
368589000,OVERSEAS CASCADE,20,0.4081632653061224,0.4140056927577996,0.0449001151826274,3,3,18.0,0.3673469387755102,0.40147511196738317,0.048882575823655704,2.0,2.0,16.0,2.0,-0.012530580790416412,0.003982460641028307,-1.0,-1.0,-2.0,-0.04081632653061218
367550980,BIG FOOT,33,0.673469387755102,0.2810914904565684,0.0768888986740404,4,1,28.0,0.5714285714285714,0.2810914904565684,0.07079099279488128,3.0,1.0,25.0,3.0,0.0,-0.006097905879159121,-1.0,0.0,-5.0,-0.10204081632653061
368166560,ARGOS PLATFORM,43,0.8775510204081632,0.2594484091092919,0.0265732355174674,5,8,36.0,0.7346938775510204,0.25938908847825864,0.031736510077068694,4.0,7.0,34.0,2.0,-5.932063103325502e-05,0.005163274559601295,-1.0,-1.0,-7.0,-0.1428571428571428
538005314,OCEAN BLACKHORNET,27,0.5510204081632653,0.2192604686994154,0.0388585941955844,6,4,24.0,0.4897959183673469,0.19001288136824396,0.03458002769983266,5.0,4.0,23.0,1.0,-0.029247587331171443,-0.004278566495751736,-1.0,0.0,-3.0,-0.061224489795918324
408919000,SEAPEAK BAHRAIN,4,0.0816326530612244,0.1268602918405378,0.0317151600892501,7,6,4.0,0.08163265306122448,0.1294406899594153,0.03236018296328549,6.0,6.0,4.0,0.0,0.0025803981188775027,0.0006450228740353878,-1.0,0.0,0.0,8.326672684688674e-17
367501540,OSG ENDURANCE,4,0.0816326530612244,0.1207400436397942,0.0572146052914286,8,2,4.0,0.08163265306122448,0.11267223224004223,0.04555866883850506,8.0,3.0,3.0,1.0,-0.008067811399751962,-0.011655936452923538,0.0,1.0,0.0,8.326672684688674e-17
367507790,HARVEY SUPPORTER,44,0.8979591836734694,0.1128298264994296,0.0132804486065235,9,10,41.0,0.8367346938775511,0.11285429475003303,0.01425183641727735,7.0,9.0,40.0,1.0,2.446825060342661e-05,0.0009713878107538501,-2.0,-1.0,-3.0,-0.061224489795918324
538005361,OCEAN BLACKLION,36,0.7346938775510204,0.1066394034913906,0.0162226237454145,10,9,30.0,0.6122448979591837,0.10663940349139063,0.01718811674082759,9.0,8.0,27.0,3.0,2.7755575615628914e-17,0.0009654929954130906,-1.0,-1.0,-6.0,-0.12244897959183676
367643110,DEEP RUNNER,9,0.1836734693877551,0.0979274886484325,0.0113502057534367,11,11,9.0,0.1836734693877551,0.1058423353962709,0.012077889803051226,10.0,10.0,9.0,0.0,0.007914846747838405,0.0007276840496145253,-1.0,-1.0,0.0,0.0
368196410,C-CONSTRUCTOR,40,0.8163265306122449,0.072261100687849,0.0089234197429945,12,12,36.0,0.7346938775510204,0.0722613281501576,0.009913566108893495,11.0,11.0,35.0,1.0,2.2746230859960193e-07,0.000990146365898996,-1.0,-1.0,-4.0,-0.08163265306122447
367775000,MAERSK OHIO,8,0.1632653061224489,0.047872428632024,0.005984063919236,13,13,7.0,0.14285714285714285,0.046635453554255114,0.0066622745794237565,12.0,12.0,7.0,0.0,-0.0012369750777688829,0.0006782106601877563,-1.0,-1.0,-1.0,-0.020408163265306062
367588580,ROLAND A FALGOUT,12,0.2448979591836734,0.0299539105284717,0.0024962253574821,14,14,11.0,0.22448979591836735,0.03541253104432175,0.003219392012200306,13.0,13.0,11.0,0.0,0.005458620515850051,0.0007231666547182062,-1.0,-1.0,-1.0,-0.020408163265306062
548704000,KERRY EXPRESS,11,0.2244897959183673,0.0096401386886051,0.001056422015709,15,15,9.0,0.1836734693877551,0.012088373890195068,0.0016413137793668533,14.0,14.0,8.0,0.0,0.0024482352015899687,0.0005848917636578532,-1.0,-1.0,-2.0,-0.04081632653061218
338189000,BREEZE,10,0.2040816326530612,0.0058357342558298,0.0005835736853486,16,17,9.0,0.1836734693877551,0.005481982892356968,0.0006091094466542568,15.0,16.0,9.0,0.0,-0.00035375136347283193,2.5535761305656786e-05,-1.0,-1.0,-1.0,-0.02040816326530609
369494392,BP MAD DOG PLATFORM,23,0.4693877551020408,0.0045647089003465,0.0005892973449285,17,16,17.0,0.3469387755102041,0.004574399451552359,0.0007967758997845527,16.0,15.0,15.0,2.0,9.690551205858433e-06,0.0002074785548560528,-1.0,-1.0,-6.0,-0.1224489795918367
338302000,MAGNOLIA STATE,11,0.2244897959183673,0.0023897389945671,0.0002216775517522,18,18,11.0,0.22448979591836735,0.002337881480242093,0.0002165887673905649,17.0,20.0,11.0,0.0,-5.1857514325006834e-05,-5.08878436163512e-06,-1.0,2.0,0.0,5.551115123125783e-17
367780870,SARAH BORDELON,18,0.3673469387755102,0.0022435332154494,0.0001912541261232,19,20,11.0,0.22448979591836735,0.00048480964246276414,4.407360386570292e-05,23.0,23.0,10.0,0.0,-0.0017587235729866358,-0.00014718052225749708,4.0,3.0,-7.0,-0.14285714285714288
311012300,POLARCUS ALIMA,31,0.6326530612244898,0.0014323300710066,9.323884935945068e-05,20,21,26.0,0.5306122448979592,0.001428812621307673,0.00011154982115190382,19.0,21.0,22.0,4.0,-3.5174496989269412e-06,1.831097179245314e-05,-1.0,0.0,-5.0,-0.10204081632653061
563086300,BW PIONEER,17,0.3469387755102041,0.0008621571606133,0.0002086031643566,21,19,11.0,0.22448979591836735,0.0008622636133883038,0.0003094405299207057,20.0,19.0,10.0,1.0,1.0645277500383882e-07,0.0001008373655641057,-1.0,0.0,-6.0,-0.12244897959183673
235053116,SEVEN OCEANS,23,0.4693877551020408,0.0008173416851151,5.5656876191131473e-05,22,22,19.0,0.3877551020408163,0.0008173416851151669,4.954420752234615e-05,21.0,22.0,18.0,1.0,6.689527404235562e-17,-6.112668668785325e-06,-1.0,0.0,-4.0,-0.08163265306122447
367684260,PELICAN ISLAND,18,0.3673469387755102,0.000118846913583,1.164623266806047e-05,23,24,16.0,0.32653061224489793,0.00011885312800173156,1.2925937783269451e-05,24.0,25.0,14.0,2.0,6.2144187315624905e-09,1.2797051152089806e-06,1.0,1.0,-2.0,-0.04081632653061229
241365000,MARAN GAS ACHILLES,4,0.0816326530612244,7.399097862772997e-05,1.8497744656932497e-05,24,23,2.0,0.04081632653061224,0.0007809777372333311,0.00039048886861666555,22.0,18.0,1.0,1.0,0.0007069867586056011,0.00037199112395973306,-2.0,-5.0,-2.0,-0.04081632653061216
367353110,PELICAN STATE,8,0.1632653061224489,6.057008950171469e-05,8.032924142585763e-06,25,26,8.0,0.16326530612244897,5.6133310778574444e-05,7.5024491395747415e-06,25.0,26.0,8.0,0.0,-4.436778723140248e-06,-5.304750030110219e-07,0.0,0.0,0.0,5.551115123125783e-17
369702000,COASTAL RELIANCE,4,0.0816326530612244,3.957808825523812e-05,9.897586104076e-06,26,25,3.0,0.061224489795918366,3.926010623850387e-05,1.3090380347567669e-05,26.0,24.0,3.0,0.0,-3.1798201673425067e-07,3.1927942434916685e-06,0.0,-1.0,-1.0,-0.020408163265306034
368179260,MILLIE,45,0.9183673469387756,1.2506309701167776e-05,6.722925217601265e-07,27,28,40.0,0.8163265306122449,1.2578559259161205e-05,7.581397941260245e-07,27.0,28.0,38.0,2.0,7.22495579934299e-08,8.584727236589795e-08,0.0,0.0,-5.0,-0.10204081632653073
369045000,HARVEY STONE,21,0.4285714285714285,1.078932488663454e-05,5.257717200137881e-07,28,30,17.0,0.3469387755102041,1.0980217038527702e-05,6.615062732557311e-07,28.0,29.0,14.0,3.0,1.9089215189316168e-07,1.35734553241943e-07,0.0,-1.0,-4.0,-0.08163265306122441
366048300,HOLSTEIN,25,0.5102040816326531,6.735946022348168e-06,5.797232590370785e-07,29,29,15.0,0.30612244897959184,3.9769247169922935e-06,3.354451044983981e-07,29.0,30.0,12.0,3.0,-2.759021305355875e-06,-2.442781545386804e-07,0.0,1.0,-10.0,-0.20408163265306123
367416060,HARVEY RAIN,12,0.2448979591836734,4.82958754573896e-06,4.0246562881158e-07,30,31,7.0,0.14285714285714285,8.601453883014517e-57,1.472020862465429e-57,91.0,91.0,7.0,0.0,-4.82958754573896e-06,-4.0246562881158e-07,61.0,60.0,-5.0,-0.10204081632653056
367773540,LUCY,10,0.2040816326530612,3.750160494411372e-06,7.975899043612261e-07,31,27,9.0,0.1836734693877551,3.7437063844081938e-06,8.892333863469537e-07,30.0,27.0,9.0,0.0,-6.454110003178109e-09,9.164348198572757e-08,-1.0,0.0,-1.0,-0.02040816326530609
367602540,JOHN JACOB,9,0.1836734693877551,3.847453986720463e-07,4.7025716726144527e-08,32,32,9.0,0.1836734693877551,3.847453986720463e-07,4.7300678368008913e-08,31.0,31.0,8.0,1.0,0.0,2.7496164186438684e-10,-1.0,-1.0,0.0,0.0
338002000,TUCKER CANDIES,15,0.3061224489795918,6.941114278005135e-08,5.910282255605213e-09,33,33,13.0,0.2653061224489796,6.250509656265465e-08,5.882353876712431e-09,32.0,32.0,13.0,0.0,-6.906046217396701e-09,-2.7928378892781678e-11,-1.0,-1.0,-2.0,-0.04081632653061218
338615000,C-RAMBLER,15,0.3061224489795918,2.5796804672879797e-08,2.720049039326913e-09,34,34,14.0,0.2857142857142857,2.5801937648072414e-08,2.9122888032233493e-09,33.0,33.0,13.0,1.0,5.1329751926169456e-12,1.9223976389643626e-10,-1.0,-1.0,-1.0,-0.02040816326530609
367471840,FAST GIANT,1,0.0204081632653061,1.4890070044430543e-09,1.4890070044430543e-09,35,35,1.0,0.02040816326530612,1.4871149789166936e-09,1.4871149789166936e-09,34.0,34.0,1.0,0.0,-1.892025526360775e-12,-1.892025526360775e-12,-1.0,-1.0,0.0,2.0816681711721685e-17
369286000,HARVEY EXPLORER,24,0.4897959183673469,9.308369910790973e-10,7.659674293641476e-11,36,36,21.0,0.42857142857142855,9.522230703357107e-10,9.227763910058327e-11,35.0,35.0,19.0,2.0,2.138607925661338e-11,1.568089616416851e-11,-1.0,-1.0,-3.0,-0.06122448979591838
338147342,HEIDELBERG SPAR,38,0.7755102040816326,4.945073780912914e-10,1.680514218553473e-11,37,38,34.0,0.6938775510204082,4.945073780912914e-10,1.8743454628191077e-11,36.0,37.0,32.0,2.0,0.0,1.9383124426563473e-12,-1.0,-1.0,-4.0,-0.08163265306122447
369533000,LIGHTNING,22,0.4489795918367347,4.0744174191198346e-10,2.2693847664275468e-11,38,37,19.0,0.3877551020408163,4.13292903187675e-10,2.6619226466725597e-11,37.0,36.0,19.0,0.0,5.85116127569152e-12,3.925378802450129e-12,-1.0,-1.0,-3.0,-0.06122448979591838
366050100,TLP SHENZI,39,0.7959183673469388,2.2169895074543068e-10,1.3830104825995004e-11,39,39,33.0,0.673469387755102,2.2180355508834704e-10,1.633963290024616e-11,38.0,38.0,28.0,3.0,1.046043429163567e-13,2.509528074251157e-12,-1.0,-1.0,-6.0,-0.12244897959183676
366495000,OVERSEAS CHINOOK,15,0.3061224489795918,7.996966183509443e-11,5.649040449479107e-12,40,40,12.0,0.24489795918367346,3.381978613649977e-12,3.707659666600579e-13,41.0,41.0,9.0,3.0,-7.658768322144445e-11,-5.278274482819049e-12,1.0,1.0,-3.0,-0.061224489795918324
367127480,TAHITI SPAR,41,0.8367346938775511,7.727020801411679e-11,4.333154343844045e-12,41,41,38.0,0.7755102040816326,7.711352351245136e-11,4.6713277978562185e-12,39.0,39.0,36.0,2.0,-1.5668450166543594e-13,3.3817345401217366e-13,-2.0,-2.0,-3.0,-0.061224489795918435
366908680,MARCO POLO TLP,24,0.4897959183673469,3.4120871729935056e-11,1.916002197133774e-12,42,42,20.0,0.40816326530612246,1.0346790817332061e-11,5.322126172408245e-13,40.0,40.0,19.0,1.0,-2.3774080912602994e-11,-1.3837895798929493e-12,-2.0,-2.0,-4.0,-0.08163265306122447
538009623,WEST AURIGA,31,0.6326530612244898,1.3140989654359417e-12,8.147533295309978e-14,43,43,26.0,0.5306122448979592,1.3140989654359417e-12,9.504819992028767e-14,42.0,42.0,23.0,3.0,0.0,1.3572866967187887e-14,-1.0,-1.0,-5.0,-0.10204081632653061
369550000,Q4000,27,0.5510204081632653,1.2362616212602885e-12,7.269294821015931e-14,44,44,23.0,0.46938775510204084,2.28631538265083e-13,1.0996705394626297e-14,45.0,46.0,23.0,0.0,-1.0076300829952056e-12,-6.169624281553301e-14,1.0,2.0,-4.0,-0.08163265306122441
369224000,HARVEY PROVIDER,21,0.4285714285714285,6.338217472892889e-13,3.8761948450298024e-14,45,45,16.0,0.32653061224489793,1.7677142620260257e-13,1.1077006614946798e-14,46.0,45.0,11.0,3.0,-4.570503210866863e-13,-2.7684941835351226e-14,1.0,0.0,-5.0,-0.10204081632653056
538004610,DEEPWATER INVICTUS,36,0.7346938775510204,2.933409421417987e-13,1.3842570342741983e-14,46,47,29.0,0.5918367346938775,2.9332434194686505e-13,1.7180262493738065e-14,43.0,44.0,26.0,2.0,-1.6600194933653917e-17,3.3376921509960825e-15,-3.0,-3.0,-7.0,-0.1428571428571429
369494390,BP ATLANTIS PLATFORM,15,0.3061224489795918,2.4595943399295744e-13,1.6420262466315183e-14,47,46,11.0,0.22448979591836735,2.4595943399295744e-13,2.236769737235887e-14,44.0,43.0,8.0,3.0,0.0,5.947434906043688e-15,-3.0,-3.0,-4.0,-0.08163265306122444
577358000,ISLAND VENTURE,48,0.979591836734694,1.460825843809963e-13,9.723461264557276e-15,48,48,45.0,0.9183673469387755,1.4610453049979815e-13,1.037124248630084e-14,47.0,47.0,42.0,1.0,2.194611880184591e-17,6.477812217435635e-16,-1.0,-1.0,-3.0,-0.061224489795918435
367693810,DAUPHIN ISLAND,6,0.1224489795918367,5.806261549827577e-14,9.677102583045964e-15,49,49,6.0,0.12244897959183673,5.6704603720800396e-14,9.450767286800069e-15,48.0,48.0,6.0,0.0,-1.3580117774753751e-15,-2.2633529624589586e-16,-1.0,-1.0,0.0,2.7755575615628914e-17
367666910,CAJUN IV,19,0.3877551020408163,2.302338885854876e-15,1.212166497182947e-16,50,51,17.0,0.3469387755102041,3.149841045792046e-16,1.8547937202993896e-17,50.0,50.0,15.0,1.0,-1.9873547812756715e-15,-1.026687125153008e-16,0.0,-1.0,-2.0,-0.040816326530612235
311000876,STAR FIRST,3,0.0612244897959183,4.1998281318648343e-16,1.399942710621611e-16,51,50,2.0,0.04081632653061224,4.199828131864834e-16,2.099914065932417e-16,49.0,49.0,1.0,1.0,-4.930380657631324e-32,6.999713553108059e-17,-2.0,-1.0,-1.0,-0.020408163265306055
367357000,CLAIRE CANDIES,18,0.3673469387755102,3.125865697607965e-17,1.7381379340522567e-18,52,52,13.0,0.2653061224489796,6.104818540103719e-21,6.971053459939595e-22,53.0,53.0,13.0,0.0,-3.125255215753954e-17,-1.737440828706263e-18,1.0,1.0,-5.0,-0.10204081632653061
366054900,STAMPEDE TLP,35,0.7142857142857143,1.4996146218648672e-17,6.791956120194222e-19,53,53,29.0,0.5918367346938775,1.500349814973285e-17,8.201880810089355e-19,51.0,51.0,27.0,1.0,7.35193108417839e-21,1.409924689895133e-19,-2.0,-2.0,-6.0,-0.12244897959183676
367561140,HARVEY HAWK,14,0.2857142857142857,6.439219432288598e-19,4.747310164182512e-20,54,54,12.0,0.24489795918367346,6.494345323195111e-19,5.592973068745526e-20,52.0,52.0,11.0,1.0,5.512589090651279e-21,8.45662904563014e-21,-2.0,-2.0,-2.0,-0.040816326530612235
367763610,BLUE SEA II,4,0.0816326530612244,2.3435428900360288e-22,5.859563385037365e-23,55,55,3.0,0.061224489795918366,2.3435428900360288e-22,7.812785369074314e-23,55.0,54.0,2.0,1.0,0.0,1.9532219840369487e-23,0.0,-1.0,-1.0,-0.020408163265306034
367653160,FAST LEOPARD,14,0.2857142857142857,1.881207059340634e-22,1.8112881906681266e-23,56,56,12.0,0.24489795918367346,5.166608049857467e-22,4.898179059246031e-23,54.0,55.0,11.0,1.0,3.285400990516833e-22,3.0868908685779047e-23,-2.0,-1.0,-2.0,-0.040816326530612235
303517000,JOSHUA CANDIES,15,0.3061224489795918,1.625325552586221e-23,1.0835503683908197e-24,57,59,14.0,0.2857142857142857,1.7885283189016318e-23,1.2775202277868843e-24,56.0,58.0,12.0,2.0,1.6320276631541082e-24,1.939698593960646e-25,-1.0,-1.0,-1.0,-0.02040816326530609
367640510,FAST CHEETAH,8,0.1632653061224489,1.2363985083937149e-23,3.064251079069136e-24,58,57,8.0,0.16326530612244897,1.2350312333772805e-23,3.062804339403129e-24,57.0,56.0,7.0,1.0,-1.3672750164343628e-26,-1.4467396660069414e-27,-1.0,-1.0,0.0,5.551115123125783e-17
636016002,PACIFIC SHARAV,41,0.8367346938775511,5.999742165114767e-24,2.309388052224652e-25,59,61,40.0,0.8163265306122449,6.002582437990672e-24,2.3643180860220677e-25,58.0,60.0,38.0,2.0,2.8402728759048697e-27,5.493003379741558e-27,-1.0,-1.0,-1.0,-0.020408163265306145
368508000,GENIE LAB,12,0.2448979591836734,4.7157493791438006e-24,6.076949495249974e-25,60,60,10.0,0.20408163265306123,4.723163466955086e-24,7.300693355661042e-25,59.0,59.0,8.0,1.0,7.414087811285764e-27,1.2237438604110678e-25,-1.0,-1.0,-2.0,-0.04081632653061218
370490000,CARNIVAL DREAM,2,0.0408163265306122,2.813289455776285e-24,1.4066447278881427e-24,61,58,2.0,0.04081632653061224,3.9110802457220514e-24,1.9555401228610257e-24,60.0,57.0,2.0,0.0,1.0977907899457663e-24,5.48895394972883e-25,-1.0,-1.0,0.0,4.163336342344337e-17
538005123,DEEPWATER THALASSA,22,0.4489795918367347,1.0269964753536904e-24,1.8701655110274527e-25,62,62,19.0,0.3877551020408163,1.0247999046634312e-24,2.1097779257848125e-25,61.0,61.0,18.0,1.0,-2.196570690259207e-27,2.3961241475735985e-26,-1.0,-1.0,-3.0,-0.06122448979591838
338125915,CONSTITUTION SPAR,41,0.8367346938775511,1.3836399215656164e-25,9.396196738611948e-27,63,63,35.0,0.7142857142857143,1.390636836368452e-25,1.1023197639568485e-26,62.0,62.0,34.0,1.0,6.9969148028355924e-28,1.627000900956537e-27,-1.0,-1.0,-6.0,-0.12244897959183676
11,CONSTITUTION,21,0.4285714285714285,4.716117413772931e-26,5.859829040597374e-27,64,64,17.0,0.3469387755102041,4.732515583005803e-26,6.622442061187852e-27,63.0,63.0,16.0,1.0,1.6398169232872124e-28,7.626130205904785e-28,-1.0,-1.0,-4.0,-0.08163265306122441
3660489,NEPTUNE TLP,49,1.0,2.290409618248883e-26,1.0064022499504788e-27,65,66,48.0,0.9795918367346939,2.2875562467987742e-26,1.0269007029736264e-27,64.0,65.0,46.0,2.0,-2.85337145010881e-29,2.0498453023147583e-29,-1.0,-1.0,-1.0,-0.020408163265306145
368042000,ODYSSEA SPIRIT,30,0.6122448979591837,1.8596394016672159e-26,9.689682373914678e-28,66,67,21.0,0.42857142857142855,2.199734153881911e-27,1.2925628757657476e-28,66.0,66.0,19.0,2.0,-1.6396659862790247e-26,-8.39711949814893e-28,0.0,-1.0,-9.0,-0.18367346938775514
303260000,GINNY LAB,11,0.2244897959183673,1.7714340809931446e-26,3.2259729439012308e-27,67,65,8.0,0.16326530612244897,1.8819686026235157e-26,4.543866017354516e-27,65.0,64.0,8.0,0.0,1.105345216303711e-27,1.317893073453285e-27,-2.0,-1.0,-3.0,-0.061224489795918324
538005813,NAVE LUMINOSITY,11,0.2244897959183673,5.174243131583314e-28,8.783890594065988e-29,68,68,10.0,0.20408163265306123,5.174243131583314e-28,9.662279681499279e-29,68.0,68.0,8.0,2.0,0.0,8.783890874332917e-30,0.0,0.0,-1.0,-0.020408163265306062
367634690,CAJUN II,15,0.3061224489795918,2.61177236350092e-28,1.800293995917552e-29,69,69,14.0,0.2857142857142857,1.4404707727190743e-27,1.0379294578126564e-28,67.0,67.0,13.0,1.0,1.1792935363689823e-27,8.579000582209012e-29,-2.0,-2.0,-1.0,-0.02040816326530609
367428330,LAURIE ANN REINAUER,4,0.0816326530612244,6.057433312108555e-30,1.5143583280271388e-30,70,70,4.0,0.08163265306122448,4.5998553806846504e-30,1.1499638451711626e-30,69.0,69.0,4.0,0.0,-1.4575779314239048e-30,-3.643944828559762e-31,-1.0,-1.0,0.0,8.326672684688674e-17
369232000,CLARENCE MOORE,7,0.1428571428571428,1.180408236600476e-30,1.867541078602816e-31,71,71,6.0,0.12244897959183673,1.1804082366004759e-30,1.967348902914299e-31,70.0,70.0,5.0,1.0,-1.7516230804060213e-46,9.980782431148301e-33,-1.0,-1.0,-1.0,-0.020408163265306062
311000143,TURRITELLA,2,0.0408163265306122,2.3082851340352213e-31,1.423669294412468e-31,72,72,2.0,0.04081632653061224,2.3082851340352213e-31,1.423669294412468e-31,71.0,71.0,0.0,2.0,0.0,0.0,-1.0,-1.0,0.0,4.163336342344337e-17
257432000,OSLO BULK 4,6,0.1224489795918367,2.803737942492323e-32,4.674118254682397e-33,73,74,3.0,0.061224489795918366,8.128728256380626e-36,2.7095760854602086e-36,74.0,74.0,2.0,1.0,-2.802925069666685e-32,-4.671408678596937e-33,1.0,0.0,-3.0,-0.06122448979591834
941202899,,3,0.0612244897959183,1.2591375452701267e-32,6.0817741418495e-33,74,73,1.0,0.02040816326530612,8.114648344578048e-34,8.114648344578048e-34,73.0,72.0,0.0,1.0,-1.1779910618243462e-32,-5.270309307391695e-33,-1.0,-1.0,-2.0,-0.04081632653061218
338174000,MS CHARLOTTE,10,0.2040816326530612,5.5215334063684956e-33,5.521533406368498e-34,75,75,10.0,0.20408163265306123,7.108220378814942e-33,7.108220378814943e-34,72.0,73.0,10.0,0.0,1.586686972446446e-33,1.586686972446445e-34,-3.0,-2.0,0.0,2.7755575615628914e-17
366873670,RHEA,9,0.1836734693877551,1.353564317067786e-34,1.5039676786904922e-35,76,76,8.0,0.16326530612244897,5.1038312181359134e-40,6.379789050018065e-41,77.0,77.0,8.0,0.0,-1.353559213236568e-34,-1.503961298901442e-35,1.0,1.0,-1.0,-0.020408163265306145
312407000,SUN GAS,3,0.0612244897959183,2.5765889541444267e-36,8.588629847148088e-37,77,77,3.0,0.061224489795918366,2.0949112415185236e-36,6.983037471728412e-37,75.0,75.0,3.0,0.0,-4.816777126259031e-37,-1.6055923754196768e-37,-2.0,-2.0,0.0,6.938893903907228e-17
303071000,GOL DIAMOND,7,0.1428571428571428,2.548033721040991e-38,3.6406376430049705e-39,78,78,6.0,0.12244897959183673,2.553530014245552e-38,4.255952699704221e-39,76.0,76.0,5.0,1.0,5.496293204561248e-41,6.153150566992505e-40,-2.0,-2.0,-1.0,-0.020408163265306062
477166800,UNI SUNSHINE,5,0.1020408163265306,8.758550871183939e-40,1.7518105685727042e-40,79,79,4.0,0.08163265306122448,5.019716795816164e-44,1.254929198954041e-44,81.0,81.0,2.0,2.0,-8.758048899504357e-40,-1.7516850756528087e-40,2.0,2.0,-1.0,-0.020408163265306117
367486440,FAST GOLIATH,2,0.0408163265306122,2.304702478849341e-40,1.1523512394246703e-40,80,80,2.0,0.04081632653061224,6.485137232427655e-44,3.2425686162138273e-44,80.0,80.0,2.0,0.0,-2.304053965126098e-40,-1.1520269825630489e-40,0.0,0.0,0.0,4.163336342344337e-17
368087000,C-CARRIER,27,0.5510204081632653,1.6716975033614774e-40,7.53958270603781e-42,81,81,21.0,0.42857142857142855,1.7697280734022044e-40,1.0209929050068301e-41,78.0,78.0,17.0,4.0,9.803057004072699e-42,2.6703463440304908e-42,-3.0,-3.0,-6.0,-0.1224489795918367
941202717,,3,0.0612244897959183,1.0943151095407008e-43,4.063155052365707e-44,82,82,,,,,,,,,,,,,,
564970000,BW BOBCAT,3,0.0612244897959183,1.0878978062229817e-43,3.62632761503342e-44,83,83,3.0,0.061224489795918366,1.0911763235928321e-43,3.6372564940337796e-44,79.0,79.0,3.0,0.0,3.278517369850468e-46,1.0928879000359473e-46,-4.0,-4.0,0.0,6.938893903907228e-17
367556730,HARVEY COLT,42,0.8571428571428571,4.0751010661727096e-45,1.1469621572198594e-46,84,84,36.0,0.7346938775510204,4.065387196946127e-45,1.336149841175662e-46,82.0,82.0,36.0,0.0,-9.713869226582455e-48,1.8918768395580256e-47,-2.0,-2.0,-6.0,-0.12244897959183665
369108000,CADE CANDIES,24,0.4897959183673469,3.6849205261641103e-47,1.88622612489715e-48,85,86,18.0,0.3673469387755102,3.686828163185413e-47,2.5169887118050054e-48,83.0,84.0,17.0,1.0,1.907637021302552e-50,6.307625869078555e-49,-2.0,-2.0,-6.0,-0.1224489795918367
636020125,ROSTRUM,9,0.1836734693877551,3.032951672526709e-47,6.704002499404275e-48,86,85,8.0,0.16326530612244897,3.0257316642835686e-47,7.288116300013461e-48,84.0,83.0,8.0,0.0,-7.220008243140277e-50,5.841138006091861e-49,-2.0,-2.0,-1.0,-0.020408163265306145
538005579,DEEPWATER CONQUEROR,39,0.7959183673469388,7.42886425105471e-48,8.509696389146446e-49,87,87,35.0,0.7142857142857143,7.408572398079666e-48,7.352085613913334e-49,85.0,85.0,32.0,3.0,-2.0291852975044744e-50,-1.157610775233112e-49,-2.0,-2.0,-4.0,-0.08163265306122447
366667000,JUAN C,17,0.3469387755102041,1.8299758695082598e-49,1.2173986077227817e-50,88,88,15.0,0.30612244897959184,1.8299758695082594e-49,1.3817944779480533e-50,86.0,86.0,14.0,1.0,-3.7982270983039195e-65,1.6439587022527156e-51,-2.0,-2.0,-2.0,-0.040816326530612235
338197000,SHIP ISLAND,4,0.0816326530612244,1.6972786627379201e-50,4.2431966568448003e-51,89,89,4.0,0.08163265306122448,2.7483486062235075e-50,6.870871515558769e-51,87.0,87.0,4.0,0.0,1.0510699434855874e-50,2.6276748587139685e-51,-2.0,-2.0,0.0,8.326672684688674e-17
367785160,BRUTUS TLP,45,0.9183673469387756,7.077623009017276e-52,1.9433119301402067e-53,90,90,44.0,0.8979591836734694,7.083444747814721e-52,1.9885116211980552e-53,88.0,88.0,43.0,1.0,5.821738797445041e-55,4.51996910578485e-55,-2.0,-2.0,-1.0,-0.020408163265306256
538005124,DEEPWATER PROTEUS,46,0.9387755102040816,3.116807932471805e-53,8.306809896921701e-55,91,91,44.0,0.8979591836734694,3.115048865638274e-53,8.679133101230184e-55,89.0,89.0,41.0,1.0,-1.7590668335310255e-56,3.723232043084831e-56,-2.0,-2.0,-2.0,-0.04081632653061218
367657110,PECAN ISLAND,40,0.8163265306122449,3.1141484105054624e-54,9.177569055163348e-56,92,92,37.0,0.7551020408163265,3.093346721183961e-54,9.8731322749102e-56,90.0,90.0,37.0,0.0,-2.0801689321501318e-56,6.955632197468512e-57,-2.0,-2.0,-3.0,-0.061224489795918435
368237180,GO ADVENTURER,13,0.2653061224489796,1.554416026879294e-57,1.2298973152503973e-58,93,94,13.0,0.2653061224489796,1.554890114713972e-57,1.2302449271864392e-58,92.0,93.0,13.0,0.0,4.7408783467773726e-61,3.4761193604186464e-62,-1.0,-1.0,0.0,0.0
538004028,RIO GRANDE,4,0.0816326530612244,1.0412067357636217e-57,2.78533797875168e-58,94,93,4.0,0.08163265306122448,1.0412067357636217e-57,2.876133928234868e-58,93.0,92.0,3.0,1.0,0.0,9.079594948318783e-60,-1.0,-1.0,0.0,8.326672684688674e-17
308516000,DISNEY MAGIC,2,0.0408163265306122,6.482404692547255e-59,3.241202346273628e-59,95,95,,,,,,,,,,,,,,
538005035,ROWAN RELENTLESS,13,0.2653061224489796,2.4385853324006467e-63,4.155684380351261e-64,96,96,12.0,0.24489795918367346,2.440693373547589e-63,4.50455223027257e-64,94.0,94.0,9.0,2.0,2.108041146942389e-66,3.4886784992130885e-65,-2.0,-2.0,-1.0,-0.020408163265306145
367474360,OCEAN PROJECT,13,0.2653061224489796,3.665684823565777e-64,2.8197581438266346e-65,97,98,13.0,0.2653061224489796,3.665684823565777e-64,2.819758195047258e-65,95.0,96.0,11.0,2.0,0.0,5.1220623168777243e-73,-2.0,-2.0,0.0,0.0
538010349,FEDERAL KIBUNE,1,0.0204081632653061,1.6741225473138174e-64,1.6741225473138174e-64,98,97,1.0,0.02040816326530612,1.6741225473138174e-64,1.6741225473138174e-64,96.0,95.0,0.0,1.0,0.0,0.0,-2.0,-2.0,0.0,2.0816681711721685e-17
338297000,SEACOR CHIEF,6,0.1224489795918367,5.697484285205107e-65,9.506016787032965e-66,99,99,6.0,0.12244897959183673,1.0112581461182567e-64,1.6865811841356504e-65,97.0,97.0,5.0,1.0,4.41509717597746e-65,7.359795054323539e-66,-2.0,-2.0,0.0,2.7755575615628914e-17
538008511,TEAM BRAVO,7,0.1428571428571428,1.7847271846412953e-66,2.5560955369907075e-67,100,100,7.0,0.14285714285714285,1.7262598912640856e-66,2.4725971416695102e-67,98.0,98.0,7.0,0.0,-5.84672933772097e-68,-8.349839532119728e-69,-2.0,-2.0,0.0,5.551115123125783e-17
538003882,DUBAI ANGEL,6,0.1224489795918367,1.9424006660640316e-69,5.363810712402854e-70,101,101,6.0,0.12244897959183673,2.501641483560603e-69,7.190163838761214e-70,99.0,99.0,6.0,0.0,5.592408174965714e-70,1.8263531263583595e-70,-2.0,-2.0,0.0,2.7755575615628914e-17
941202904,,2,0.0408163265306122,7.455735431364588e-73,4.542609042912224e-73,102,102,2.0,0.04081632653061224,7.373674073399653e-73,4.50312103315171e-73,100.0,100.0,2.0,0.0,-8.206135796493551e-75,-3.9488009760513866e-75,-2.0,-2.0,0.0,4.163336342344337e-17
311062000,HELIX PRODUCER I,40,0.8163265306122449,8.408236157831501e-75,2.6067184764280138e-76,103,105,38.0,0.7755102040816326,8.402857248045137e-75,2.742535596640963e-76,101.0,103.0,36.0,2.0,-5.378909786364436e-78,1.3581712021294914e-77,-2.0,-2.0,-2.0,-0.04081632653061229
240975000,KIMOLOS,2,0.0408163265306122,7.984822189400317e-75,3.9924113071784393e-75,104,103,1.0,0.02040816326530612,6.977498297653131e-75,6.977498297653131e-75,102.0,101.0,1.0,0.0,-1.0073238917471864e-75,2.9850869904746915e-75,-2.0,-2.0,-1.0,-0.02040816326530608
353984000,ESTEEM ENERGY,6,0.1224489795918367,1.9788318025049742e-75,3.6875755823961064e-76,105,104,6.0,0.12244897959183673,2.219659717519229e-75,4.1257256865418916e-76,103.0,102.0,6.0,0.0,2.4082791501425472e-76,4.381501041457852e-77,-2.0,-2.0,0.0,2.7755575615628914e-17
311000246,CREOLE SPIRIT,3,0.0612244897959183,4.399228023493142e-76,1.466517931816166e-76,106,106,2.0,0.04081632653061224,2.9173352722969647e-76,1.4588563937062477e-76,104.0,104.0,2.0,0.0,-1.4818927511961772e-76,-7.661538109918277e-79,-2.0,-2.0,-1.0,-0.020408163265306055
368615000,NICKI CANDIES,10,0.2040816326530612,3.179162190318295e-76,3.179162190318295e-77,107,108,10.0,0.20408163265306123,2.4818749504551018e-76,2.4818749504551018e-77,105.0,106.0,10.0,0.0,-6.972872398631932e-77,-6.9728723986319305e-78,-2.0,-2.0,0.0,2.7755575615628914e-17
367580190,FAST DELIVERER,2,0.0408163265306122,2.0802226364898486e-76,1.0401113182449243e-76,108,107,2.0,0.04081632653061224,2.0802226364898486e-76,1.0401113182449243e-76,106.0,105.0,1.0,1.0,0.0,0.0,-2.0,-2.0,0.0,4.163336342344337e-17
538005126,DEEPWATER POSEIDON,23,0.4693877551020408,1.6811680880218176e-76,1.7525621295190417e-77,109,109,19.0,0.3877551020408163,1.6790758314550964e-76,2.109917669984009e-77,107.0,107.0,18.0,1.0,-2.092256566721183e-79,3.5735554046496747e-78,-2.0,-2.0,-4.0,-0.08163265306122447
367730190,BIG P,7,0.1428571428571428,5.4316633766688236e-77,7.765046164101827e-78,110,110,5.0,0.10204081632653061,1.493401822661439e-80,2.987862342679779e-81,111.0,111.0,5.0,0.0,-5.430169974846162e-77,-7.762058301759148e-78,1.0,1.0,-2.0,-0.04081632653061218
368051000,FAST MAMMOTH,5,0.1020408163265306,2.975612872638333e-77,5.952888577682014e-78,111,111,4.0,0.08163265306122448,9.261739777710538e-78,2.31781072255783e-78,108.0,108.0,3.0,1.0,-2.0494388948672792e-77,-3.6350778551241845e-78,-3.0,-3.0,-1.0,-0.020408163265306117
229202000,DENSA HAWK,4,0.0816326530612244,6.964509233642837e-79,1.7411273084107092e-79,112,112,4.0,0.08163265306122448,1.2778601620276317e-78,3.1946504050690793e-79,109.0,109.0,4.0,0.0,5.81409238663348e-79,1.45352309665837e-79,-3.0,-3.0,0.0,8.326672684688674e-17
303520000,SULPHUR ENTERPRISE,6,0.1224489795918367,3.1872435532288347e-80,6.339705412821023e-81,113,113,6.0,0.12244897959183673,3.3730649757059347e-80,6.601825696214502e-81,110.0,110.0,6.0,0.0,1.858214224771e-81,2.6212028339347893e-82,-3.0,-3.0,0.0,2.7755575615628914e-17
374788000,PRELUDE,9,0.1836734693877551,1.6046248168119946e-82,1.7921143828428336e-83,114,114,7.0,0.14285714285714285,1.5388666031533887e-82,2.2098494874847117e-83,112.0,112.0,5.0,1.0,-6.575821365860583e-84,4.177351046418781e-84,-2.0,-2.0,-2.0,-0.04081632653061226
352978139,GRAND WINNER 3,2,0.0408163265306122,1.900871529467546e-84,9.504357647350964e-85,115,115,1.0,0.02040816326530612,6.444758006333495e-85,6.444758006333495e-85,113.0,113.0,1.0,0.0,-1.2563957288341966e-84,-3.059599641017469e-85,-2.0,-2.0,-1.0,-0.02040816326530608
366014000,ODYSSEA KNIGHT,9,0.1836734693877551,5.1547570281487065e-86,9.72468816311946e-87,116,116,8.0,0.16326530612244897,5.216704399773879e-86,1.0822442858822542e-86,114.0,114.0,8.0,0.0,6.194737162517241e-88,1.0977546957030814e-87,-2.0,-2.0,-1.0,-0.020408163265306145
538009307,MAYAN,3,0.0612244897959183,1.547080916351251e-88,6.011031261356792e-89,117,117,1.0,0.02040816326530612,8.358577006289529e-94,8.358577006289529e-94,122.0,122.0,1.0,0.0,-1.5470725577742447e-88,-6.010947675586729e-89,5.0,5.0,-2.0,-0.04081632653061218
367539380,GENESIS SPAR,2,0.0408163265306122,8.77173495774768e-89,4.966465452950624e-89,118,118,1.0,0.02040816326530612,8.77173495774768e-89,8.77173495774768e-89,115.0,115.0,0.0,1.0,0.0,3.805269504797056e-89,-3.0,-3.0,-1.0,-0.02040816326530608
354791000,VICTORY-G,12,0.2448979591836734,3.854367833364393e-89,3.211973559664339e-90,119,119,11.0,0.22448979591836735,1.6080377203509106e-89,1.4618529979262846e-90,116.0,117.0,8.0,2.0,-2.2463301130134826e-89,-1.7501205617380545e-90,-3.0,-2.0,-1.0,-0.020408163265306062
538008599,OVERSEAS SUN COAST,9,0.1836734693877551,1.5864817753619996e-89,1.8392492940257283e-90,120,120,9.0,0.1836734693877551,1.5973516836900573e-89,1.8560549517985666e-90,117.0,116.0,9.0,0.0,1.0869908328057662e-91,1.680565777283833e-92,-3.0,-4.0,0.0,0.0
367391920,HARVEY JAGUAR,2,0.0408163265306122,2.9420870959050923e-90,1.4710435479525462e-90,121,121,2.0,0.04081632653061224,2.7165201659836026e-90,1.3582600829918013e-90,118.0,118.0,2.0,0.0,-2.2556692992148967e-91,-1.1278346496074483e-91,-3.0,-3.0,0.0,4.163336342344337e-17
310817000,GASLOG WELLINGTON,1,0.0204081632653061,9.88498634302934e-91,9.88498634302934e-91,122,122,1.0,0.02040816326530612,6.428426778066134e-91,6.428426778066134e-91,119.0,119.0,1.0,0.0,-3.4565595649632064e-91,-3.4565595649632064e-91,-3.0,-3.0,0.0,2.0816681711721685e-17
636019868,CMA CGM BERLIOZ,6,0.1224489795918367,2.304256917226918e-92,3.857304123160258e-93,123,123,6.0,0.12244897959183673,7.931700392684269e-93,1.3391661088794986e-93,120.0,120.0,6.0,0.0,-1.5110868779584911e-92,-2.5181380142807592e-93,-3.0,-3.0,0.0,2.7755575615628914e-17
367544280,JACK & ST MALO FPU,7,0.1428571428571428,4.826144190234004e-93,8.43601580187234e-94,124,124,6.0,0.12244897959183673,4.819023764632356e-93,9.83210881071353e-94,121.0,121.0,5.0,1.0,-7.12042560164829e-96,1.3960930088411899e-94,-3.0,-3.0,-1.0,-0.020408163265306062
538004609,DEEPWATER ASGARD,45,0.9183673469387756,1.3623466187743652e-97,4.021237508603116e-99,125,126,43.0,0.8775510204081632,1.3637402465906375e-97,4.2093718275838895e-99,123.0,124.0,42.0,1.0,1.3936278162722413e-100,1.8813431898077317e-100,-2.0,-2.0,-2.0,-0.0408163265306124
367537970,HARVEY STEELER,3,0.0612244897959183,9.880710485352464e-98,3.293570161784154e-98,126,125,3.0,0.061224489795918366,1.0470427584107456e-97,3.4901425280358183e-98,124.0,123.0,2.0,1.0,5.897170987549915e-99,1.9657236625166426e-99,-2.0,-2.0,0.0,6.938893903907228e-17
369240000,PEYTON CANDIES,49,1.0,9.27480730789857e-98,2.5336560454689387e-99,127,127,46.0,0.9387755102040817,9.264818748802274e-98,2.6965817256412144e-99,125.0,125.0,46.0,0.0,-9.988559096296116e-101,1.629256801722757e-100,-2.0,-2.0,-3.0,-0.061224489795918324
538009901,WEST VELA,5,0.1020408163265306,4.038850323968854e-99,8.077700647937707e-100,128,128,5.0,0.10204081632653061,3.1149521217645496e-99,6.2299042435291e-100,126.0,126.0,5.0,0.0,-9.238982022043042e-100,-1.8477964044086077e-100,-2.0,-2.0,0.0,1.3877787807814457e-17
538009588,VENTURE OCEAN,7,0.1428571428571428,3.335505557052022e-106,4.7650079387676887e-107,129,129,5.0,0.10204081632653061,8.044424959514265e-117,1.733979966461448e-117,135.0,135.0,5.0,0.0,-3.3355055569715776e-106,-4.765007938594291e-107,6.0,6.0,-2.0,-0.04081632653061218
367710550,MS NANCY,6,0.1224489795918367,2.3224678984391717e-106,4.3358992868356073e-107,130,130,5.0,0.10204081632653061,2.612666608363007e-107,5.566317113698311e-108,128.0,128.0,4.0,1.0,-2.061201237602871e-106,-3.7792675754657764e-107,-2.0,-2.0,-1.0,-0.02040816326530609
369139000,HOS BRIMSTONE,19,0.3877551020408163,9.039223506998475e-107,4.757489765074682e-108,131,131,15.0,0.30612244897959184,9.039223506998475e-107,6.0261536929133336e-108,127.0,127.0,14.0,0.0,0.0,1.2686639278386518e-108,-4.0,-4.0,-4.0,-0.08163265306122447
538007655,STAR DALMATIA,7,0.1428571428571428,1.4722384563604029e-109,2.9125415890363394e-110,132,132,5.0,0.10204081632653061,9.197651666585453e-110,1.839530371144726e-110,129.0,129.0,5.0,0.0,-5.524732897018575e-110,-1.0730112178916132e-110,-3.0,-3.0,-2.0,-0.04081632653061218
367325730,MS WENDY,4,0.0816326530612244,2.7601275918153024e-110,1.3845383999447065e-110,133,133,3.0,0.061224489795918366,3.1118397208741486e-110,1.3055175520706504e-110,130.0,130.0,2.0,1.0,3.5171212905884626e-111,-7.902084787405614e-112,-3.0,-3.0,-1.0,-0.020408163265306034
371765000,WEST NEPTUNE,49,1.0,6.670635417419271e-113,1.5443283952505044e-114,134,136,48.0,0.9795918367346939,6.67063541741927e-113,1.57650190348489e-114,131.0,132.0,48.0,0.0,-1.154122327223217e-128,3.217350823438562e-116,-3.0,-4.0,-1.0,-0.020408163265306145
367067370,CHRISTIAN CHOUEST,42,0.8571428571428571,4.9763526316346245e-113,1.3346759404388202e-114,135,137,38.0,0.7755102040816326,5.0011503206789837e-113,1.4817315469956934e-114,132.0,133.0,35.0,3.0,2.479768904435916e-115,1.470556065568732e-115,-3.0,-4.0,-4.0,-0.08163265306122447
311000222,EMERALD SPIRIT,6,0.1224489795918367,3.362409744154197e-113,5.604121926266229e-114,136,134,6.0,0.12244897959183673,3.952600397095549e-113,6.587775550980413e-114,133.0,131.0,6.0,0.0,5.90190652941352e-114,9.836536247141842e-115,-3.0,-3.0,0.0,2.7755575615628914e-17
311000467,LUZON SPIRIT,1,0.0204081632653061,5.599948035283213e-114,5.599948035283213e-114,137,135,,,,,,,,,,,,,,
235076282,PARAMOUNT HALIFAX,7,0.1428571428571428,7.938159539508613e-116,1.1353226391368004e-116,138,138,6.0,0.12244897959183673,7.939246621830237e-116,1.324410186865254e-116,134.0,134.0,6.0,0.0,1.0870823216239598e-119,1.8908754772845354e-117,-4.0,-4.0,-1.0,-0.020408163265306062
244848000,DONAUGRACHT,4,0.0816326530612244,2.054001883910742e-118,5.135064019659212e-119,139,139,1.0,0.02040816326530612,1.6240242525545913e-122,1.6240242525545913e-122,140.0,138.0,1.0,0.0,-2.0538394814854865e-118,-5.133439995406657e-119,1.0,-1.0,-3.0,-0.06122448979591828
563073700,MAERSK MEMPHIS,6,0.1224489795918367,3.543368506054442e-121,1.0742302716332212e-121,140,140,6.0,0.12244897959183673,5.284796763805755e-121,1.3587617646050918e-121,136.0,136.0,5.0,0.0,1.7414282577513134e-121,2.8453149297187066e-122,-4.0,-4.0,0.0,2.7755575615628914e-17
374113000,MEIYU,7,0.1428571428571428,2.6461089712218708e-121,3.8438462992325816e-122,141,141,7.0,0.14285714285714285,2.868708977313851e-121,4.169990528380966e-122,137.0,137.0,7.0,0.0,2.2260000609198043e-122,3.261442291483846e-123,-4.0,-4.0,0.0,5.551115123125783e-17
367445000,PATI R MORAN,5,0.1020408163265306,4.7639327787886387e-122,9.547746623820802e-123,142,142,5.0,0.10204081632653061,4.844336672563263e-122,9.708224099693268e-123,138.0,139.0,5.0,0.0,8.04038937746241e-124,1.6047747587246606e-124,-4.0,-3.0,0.0,1.3877787807814457e-17
257040610,OLYMPIC ARTEMIS,42,0.8571428571428571,3.516537406096293e-122,8.388013004935428e-124,143,143,39.0,0.7959183673469388,3.516537406096293e-122,9.034313981455796e-124,139.0,140.0,36.0,3.0,0.0,6.463009765203684e-125,-4.0,-3.0,-3.0,-0.061224489795918324
413349820,QIAN KUN,2,0.0408163265306122,3.503336943202223e-129,1.7516684716011116e-129,144,144,2.0,0.04081632653061224,3.7954930949150814e-129,1.8977465474575407e-129,141.0,141.0,2.0,0.0,2.9215615171285814e-130,1.4607807585642907e-130,-3.0,-3.0,0.0,4.163336342344337e-17
538090538,DIONI.GR,7,0.1428571428571428,6.489320921526935e-133,9.286244488301685e-134,145,145,7.0,0.14285714285714285,6.5299790045732785e-133,9.345694967515893e-134,142.0,142.0,7.0,0.0,4.0658083046343424e-135,5.94504792142081e-136,-3.0,-3.0,0.0,5.551115123125783e-17
235095836,VECTIS ISLE,8,0.1632653061224489,1.3090366042651241e-134,1.6670843070425878e-135,146,146,8.0,0.16326530612244897,1.3214440077982467e-134,1.690439248105226e-135,143.0,143.0,8.0,0.0,1.2407403533122562e-136,2.3354941062638254e-137,-3.0,-3.0,0.0,5.551115123125783e-17
538005262,ASTURCON,7,0.1428571428571428,5.679975766735519e-135,8.400328526207865e-136,147,147,6.0,0.12244897959183673,6.020880277304869e-135,1.0361674820201222e-135,144.0,144.0,6.0,0.0,3.409045105693496e-136,1.961346293993357e-136,-3.0,-3.0,-1.0,-0.020408163265306062
374026000,CHEMICAL HUNTER,8,0.1632653061224489,4.308468012301311e-135,5.39050407829914e-136,148,148,6.0,0.12244897959183673,4.6090693809430956e-135,7.689002191460362e-136,145.0,145.0,6.0,0.0,3.0060136864178474e-136,2.2984981131612212e-136,-3.0,-3.0,-2.0,-0.04081632653061218
338628000,ODYSSEA BARON,23,0.4693877551020408,3.7688012268723616e-143,4.443281653422208e-144,149,149,22.0,0.4489795918367347,4.1001030076832177e-143,4.798811524648948e-144,146.0,146.0,21.0,1.0,3.3130178081085605e-144,3.555298712267402e-145,-3.0,-3.0,-1.0,-0.02040816326530609
366484000,JEAN PIERRE LAB,1,0.0204081632653061,1.5301167446365704e-146,1.5301167446365704e-146,150,150,1.0,0.02040816326530612,3.0389007324082654e-146,3.0389007324082654e-146,147.0,147.0,1.0,0.0,1.508783987771695e-146,1.508783987771695e-146,-3.0,-3.0,0.0,2.0816681711721685e-17
367525280,MORNING STAR,3,0.0612244897959183,1.154168977740941e-164,3.847229925803163e-165,151,151,2.0,0.04081632653061224,1.5846353162381417e-164,7.923176581190739e-165,148.0,148.0,2.0,0.0,4.3046633849720064e-165,4.0759466553875765e-165,-3.0,-3.0,-1.0,-0.020408163265306055
366987890,CAPT RUDY,2,0.0408163265306122,3.491832477194143e-177,1.7459162388024774e-177,152,152,2.0,0.04081632653061224,3.690327057176452e-177,1.8451635287208184e-177,149.0,149.0,2.0,0.0,1.9849457998230898e-178,9.924728991834105e-179,-3.0,-3.0,0.0,4.163336342344337e-17
564538000,VIYADA NAREE,1,0.0204081632653061,1.117588042429321e-177,1.117588042429321e-177,153,153,1.0,0.02040816326530612,4.497234412667509e-178,4.497234412667509e-178,150.0,150.0,1.0,0.0,-6.6786460116257e-178,-6.6786460116257e-178,-3.0,-3.0,0.0,2.0816681711721685e-17
563058600,TAURUS,1,0.0204081632653061,7.803739143093437e-223,7.803739143093437e-223,154,154,1.0,0.02040816326530612,7.943332039369796e-224,7.943332039369796e-224,151.0,151.0,1.0,0.0,-7.009405939156458e-223,-7.009405939156458e-223,-3.0,-3.0,0.0,2.0816681711721685e-17
367687040,TENNER C,1,0.0204081632653061,3.860013798408537e-252,3.860013798408537e-252,155,155,1.0,0.02040816326530612,3.6022731742780684e-252,3.6022731742780684e-252,152.0,152.0,1.0,0.0,-2.577406241304685e-253,-2.577406241304685e-253,-3.0,-3.0,0.0,2.0816681711721685e-17
