MMSI,VesselName,release_age_bin,matched_hours_in_bin,peak_density_score,mean_density_score,peak_age_hours,peak_min_distance_km,peak_method,rank_in_age_bin
368166560,ARGOS PLATFORM,0-6h,7,0.25938908847825864,0.15563555563775652,0.0,5.243091182955413,interp,1
538005314,OCEAN BLACKHORNET,0-6h,6,0.19001288136824396,0.12765396471118814,1.0,5.606789969256007,interp,2
367507790,HARVEY SUPPORTER,0-6h,7,0.11285429475003303,0.07671676211135224,0.0,6.394160578019506,interp,3
538005361,OCEAN BLACKLION,0-6h,6,0.10663940349139063,0.08083182309661549,1.0,6.504524117570465,interp,4
368196410,C-CONSTRUCTOR,0-6h,7,0.0722613281501576,0.04759994429934806,0.0,7.53557223511992,interp,5
369494392,BP MAD DOG PLATFORM,0-6h,5,0.004574399451552359,0.0026654732172093146,1.0,13.082891902369534,interp,6
311012300,POLARCUS ALIMA,0-6h,5,0.001428812621307673,0.0003916258037104382,3.0,15.117691965958864,interp,7
367550980,BIG FOOT,0-6h,5,0.0010747253448753716,0.00041452858150485436,5.0,16.138693515286352,interp,8
367780870,SARAH BORDELON,0-6h,1,0.00048480964246276414,0.00048480964246276414,5.0,16.65296601239982,interp,9
368179260,MILLIE,0-6h,7,1.2578559259161205e-05,4.324441511993234e-06,0.0,21.865770626843002,interp,10
235053116,SEVEN OCEANS,0-6h,6,7.874390255692607e-06,3.0012005359742692e-06,0.0,22.18671435156285,interp,11
366048300,HOLSTEIN,0-6h,2,3.9769247169922935e-06,2.5120626313004304e-06,2.0,23.095260344175543,interp,12
367773540,LUCY,0-6h,7,3.7437063844081938e-06,1.143300068160369e-06,0.0,23.025132992038515,interp,13
366050100,TLP SHENZI,0-6h,6,2.2180355508834704e-10,8.984730917407247e-11,0.0,30.947664743928176,interp,14
367127480,TAHITI SPAR,0-6h,7,7.711352351245136e-11,2.5304878002000098e-11,0.0,31.91643606827566,interp,15
366908680,MARCO POLO TLP,0-6h,2,1.0346790817332061e-11,5.320879427472749e-12,2.0,33.495829511302254,interp,16
538009623,WEST AURIGA,0-6h,3,1.3140989654359417e-12,8.194152193929537e-13,1.0,34.578935570168866,edge_nearest,17
538004610,DEEPWATER INVICTUS,0-6h,6,2.9332434194686505e-13,8.303399405104689e-14,1.0,35.90179751080336,interp,18
369494390,BP ATLANTIS PLATFORM,0-6h,1,2.4595943399295744e-13,2.4595943399295744e-13,0.0,35.73484768339578,edge_nearest,19
369550000,Q4000,0-6h,1,2.28631538265083e-13,2.28631538265083e-13,5.0,36.07345272420947,interp,20
369224000,HARVEY PROVIDER,0-6h,1,1.7677142620260257e-13,1.7677142620260257e-13,5.0,36.24907585134126,edge_nearest,21
577358000,ISLAND VENTURE,0-6h,7,1.4610453049979815e-13,6.630391574382639e-14,0.0,36.09522002046666,interp,22
367666910,CAJUN IV,0-6h,6,3.149841045792046e-16,5.255248873443667e-17,2.0,40.38871685913398,interp,23
366054900,STAMPEDE TLP,0-6h,7,1.500349814973285e-17,3.397880587465458e-18,0.0,42.78498657028975,interp,24
369533000,LIGHTNING,0-6h,5,2.198276176381539e-20,4.396552352780503e-21,4.0,45.64371280129098,interp,25
636016002,PACIFIC SHARAV,0-6h,5,6.002582437990672e-24,1.89145084232667e-24,0.0,50.196091379894874,interp,26
368508000,GENIE LAB,0-6h,5,4.723163466955086e-24,1.4601385808971007e-24,0.0,50.314929224931376,interp,27
338125915,CONSTITUTION SPAR,0-6h,7,1.390636836368452e-25,5.46122848377435e-26,0.0,51.723445548999806,interp,28
11,CONSTITUTION,0-6h,3,4.732515583005803e-26,3.6322597025146827e-26,3.0,52.23258345524773,interp,29
3660489,NEPTUNE TLP,0-6h,7,2.2875562467987742e-26,7.041088350943174e-27,0.0,52.489845450067726,interp,30
303260000,GINNY LAB,0-6h,4,1.8819686026235157e-26,9.087731540360438e-27,0.0,52.58556360050547,interp,31
368042000,ODYSSEA SPIRIT,0-6h,2,2.199734153881911e-27,1.3566010030816869e-27,3.0,53.5788840725053,interp,32
369286000,HARVEY EXPLORER,0-6h,4,5.5200446534389565e-36,1.3800111633597391e-36,6.0,62.31915957122443,interp,33
368087000,C-CARRIER,0-6h,5,1.7697280734022044e-40,4.2840944860759485e-41,4.0,66.6066662337488,interp,34
367486440,FAST GOLIATH,0-6h,2,6.485137232427655e-44,3.2425686162138273e-44,3.0,69.22379454457324,interp,35
477166800,UNI SUNSHINE,0-6h,4,5.019716795816164e-44,1.254929198954041e-44,1.0,69.15690126210457,edge_nearest,36
367556730,HARVEY COLT,0-6h,6,4.065387196946127e-45,8.016898982312949e-46,0.0,70.24030403653772,interp,37
369108000,CADE CANDIES,0-6h,6,3.686828163185413e-47,7.550966076444313e-48,0.0,71.86081606649492,interp,38
538005579,DEEPWATER CONQUEROR,0-6h,5,7.408572398079666e-48,4.640783888088666e-48,6.0,72.22901058634281,interp,39
538005123,DEEPWATER THALASSA,0-6h,5,7.482510065173566e-52,1.6099264837230604e-52,4.0,75.73609713912666,interp,40
367785160,BRUTUS TLP,0-6h,7,7.083444747814721e-52,1.2499215813032082e-52,0.0,75.78574522723149,interp,41
538005124,DEEPWATER PROTEUS,0-6h,7,3.115048865638274e-53,5.455455057139418e-54,0.0,76.7807981333652,interp,42
367657110,PECAN ISLAND,0-6h,7,3.093346721183961e-54,5.218655365491232e-55,1.0,77.52054013934078,interp,43
368059520,DEER ISLAND,0-6h,3,2.3120078643630906e-54,1.3531975019827854e-54,1.0,77.61656492343775,interp,44
369045000,HARVEY STONE,0-6h,3,2.0782314440097373e-55,7.228854036157954e-56,5.0,78.36520622085334,edge_nearest,45
311062000,HELIX PRODUCER I,0-6h,7,8.402857248045137e-75,1.4888048168861437e-75,0.0,91.16413286775278,interp,46
374788000,PRELUDE,0-6h,5,1.5388666031533887e-82,3.0937892824785962e-83,3.0,96.29332704539411,interp,47
352978139,GRAND WINNER 3,0-6h,1,6.444758006333495e-85,6.444758006333495e-85,1.0,97.4894672009518,interp,48
538008599,OVERSEAS SUN COAST,0-6h,6,1.5973516836900573e-89,2.78408242769785e-90,5.0,99.97722661791717,interp,49
367391920,HARVEY JAGUAR,0-6h,2,2.7165201659836026e-90,1.3582600829918013e-90,1.0,100.41846269873001,interp,50
636019868,CMA CGM BERLIOZ,0-6h,2,7.931700392684269e-93,3.9658501963421344e-93,6.0,101.81673650322708,interp,51
538004609,DEEPWATER ASGARD,0-6h,7,1.3637402465906375e-97,2.5857569791286942e-98,0.0,104.51611862789295,interp,52
369240000,PEYTON CANDIES,0-6h,7,9.264818748802274e-98,1.7720394192332652e-98,0.0,104.60842766069803,interp,53
538005035,ROWAN RELENTLESS,0-6h,1,1.5234952052359056e-103,1.5234952052359056e-103,1.0,107.9877275440819,edge_nearest,54
367561140,HARVEY HAWK,0-6h,1,1.1525378835415917e-103,1.1525378835415917e-103,1.0,108.05212553236015,edge_nearest,55
369139000,HOS BRIMSTONE,0-6h,2,9.039223506998475e-107,4.519611753499253e-107,6.0,109.4460017915369,exact,56
367710550,MS NANCY,0-6h,5,2.612666608363007e-107,5.566317113698311e-108,1.0,109.84307351697429,interp,57
371765000,WEST NEPTUNE,0-6h,7,6.67063541741927e-113,1.0810298766747816e-113,0.0,112.7421270553153,interp,58
367067370,CHRISTIAN CHOUEST,0-6h,6,5.0011503206789837e-113,9.384299797634556e-114,0.0,112.80567507038893,interp,59
354791000,VICTORY-G,0-6h,2,4.2444044299319925e-120,2.1222110528609653e-120,6.0,116.19743930129546,interp,60
257040610,OLYMPIC ARTEMIS,0-6h,3,1.1160679075394312e-139,4.214212786725104e-140,6.0,125.54813940128372,interp,61
367501540,OSG ENDURANCE,6-12h,4,0.11267223224004223,0.045558668838505054,10.0,8.250311635641872,interp,1
367550980,BIG FOOT,6-12h,6,0.07853421783834365,0.0347632399018033,12.0,7.6473430115769885,interp,2
538005314,OCEAN BLACKHORNET,6-12h,6,0.03441216650948765,0.010650844799034984,7.0,10.741336123386354,interp,3
368166560,ARGOS PLATFORM,6-12h,6,0.027241287468059993,0.008805069307856144,7.0,11.409600725491531,interp,4
367507790,HARVEY SUPPORTER,6-12h,6,0.019373015046897583,0.007742910044226531,7.0,10.992096253725432,interp,5
538005361,OCEAN BLACKLION,6-12h,5,0.013758596527531563,0.005927062162044252,8.0,11.680635669673139,edge_nearest,6
368196410,C-CONSTRUCTOR,6-12h,6,0.010724875587573466,0.003878795142184791,7.0,12.009906954828695,interp,7
367655260,SHELIA BORDELON,6-12h,5,0.0021316900164764954,0.0014873135116257163,8.0,15.693834300053492,interp,8
235053116,SEVEN OCEANS,6-12h,4,0.0008173416851151669,0.00020454436809581132,11.0,17.26759356098117,edge_nearest,9
369494392,BP MAD DOG PLATFORM,6-12h,3,0.00013002063373670372,7.20896123578382e-05,8.0,18.493844576597688,interp,10
367684260,PELICAN ISLAND,6-12h,4,0.00011885312800173156,5.1473442462004284e-05,8.0,18.603019441370133,interp,11
369702000,COASTAL RELIANCE,6-12h,3,3.926010623850387e-05,1.3090380347567669e-05,11.0,20.13456347592819,interp,12
367602540,JOHN JACOB,6-12h,4,3.847453986720463e-07,9.638057006283383e-08,11.0,24.952657053826748,edge_nearest,13
368179260,MILLIE,6-12h,6,4.3838343082378803e-08,9.08349674826793e-09,7.0,27.60925575199498,interp,14
311012300,POLARCUS ALIMA,6-12h,6,8.460553069494266e-09,1.4100949840689007e-09,7.0,28.39858134361203,interp,15
366048300,HOLSTEIN,6-12h,3,6.339840285645354e-09,2.5170606456077903e-09,8.0,29.26856673149368,interp,16
367471840,FAST GIANT,6-12h,1,1.4871149789166936e-09,1.4871149789166936e-09,10.0,29.61614859006961,interp,17
369286000,HARVEY EXPLORER,6-12h,5,9.522230703357107e-10,3.8754893034475767e-10,9.0,30.80523794820206,interp,18
338147342,HEIDELBERG SPAR,6-12h,2,4.945073780912914e-10,3.023620995500796e-10,11.0,30.509049428922978,edge_nearest,19
563086300,BW PIONEER,6-12h,3,2.9000850375808583e-11,1.0860304237107824e-11,11.0,33.28536847958619,interp,20
368589000,OVERSEAS CASCADE,6-12h,5,4.736440338218553e-13,9.472880676437107e-14,12.0,35.29119303803393,interp,21
367127480,TAHITI SPAR,6-12h,6,3.116167447802662e-13,6.2718353336727e-14,7.0,35.956538559871284,interp,22
366050100,TLP SHENZI,6-12h,5,9.429735041049048e-14,2.4784582434786407e-14,8.0,36.61023757374496,interp,23
367780870,SARAH BORDELON,6-12h,5,5.99678605276853e-14,1.1993572711479348e-14,8.0,37.2851653726805,interp,24
369550000,Q4000,6-12h,6,1.998566102215224e-14,4.0487790211616376e-15,7.0,37.720013315777095,interp,25
538009623,WEST AURIGA,6-12h,5,7.210983998210596e-15,2.5232946904037137e-15,8.0,38.100183291784006,interp,26
369533000,LIGHTNING,6-12h,5,2.416945723968647e-15,9.347315505745432e-16,8.0,38.77360819364239,interp,27
366908680,MARCO POLO TLP,6-12h,4,2.1068356837854383e-15,6.233296467430995e-16,8.0,39.266864930731174,interp,28
577358000,ISLAND VENTURE,6-12h,6,1.424261362654121e-15,4.105429723591874e-16,7.0,39.11386487422935,interp,29
369224000,HARVEY PROVIDER,6-12h,4,4.1294844612654383e-16,1.1516779107353602e-16,9.0,40.20056864454524,interp,30
538004610,DEEPWATER INVICTUS,6-12h,5,2.0006219222783736e-17,4.729532957289972e-18,8.0,41.99076817505106,interp,31
367588580,ROLAND A FALGOUT,6-12h,4,2.2229823326493486e-20,5.5574558316233715e-21,11.0,46.02259330226696,interp,32
366054900,STAMPEDE TLP,6-12h,6,2.7201512971650426e-22,4.837283340336198e-23,7.0,48.55874930681356,interp,33
11,CONSTITUTION,6-12h,5,3.0067803844705952e-27,7.227446906299573e-28,7.0,53.53708278250433,edge_nearest,34
338125915,CONSTITUTION SPAR,6-12h,6,2.8853359175598336e-27,5.876538405413268e-28,7.0,53.556062604137345,interp,35
636016002,PACIFIC SHARAV,6-12h,6,1.704732968189964e-29,3.0220758173373187e-30,7.0,56.14734035265662,interp,36
3660489,NEPTUNE TLP,6-12h,6,2.9639444905306798e-30,6.02416317398273e-31,7.0,56.56371864252537,interp,37
368508000,GENIE LAB,6-12h,4,4.508546747070321e-31,1.1279388461203688e-31,8.0,57.82865558903504,exact,38
368042000,ODYSSEA SPIRIT,6-12h,2,2.9297195569828656e-31,1.4971539077395774e-31,12.0,57.62287915249248,interp,39
369045000,HARVEY STONE,6-12h,3,1.1940647105358269e-32,3.9802157017860987e-33,11.0,59.358326109994124,interp,40
303260000,GINNY LAB,6-12h,1,1.8815819841821532e-33,1.8815819841821532e-33,10.0,59.72423881017854,interp,41
366495000,OVERSEAS CHINOOK,6-12h,5,1.486706834846482e-35,2.9734140861354954e-36,12.0,62.089302518592454,interp,42
368059520,DEER ISLAND,6-12h,4,9.341022516210082e-40,2.438550696992761e-40,12.0,65.89101676991248,interp,43
538005123,DEEPWATER THALASSA,6-12h,4,8.40296463049252e-40,2.1918687150035207e-40,12.0,65.93140780797575,interp,44
368087000,C-CARRIER,6-12h,3,2.0369794363528894e-43,6.792858254459927e-44,7.0,69.05539590458412,interp,45
538005579,DEEPWATER CONQUEROR,6-12h,5,1.8932931395525387e-48,5.055059988491249e-49,8.0,72.71025173848734,interp,46
367634690,CAJUN II,6-12h,2,3.556263166266404e-49,1.778131583133202e-49,12.0,73.4532999520407,interp,47
366667000,JUAN C,6-12h,3,1.8299758695082594e-49,6.90666880816614e-50,10.0,73.49800461554038,edge_nearest,48
367556730,HARVEY COLT,6-12h,6,3.8309439661435976e-53,6.474102310124109e-54,7.0,76.41898209469603,interp,49
369108000,CADE CANDIES,6-12h,6,3.491810135761115e-55,5.897070174615377e-56,7.0,77.92799052506594,interp,50
303517000,JOSHUA CANDIES,6-12h,3,3.148587714706208e-57,1.0495292382354027e-57,12.0,79.44931342217792,interp,51
367785160,BRUTUS TLP,6-12h,6,6.347969104869352e-60,1.0691497738094046e-60,7.0,81.62298766365657,interp,52
538005124,DEEPWATER PROTEUS,6-12h,6,2.429751249833603e-61,4.090614641592838e-62,7.0,82.64707938598339,interp,53
367657110,PECAN ISLAND,6-12h,6,1.8404200046497737e-61,3.0978818495723237e-62,7.0,82.7302259567311,interp,54
636020125,ROSTRUM,6-12h,3,4.8920590410334184e-74,1.6306863470111395e-74,12.0,90.60694323055421,interp,55
367773540,LUCY,6-12h,2,1.0865252413642931e-74,5.432626206821466e-75,7.0,91.0934962393917,interp,56
367580190,FAST DELIVERER,6-12h,2,2.0802226364898486e-76,1.0401113182449243e-76,9.0,92.19308092728562,edge_nearest,57
311000246,CREOLE SPIRIT,6-12h,1,3.77515115530671e-80,3.77515115530671e-80,12.0,94.6524440306929,interp,58
311062000,HELIX PRODUCER I,6-12h,6,1.5305962102807043e-81,2.5817210884382534e-82,7.0,95.32202160124261,interp,59
538005035,ROWAN RELENTLESS,6-12h,2,5.47281994381585e-88,2.736757753871207e-88,10.0,99.34457714032301,edge_nearest,60
367561140,HARVEY HAWK,6-12h,1,3.6557224063792817e-88,3.6557224063792817e-88,10.0,99.4459356035227,interp,61
538005126,DEEPWATER POSEIDON,6-12h,2,3.206956393690316e-88,2.875607504101042e-88,11.0,99.39974469829914,interp,62
354791000,VICTORY-G,6-12h,5,1.6080377203509106e-89,3.216076595437826e-90,10.0,99.99815672334238,interp,63
338297000,SEACOR CHIEF,6-12h,3,7.001498618094917e-90,2.3338328726983058e-90,12.0,100.39184993800521,interp,64
636019868,CMA CGM BERLIOZ,6-12h,4,1.0329626059268952e-94,2.5824065148180603e-95,7.0,103.07474060848216,interp,65
538004609,DEEPWATER ASGARD,6-12h,6,4.6452834301581915e-107,7.849776841518626e-108,7.0,109.6008665110543,interp,66
369240000,PEYTON CANDIES,6-12h,6,3.2719509725628087e-107,5.527883868442744e-108,7.0,109.68071121974496,interp,67
538008599,OVERSEAS SUN COAST,6-12h,3,1.0228573794587054e-107,3.409524598195685e-108,7.0,110.04609756444171,interp,68
374788000,PRELUDE,6-12h,2,1.115742905332835e-108,5.578714527146814e-109,8.0,110.55197914745071,interp,69
538007655,STAR DALMATIA,6-12h,4,9.197651666585453e-110,2.2994129286415324e-110,12.0,111.15251376348874,interp,70
369139000,HOS BRIMSTONE,6-12h,3,6.907799231900586e-113,2.3441011326815295e-113,10.0,112.62270379167506,interp,71
371765000,WEST NEPTUNE,6-12h,6,3.992342218413543e-125,6.669446647674678e-126,7.0,118.802364805186,interp,72
367067370,CHRISTIAN CHOUEST,6-12h,6,2.895634543299158e-125,4.837390807690566e-126,7.0,118.86964668821037,interp,73
257040610,OLYMPIC ARTEMIS,6-12h,4,2.0298279735987565e-134,5.465426550690017e-135,12.0,123.1213841693577,interp,74
303520000,SULPHUR ENTERPRISE,6-12h,1,8.177284202832705e-143,8.177284202832705e-143,12.0,126.96378462130568,interp,75
311000222,EMERALD SPIRIT,6-12h,1,7.016262768174059e-149,7.016262768174059e-149,12.0,129.82446587680232,interp,76
367550980,BIG FOOT,12-24h,4,0.09034222494545467,0.07153821867572704,13.0,7.259669624414697,interp,1
367775000,MAERSK OHIO,12-24h,7,0.046635453554255114,0.0066622745794237565,19.0,10.508149685295201,interp,2
368589000,OVERSEAS CASCADE,12-24h,3,0.002054474181276211,0.000719337053294472,14.0,16.690649600688896,interp,3
367655260,SHELIA BORDELON,12-24h,2,0.0008104971265368253,0.00079522020792264,13.0,17.085933448924983,interp,4
538005361,OCEAN BLACKLION,12-24h,5,0.00048582597940406057,0.00018621978065625394,13.0,17.64857208932264,interp,5
367507790,HARVEY SUPPORTER,12-24h,11,0.00033402929419270493,7.007261489405283e-05,13.0,18.19913567717183,interp,6
368166560,ARGOS PLATFORM,12-24h,5,0.00013973760388535122,4.4204691473435895e-05,13.0,19.472527128391985,interp,7
235053116,SEVEN OCEANS,12-24h,1,0.00010514857420327991,0.00010514857420327991,13.0,19.92050555517946,interp,8
368196410,C-CONSTRUCTOR,12-24h,5,9.95127476118792e-05,6.208581393260957e-05,13.0,19.635501306722322,interp,9
538005314,OCEAN BLACKHORNET,12-24h,3,6.85255429620935e-05,3.0601157646116797e-05,13.0,20.15644273853034,interp,10
369494392,BP MAD DOG PLATFORM,12-24h,1,1.5553677952112288e-06,1.5553677952112288e-06,13.0,23.875476428270577,interp,11
367684260,PELICAN ISLAND,12-24h,2,6.554330626149023e-07,4.6061158058260933e-07,13.0,24.699975191020876,interp,12
369045000,HARVEY STONE,12-24h,1,5.142208278125257e-09,5.142208278125257e-09,13.0,28.811182050675093,interp,13
563086300,BW PIONEER,12-24h,1,4.517639766545168e-09,4.517639766545168e-09,14.0,29.244778517326043,interp,14
311012300,POLARCUS ALIMA,12-24h,3,3.393823758785943e-10,1.1316179155896592e-10,15.0,31.00962960654926,edge_nearest,15
338147342,HEIDELBERG SPAR,12-24h,11,1.9469579842567123e-11,2.148314612524275e-12,13.0,33.01829917097528,interp,16
366495000,OVERSEAS CHINOOK,12-24h,7,3.381978613649977e-12,6.355987999886707e-13,15.0,35.20246579270186,interp,17
368179260,MILLIE,12-24h,7,1.798026537899874e-13,2.862067452798207e-14,13.0,36.93543429728357,interp,18
366048300,HOLSTEIN,12-24h,1,1.2293828484237406e-13,1.2293828484237406e-13,13.0,37.19773830417377,edge_nearest,19
369286000,HARVEY EXPLORER,12-24h,3,7.730165234616442e-14,2.858979530641027e-14,13.0,37.49353953367602,interp,20
538009623,WEST AURIGA,12-24h,4,1.6097716301312315e-16,9.314929926552834e-17,13.0,40.5453300801648,interp,21
369494390,BP ATLANTIS PLATFORM,12-24h,1,8.523668653110145e-17,8.523668653110145e-17,15.0,40.94656914295156,edge_nearest,22
366050100,TLP SHENZI,12-24h,5,6.792230279926648e-17,2.069251187834115e-17,13.0,41.29242859345052,interp,23
369533000,LIGHTNING,12-24h,2,6.566142955313343e-17,5.583871442713253e-17,13.0,41.052272909662626,interp,24
577358000,ISLAND VENTURE,12-24h,9,2.53260409882116e-17,1.0658660356444801e-17,23.0,41.852384221153216,interp,25
367127480,TAHITI SPAR,12-24h,6,1.744223894981051e-19,3.074108505609782e-20,13.0,44.81784210743848,interp,26
366908680,MARCO POLO TLP,12-24h,3,1.40283418911979e-19,5.709467345169581e-20,13.0,45.008025097053356,interp,27
367780870,SARAH BORDELON,12-24h,1,1.013163620188668e-19,1.013163620188668e-19,13.0,45.374795994394795,interp,28
369550000,Q4000,12-24h,5,1.1068426406132399e-20,2.3368691555879477e-21,13.0,46.25754707809851,interp,29
369224000,HARVEY PROVIDER,12-24h,3,8.021130760068319e-21,2.824083359027381e-21,13.0,46.43028039086194,interp,30
538004610,DEEPWATER INVICTUS,12-24h,4,2.5095920218008947e-22,7.844996173278571e-23,14.0,48.300673119729076,edge_nearest,31
303517000,JOSHUA CANDIES,12-24h,2,1.7885283189016318e-23,8.94264159450819e-24,14.0,49.78593670893852,interp,32
367634690,CAJUN II,12-24h,2,1.4404707727190743e-27,7.265506204688595e-28,14.0,54.1892005136034,interp,33
366054900,STAMPEDE TLP,12-24h,3,4.8606896184017235e-31,1.669887935925718e-31,13.0,57.80779753796506,interp,34
368042000,ODYSSEA SPIRIT,12-24h,4,4.303935313433954e-31,2.201505328328946e-31,13.0,57.48124390883977,interp,35
11,CONSTITUTION,12-24h,2,4.9635900795650245e-34,2.55801595807859e-34,13.0,60.39215529687072,interp,36
338125915,CONSTITUTION SPAR,12-24h,7,4.622248921460421e-34,6.815748195677776e-35,13.0,60.42131735799606,interp,37
3660489,NEPTUNE TLP,12-24h,12,1.8716277658766983e-34,6.036712614574078e-35,13.0,60.697652935310636,interp,38
303260000,GINNY LAB,12-24h,3,6.267574294025858e-35,3.193746263635239e-35,13.0,61.1481275639762,interp,39
636016002,PACIFIC SHARAV,12-24h,5,1.5118561469728285e-38,3.367539239743877e-39,14.0,64.78393870670014,interp,40
368059520,DEER ISLAND,12-24h,1,1.3281762376567542e-38,1.3281762376567542e-38,13.0,64.87583401356044,interp,41
538005123,DEEPWATER THALASSA,12-24h,1,1.2084547167980588e-38,1.2084547167980588e-38,13.0,64.91245665053495,interp,42
636020125,ROSTRUM,12-24h,5,3.0257316642835686e-47,1.1660986080021536e-47,15.0,71.90132904723589,interp,43
366667000,JUAN C,12-24h,2,6.864827978939626e-53,3.4553723611893967e-53,13.0,76.15094707094204,interp,44
538005579,DEEPWATER CONQUEROR,12-24h,5,1.8571071185042135e-53,3.8422379500476365e-54,13.0,76.60515015900855,interp,45
368087000,C-CARRIER,12-24h,2,3.053183574489582e-54,1.5593320293749597e-54,13.0,77.24896298774149,interp,46
367416060,HARVEY RAIN,12-24h,3,1.7026921542434873e-57,5.675640514144958e-58,17.0,79.49324798098108,interp,47
538004028,RIO GRANDE,12-24h,4,1.0412067357636217e-57,2.876133928234868e-58,16.0,79.96904527058176,edge_nearest,48
338297000,SEACOR CHIEF,12-24h,3,1.0112581461182567e-64,3.3731623682713008e-65,15.0,84.60741968717062,interp,49
367556730,HARVEY COLT,12-24h,5,3.7498135304189956e-66,7.555008411755836e-67,13.0,85.52086986816838,interp,50
538008511,TEAM BRAVO,12-24h,5,1.7262598912640856e-66,3.461634322154232e-67,24.0,85.87242017831457,interp,51
369108000,CADE CANDIES,12-24h,2,3.1425668079674955e-68,1.5819028834784363e-68,13.0,86.89785082046687,interp,52
538003882,DUBAI ANGEL,12-24h,6,2.501641483560603e-69,7.190163838761214e-70,21.0,87.71122463475122,interp,53
367785160,BRUTUS TLP,12-24h,8,4.8442708372225075e-74,6.081694436658337e-75,13.0,90.87966944325532,interp,54
538005124,DEEPWATER PROTEUS,12-24h,7,1.2620020482555586e-75,1.81004159403372e-76,13.0,91.90806863066389,interp,55
367657110,PECAN ISLAND,12-24h,7,8.886588824316229e-76,1.2745843592919805e-76,13.0,92.00346716063999,interp,56
311000246,CREOLE SPIRIT,12-24h,1,2.9173352722969647e-76,2.9173352722969647e-76,13.0,92.32639294499685,interp,57
303520000,SULPHUR ENTERPRISE,12-24h,5,3.3730649757059347e-80,7.922190835457402e-81,16.0,94.45832248410457,interp,58
367730190,BIG P,12-24h,2,1.493401822661439e-80,7.467009113307195e-81,13.0,94.71927414624287,interp,59
538005035,ROWAN RELENTLESS,12-24h,1,1.7134015786896744e-82,1.7134015786896744e-82,14.0,96.10763495668057,interp,60
538005126,DEEPWATER POSEIDON,12-24h,3,1.0422053211067836e-88,4.417916995902396e-89,13.0,99.68354086883585,interp,61
311062000,HELIX PRODUCER I,12-24h,8,1.2716565412526265e-96,1.5919623143413158e-97,13.0,104.03896664553587,interp,62
353984000,ESTEEM ENERGY,12-24h,2,5.958371478513072e-102,2.979185739256536e-102,24.0,107.05842437933758,interp,63
354791000,VICTORY-G,12-24h,2,6.383521824943347e-112,3.1917609124716734e-112,13.0,112.10773206944201,exact,64
311000222,EMERALD SPIRIT,12-24h,5,3.952600397095549e-113,7.905330661176495e-114,14.0,112.63716277653836,interp,65
235076282,PARAMOUNT HALIFAX,12-24h,6,7.939246621830237e-116,1.324410186865254e-116,15.0,114.03485164634598,interp,66
538007655,STAR DALMATIA,12-24h,1,1.4115750107718853e-117,1.4115750107718853e-117,14.0,114.91340008491153,interp,67
538004609,DEEPWATER ASGARD,12-24h,6,8.427843526673065e-118,1.496521493258185e-118,13.0,115.11443930814823,interp,68
369139000,HOS BRIMSTONE,12-24h,3,6.469647880990246e-118,2.269897116606917e-118,13.0,115.17114885561863,interp,69
538009588,VENTURE OCEAN,12-24h,1,6.254748506550726e-118,6.254748506550726e-118,24.0,115.12431694739823,interp,70
369240000,PEYTON CANDIES,12-24h,10,5.736380375535583e-118,6.137873717978205e-119,13.0,115.19790173194902,interp,71
374113000,MEIYU,12-24h,6,2.868708977313851e-121,4.864988949777794e-122,21.0,116.99549887460738,interp,72
257040610,OLYMPIC ARTEMIS,12-24h,8,3.516537406096293e-122,4.4042280659569e-123,18.0,117.29435277577282,edge_nearest,73
563073700,MAERSK MEMPHIS,12-24h,3,1.2821229728655773e-127,4.2737432428852577e-128,24.0,120.01404508776551,interp,74
367474360,OCEAN PROJECT,12-24h,2,5.184885935962344e-132,2.592442967981172e-132,17.0,122.1114885764663,interp,75
368508000,GENIE LAB,12-24h,1,1.6337910653156727e-132,1.6337910653156727e-132,14.0,122.11247943720043,interp,76
367445000,PATI R MORAN,12-24h,1,1.421801362611582e-133,1.421801362611582e-133,24.0,122.81738199874158,interp,77
371765000,WEST NEPTUNE,12-24h,11,1.0886370559388679e-141,9.9369648819362e-143,13.0,126.56427149114343,interp,78
367067370,CHRISTIAN CHOUEST,12-24h,8,5.261013510968441e-142,6.602784140289494e-143,13.0,126.70736214828926,interp,79
338628000,ODYSSEA BARON,12-24h,3,2.333649626342929e-143,1.2275130385322912e-143,24.0,127.10982835396963,interp,80
366987890,CAPT RUDY,12-24h,2,3.690327057176452e-177,1.8451635287208184e-177,13.0,141.66060643245524,interp,81
367550980,BIG FOOT,24-36h,2,0.2810914904565684,0.16083461370955002,32.0,3.9850913759404865,edge_nearest,1
408919000,SEAPEAK BAHRAIN,24-36h,4,0.1294406899594153,0.03236018296328549,33.0,7.2744524648039235,interp,2
548704000,KERRY EXPRESS,24-36h,1,0.0026834500523631325,0.0026834500523631325,36.0,14.786612297393281,interp,3
241365000,MARAN GAS ACHILLES,24-36h,2,0.0007809777372333311,0.00039048886861666555,33.0,15.51569965605509,interp,4
368196410,C-CONSTRUCTOR,24-36h,6,6.128879585734145e-05,1.7582727084518697e-05,25.0,20.170809527572576,interp,5
538005361,OCEAN BLACKLION,24-36h,2,4.6354452995172586e-05,4.304710970636675e-05,25.0,20.495124648562545,interp,6
367507790,HARVEY SUPPORTER,24-36h,10,3.077255075054117e-05,7.969702065558193e-06,25.0,20.951695573980007,interp,7
368166560,ARGOS PLATFORM,24-36h,6,5.266708117436392e-06,2.3379504061820644e-06,25.0,22.911277287913776,interp,8
338147342,HEIDELBERG SPAR,24-36h,9,1.8418478265298926e-12,9.522273232106855e-13,31.0,35.105979021423664,interp,9
311000876,STAR FIRST,24-36h,2,4.199828131864834e-16,2.099914065932417e-16,32.0,40.1830832584155,edge_nearest,10
368179260,MILLIE,24-36h,8,9.134382865470528e-17,3.175002600091169e-17,27.0,41.46392868229685,interp,11
538009623,WEST AURIGA,24-36h,2,1.845214261943482e-17,9.234475012968559e-18,27.0,41.98665852378652,edge_nearest,12
577358000,ISLAND VENTURE,24-36h,11,1.2584930118779302e-17,1.7559900838355575e-18,25.0,42.234874653752165,interp,13
366050100,TLP SHENZI,24-36h,5,4.028481314145764e-18,8.577906413210739e-19,25.0,43.30988930697788,edge_nearest,14
367684260,PELICAN ISLAND,24-36h,1,9.632372880331008e-19,9.632372880331008e-19,29.0,43.642404276877464,edge_nearest,15
367127480,TAHITI SPAR,24-36h,7,3.7060089661146543e-23,9.815483210732336e-24,30.0,49.31668789774397,interp,16
538004610,DEEPWATER INVICTUS,24-36h,5,1.9307736676529414e-23,6.707250098459205e-24,25.0,49.802215842321694,interp,17
538005813,NAVE LUMINOSITY,24-36h,7,5.174243131583314e-28,1.3803256642022475e-28,36.0,54.16478977093093,edge_nearest,18
366908680,MARCO POLO TLP,24-36h,1,1.9497604489602167e-28,1.9497604489602167e-28,35.0,54.87170740940851,edge_nearest,19
3660489,NEPTUNE TLP,24-36h,11,4.71459361018026e-35,5.80199594624646e-36,25.0,61.36524190563477,interp,20
257432000,OSLO BULK 4,24-36h,3,8.128728256380626e-36,2.7095760854602086e-36,30.0,62.301889086117626,interp,21
338125915,CONSTITUTION SPAR,24-36h,3,2.6690620121437025e-37,1.112541566422267e-37,33.0,63.79824181148416,interp,22
368042000,ODYSSEA SPIRIT,24-36h,1,3.1816865852678354e-38,3.1816865852678354e-38,29.0,64.20130250551794,edge_nearest,23
303071000,GOL DIAMOND,24-36h,1,2.553530014245552e-38,2.553530014245552e-38,32.0,64.77446304800324,interp,24
311012300,POLARCUS ALIMA,24-36h,1,1.254197755451145e-39,1.254197755451145e-39,34.0,65.83253072312358,edge_nearest,25
636016002,PACIFIC SHARAV,24-36h,12,9.551789269934366e-41,1.4388232930555777e-41,25.0,66.44656937689803,interp,26
366054900,STAMPEDE TLP,24-36h,1,1.9203153894660718e-41,1.9203153894660718e-41,36.0,67.31825734709325,interp,27
538005579,DEEPWATER CONQUEROR,24-36h,8,2.1309352405855223e-52,9.846098300854053e-53,33.0,75.97002725383976,interp,28
367653160,FAST LEOPARD,24-36h,2,4.224541896837069e-59,2.1122709484185343e-59,33.0,80.68689299687611,interp,29
368087000,C-CARRIER,24-36h,1,5.45464046341922e-61,5.45464046341922e-61,29.0,81.88000752490905,interp,30
367474360,OCEAN PROJECT,24-36h,2,3.665684823565777e-64,1.8328428267807153e-64,31.0,84.37498574057211,edge_nearest,31
538010349,FEDERAL KIBUNE,24-36h,1,1.6741225473138174e-64,1.6741225473138174e-64,30.0,84.65722738578611,edge_nearest,32
338002000,TUCKER CANDIES,24-36h,2,5.748401013106e-67,2.874200506553e-67,27.0,85.99328111046277,interp,33
367634690,CAJUN II,24-36h,2,5.375561896486527e-67,2.6877809482432635e-67,25.0,86.3514795140735,edge_nearest,34
538008511,TEAM BRAVO,24-36h,2,8.380915411692459e-73,4.1904577058462295e-73,25.0,90.18043513778697,interp,35
353984000,ESTEEM ENERGY,24-36h,4,2.219659717519229e-75,6.188588529812837e-76,27.0,91.50724226394598,interp,36
367556730,HARVEY COLT,24-36h,7,5.346431470661215e-76,9.193101542391203e-77,29.0,92.23563725505045,interp,37
538005126,DEEPWATER POSEIDON,24-36h,3,4.3190432091656535e-77,1.44443762789966e-77,35.0,92.73690887172918,interp,38
367785160,BRUTUS TLP,24-36h,11,4.81034322212358e-81,1.3119438036685111e-81,27.0,95.23401989258696,interp,39
538005124,DEEPWATER PROTEUS,24-36h,12,9.838799617757563e-83,2.383373072292403e-83,27.0,96.23728602743041,edge_nearest,40
367657110,PECAN ISLAND,24-36h,9,6.635062491819773e-83,1.5803643135698859e-83,27.0,96.33884381451367,interp,41
338615000,C-RAMBLER,24-36h,3,1.653048847388618e-89,5.510162824628727e-90,36.0,99.82009934754569,edge_nearest,42
368051000,FAST MAMMOTH,24-36h,2,1.0345124824623157e-97,5.1725624123115786e-98,36.0,104.71673958380387,edge_nearest,43
311062000,HELIX PRODUCER I,24-36h,5,6.381310422328448e-106,1.5018058601502595e-106,26.0,109.06849675545631,interp,44
367325730,MS WENDY,24-36h,3,3.1118397208741486e-110,1.3055175520706504e-110,36.0,111.36594698601526,interp,45
538009588,VENTURE OCEAN,24-36h,4,8.044424959514265e-117,2.011106245413042e-117,25.0,114.83689991081192,interp,46
538004609,DEEPWATER ASGARD,24-36h,12,1.7188441647728e-120,1.6360818617648682e-121,25.0,116.48564010746496,interp,47
369240000,PEYTON CANDIES,24-36h,12,1.1472148350947161e-120,1.0914881460045756e-121,25.0,116.57228602006859,interp,48
563073700,MAERSK MEMPHIS,24-36h,3,5.284796763805755e-121,2.7175231018358593e-121,26.0,116.61723062164448,interp,49
367445000,PATI R MORAN,24-36h,4,4.844336672563263e-122,1.213528012458104e-122,26.0,117.3371122870102,interp,50
244848000,DONAUGRACHT,24-36h,1,1.6240242525545913e-122,1.6240242525545913e-122,26.0,117.30647228165886,interp,51
367357000,CLAIRE CANDIES,24-36h,1,9.461145055577376e-128,9.461145055577376e-128,25.0,119.95057994506578,interp,52
538090538,DIONI.GR,24-36h,4,1.1944119360964493e-135,2.986029840252189e-136,36.0,123.87444017574535,interp,53
257040610,OLYMPIC ARTEMIS,24-36h,12,5.437053570508882e-136,4.531230894284427e-137,25.0,123.89209103411336,interp,54
338628000,ODYSSEA BARON,24-36h,7,4.1001030076832177e-143,9.821208912329725e-144,25.0,126.9972832697467,interp,55
235095836,VECTIS ISLE,24-36h,4,5.121486068539152e-144,1.2803715171347904e-144,36.0,127.64068923695095,interp,56
371765000,WEST NEPTUNE,24-36h,12,4.9490940120504114e-148,5.870441321763888e-149,25.0,129.2138508131265,interp,57
367067370,CHRISTIAN CHOUEST,24-36h,6,1.2992417063562004e-148,2.4989278195200365e-149,26.0,129.46788735627746,interp,58
374026000,CHEMICAL HUNTER,24-36h,2,1.1420620837188937e-154,5.710310418594468e-155,36.0,132.32363073464774,interp,59
538005262,ASTURCON,24-36h,2,2.4561531542047753e-158,1.2280765771024234e-158,36.0,133.8887071227925,interp,60
368237180,GO ADVENTURER,24-36h,1,2.6890419748937555e-162,2.6890419748937555e-162,36.0,135.3869148279929,interp,61
354791000,VICTORY-G,24-36h,1,6.818472074176487e-191,6.818472074176487e-191,32.0,147.16189367396353,interp,62
374113000,MEIYU,24-36h,1,8.799409182480646e-193,8.799409182480646e-193,25.0,147.8840092597712,interp,63
563058600,TAURUS,24-36h,1,7.943332039369796e-224,7.943332039369796e-224,32.0,159.51931294111955,interp,64
368059520,DEER ISLAND,36-48h,8,0.5192773937832497,0.06720587055385123,47.0,2.531494549753406,interp,1
368589000,OVERSEAS CASCADE,36-48h,10,0.40147511196738317,0.08777283536654455,40.0,3.796352679086896,interp,2
367550980,BIG FOOT,36-48h,11,0.20420984868569445,0.10578851034693852,38.0,5.890308773304458,interp,3
367643110,DEEP RUNNER,36-48h,9,0.1058423353962709,0.012077889803051226,44.0,8.598129345255707,interp,4
367588580,ROLAND A FALGOUT,36-48h,7,0.03541253104432175,0.005059044590600481,42.0,10.814493614557348,interp,5
548704000,KERRY EXPRESS,36-48h,8,0.012088373890195068,0.0015110467452423184,37.0,12.541018192622463,interp,6
338189000,BREEZE,36-48h,9,0.005481982892356968,0.0006091094466542568,48.0,12.559806240487283,interp,7
338302000,MAGNOLIA STATE,36-48h,11,0.002337881480242093,0.0002165887673905649,42.0,15.14272389205951,interp,8
563086300,BW PIONEER,36-48h,7,0.0008622636133883038,0.00048626303984386916,43.0,16.117638930522773,interp,9
367655260,SHELIA BORDELON,36-48h,11,0.0006687075425954741,7.57374809438731e-05,48.0,17.420401589284303,interp,10
311012300,POLARCUS ALIMA,36-48h,11,0.0004560537516888797,8.565068466745722e-05,43.0,16.95179438408428,interp,11
367353110,PELICAN STATE,36-48h,8,5.6133310778574444e-05,7.5024491395747415e-06,42.0,20.455234131982966,interp,12
369045000,HARVEY STONE,36-48h,10,1.0980217038527702e-05,1.1240464437069305e-06,46.0,21.715717450460193,interp,13
338002000,TUCKER CANDIES,36-48h,11,6.250509656265465e-08,6.9518727633874185e-09,48.0,26.49036879033429,interp,14
367602540,JOHN JACOB,36-48h,5,4.018299584313956e-08,8.036765012148984e-09,43.0,26.80296928492096,interp,15
368196410,C-CONSTRUCTOR,36-48h,12,3.710887416273923e-08,6.128287537573381e-09,48.0,26.942526273622473,interp,16
538005361,OCEAN BLACKLION,36-48h,12,2.9657356302366575e-08,4.976018287928707e-09,48.0,27.135733447015525,interp,17
338615000,C-RAMBLER,36-48h,11,2.5801937648072414e-08,3.7065493859206266e-09,48.0,27.258630724350986,interp,18
235053116,SEVEN OCEANS,36-48h,8,4.559107874982174e-09,8.366402757574044e-10,48.0,28.766460223967737,interp,19
368166560,ARGOS PLATFORM,36-48h,12,3.0361592259572954e-09,5.252696692575473e-10,48.0,29.110296772050877,interp,20
367507790,HARVEY SUPPORTER,36-48h,7,2.279052024617489e-09,3.2557949432201956e-10,37.0,29.52453157562418,interp,21
538005314,OCEAN BLACKHORNET,36-48h,9,1.9682576385560824e-09,4.735229738539689e-10,48.0,30.29939497249204,interp,22
369533000,LIGHTNING,36-48h,7,4.13292903187675e-10,7.22515025015174e-11,39.0,31.36522189605646,interp,23
367684260,PELICAN ISLAND,36-48h,9,8.117172664798274e-12,1.280347545718218e-12,48.0,33.53684327655054,interp,24
369494392,BP MAD DOG PLATFORM,36-48h,8,3.0331325047564414e-12,6.777620137818748e-13,47.0,34.266469790665624,interp,25
338147342,HEIDELBERG SPAR,36-48h,12,1.8572973608333472e-13,2.931263430618162e-14,37.0,36.71743072247618,interp,26
367693810,DAUPHIN ISLAND,36-48h,6,5.6704603720800396e-14,9.450767286800069e-15,48.0,37.496838093382344,interp,27
367561140,HARVEY HAWK,36-48h,10,6.494345323195111e-19,6.71156768249463e-20,40.0,44.128479398548194,interp,28
367357000,CLAIRE CANDIES,36-48h,12,6.104818540103719e-21,7.551974581601228e-22,37.0,46.962881275096706,interp,29
368179260,MILLIE,36-48h,12,5.735475212633887e-21,1.0618842627699097e-21,37.0,47.045361577997205,interp,30
369286000,HARVEY EXPLORER,36-48h,9,2.104048244358338e-21,2.8231232058171956e-22,48.0,47.52509631311858,interp,31
366048300,HOLSTEIN,36-48h,9,1.6968169651062487e-21,2.681972243044476e-22,38.0,47.602209276293756,edge_nearest,32
367653160,FAST LEOPARD,36-48h,10,5.166608049857467e-22,5.877814871095238e-23,37.0,47.68221575712667,interp,33
369494390,BP ATLANTIS PLATFORM,36-48h,9,2.953143964849938e-22,4.6273225295772544e-23,48.0,47.911567079725295,interp,34
367763610,BLUE SEA II,36-48h,3,2.3435428900360288e-22,7.812785369074314e-23,46.0,47.865171093398736,edge_nearest,35
538009623,WEST AURIGA,36-48h,12,1.10408879994856e-22,1.2459319934768464e-23,48.0,48.471653587024086,interp,36
367640510,FAST CHEETAH,36-48h,8,1.2350312333772805e-23,3.062804339403129e-24,43.0,50.11463674877464,interp,37
577358000,ISLAND VENTURE,36-48h,12,6.176491121704986e-24,7.056508417261502e-25,48.0,49.899189831567284,interp,38
370490000,CARNIVAL DREAM,36-48h,2,3.9110802457220514e-24,1.9555401228610257e-24,37.0,50.44337806054891,interp,39
366050100,TLP SHENZI,36-48h,12,1.6725687943944682e-24,1.7486647131816932e-25,48.0,50.48349130181571,interp,40
538005123,DEEPWATER THALASSA,36-48h,9,1.0247999046634312e-24,4.453975621101257e-25,42.0,51.09533961486561,interp,41
367127480,TAHITI SPAR,36-48h,12,3.262310743112452e-26,4.057421193294923e-27,37.0,52.79874414706829,interp,42
367666910,CAJUN IV,36-48h,11,3.0878797424255334e-26,4.0251103430434655e-27,38.0,52.834689198315935,interp,43
369550000,Q4000,36-48h,11,4.5157624591734664e-27,5.69631666091012e-28,37.0,53.68637288538523,interp,44
369224000,HARVEY PROVIDER,36-48h,8,1.843664613263634e-27,2.4772637427563023e-28,48.0,54.153050874980956,edge_nearest,45
366908680,MARCO POLO TLP,36-48h,10,2.875067111651934e-28,3.3066633904171865e-29,48.0,54.396227347118206,interp,46
367428330,LAURIE ANN REINAUER,36-48h,4,4.5998553806846504e-30,1.1499638451711626e-30,48.0,56.83787650885807,interp,47
538004610,DEEPWATER INVICTUS,36-48h,9,1.3353624698783238e-30,1.6867622518292228e-31,48.0,56.80382838837083,interp,48
369232000,CLARENCE MOORE,36-48h,6,1.1804082366004759e-30,1.967348902914299e-31,48.0,56.85807858122719,edge_nearest,49
311000143,TURRITELLA,36-48h,2,2.3082851340352213e-31,1.423669294412468e-31,47.0,58.03192762942197,edge_nearest,50
338174000,MS CHARLOTTE,36-48h,10,7.108220378814942e-33,7.108220378814943e-34,48.0,59.34826178883744,interp,51
941202899,,36-48h,1,8.114648344578048e-34,8.114648344578048e-34,44.0,59.984647862708755,edge_nearest,52
538005813,NAVE LUMINOSITY,36-48h,3,3.2083546589607456e-36,1.0694515529869151e-36,37.0,62.29161407964719,interp,53
312407000,SUN GAS,36-48h,3,2.0949112415185236e-36,6.983037471728412e-37,48.0,62.8629814683344,interp,54
338125915,CONSTITUTION SPAR,36-48h,12,5.969942078244015e-39,6.896045999350341e-40,37.0,65.1380506817074,interp,55
366873670,RHEA,36-48h,8,5.1038312181359134e-40,6.379789050018065e-41,41.0,65.58811997664988,interp,56
11,CONSTITUTION,36-48h,7,1.2564241085062163e-41,2.585510617381342e-42,41.0,67.4265724739678,interp,57
366054900,STAMPEDE TLP,36-48h,12,3.7531919184967584e-42,6.106555932693576e-43,37.0,67.87690192803801,interp,58
303071000,GOL DIAMOND,36-48h,5,4.160557698058137e-43,8.321115396128158e-44,37.0,68.67456189977963,interp,59
564970000,BW BOBCAT,36-48h,3,1.0911763235928321e-43,3.6372564940337796e-44,48.0,69.1046148489687,interp,60
3660489,NEPTUNE TLP,36-48h,12,6.92598768513901e-44,6.686993267014689e-45,48.0,69.05060479119227,edge_nearest,61
368042000,ODYSSEA SPIRIT,36-48h,12,3.294821361885043e-44,4.220729458353368e-45,48.0,69.30447312104086,interp,62
636016002,PACIFIC SHARAV,36-48h,12,1.6262777598025495e-49,1.4589220721808211e-50,48.0,73.2636888167963,interp,63
338197000,SHIP ISLAND,36-48h,4,2.7483486062235075e-50,6.870871515558769e-51,48.0,73.88081134453961,interp,64
538005579,DEEPWATER CONQUEROR,36-48h,12,2.9410562231189126e-53,3.609579491278542e-54,37.0,76.65511494069193,interp,65
367416060,HARVEY RAIN,36-48h,4,8.601453883014517e-57,2.1503634707536293e-57,37.0,78.80160668096613,interp,66
367634690,CAJUN II,36-48h,8,2.59014023933841e-57,5.49389126981571e-58,48.0,79.70673681940184,interp,67
368237180,GO ADVENTURER,36-48h,12,1.554890114713972e-57,1.332765337785309e-58,48.0,79.3847823139161,interp,68
538005035,ROWAN RELENTLESS,36-48h,8,2.440693373547589e-63,6.756828345408855e-64,41.0,83.84918087016389,interp,69
367780870,SARAH BORDELON,36-48h,4,5.432413922371596e-66,1.358103480592899e-66,40.0,85.49413590938265,interp,70
368087000,C-CARRIER,36-48h,10,1.216077076993591e-68,1.2484393905403996e-69,48.0,86.93643358746488,edge_nearest,71
941202904,,36-48h,2,7.373674073399653e-73,4.50312103315171e-73,47.0,89.8635065110123,interp,72
240975000,KIMOLOS,36-48h,1,6.977498297653131e-75,6.977498297653131e-75,48.0,91.40746446355547,interp,73
368615000,NICKI CANDIES,36-48h,10,2.4818749504551018e-76,2.4818749504551018e-77,48.0,92.38596435963812,interp,74
538005126,DEEPWATER POSEIDON,36-48h,11,1.6790758314550964e-76,3.2504657132660388e-77,38.0,92.38492341015349,interp,75
303517000,JOSHUA CANDIES,36-48h,9,1.3380075487218816e-76,1.9461682006669784e-77,38.0,92.44618728582567,edge_nearest,76
368051000,FAST MAMMOTH,36-48h,2,9.261739777710538e-78,4.63562144511566e-78,38.0,93.20328084157987,interp,77
229202000,DENSA HAWK,36-48h,4,1.2778601620276317e-78,3.1946504050690793e-79,37.0,93.53074800533241,interp,78
367474360,OCEAN PROJECT,36-48h,9,3.7010158737053974e-79,5.511282631485647e-80,39.0,94.10165847788099,edge_nearest,79
367730190,BIG P,36-48h,3,5.293486784506041e-84,1.764495594835347e-84,40.0,97.04888283829382,interp,80
367556730,HARVEY COLT,36-48h,12,4.985541910159533e-85,4.564727089502379e-86,37.0,97.32836274239493,interp,81
366014000,ODYSSEA KNIGHT,36-48h,8,5.216704399773879e-86,1.082244285882254e-86,39.0,98.20791910946687,interp,82
369108000,CADE CANDIES,36-48h,4,3.6462289568943454e-86,1.0240349235309685e-86,37.0,97.98914387005088,interp,83
367539380,GENESIS SPAR,36-48h,1,8.77173495774768e-89,8.77173495774768e-89,41.0,99.48376526422544,edge_nearest,84
367785160,BRUTUS TLP,36-48h,12,1.2550431549163955e-90,1.5104452723184555e-91,37.0,100.86730300287614,interp,85
310817000,GASLOG WELLINGTON,36-48h,1,6.428426778066134e-91,6.428426778066134e-91,48.0,101.02498516384887,interp,86
538005124,DEEPWATER PROTEUS,36-48h,12,1.8227833975699e-92,2.4093233645021423e-93,37.0,101.95576509206218,interp,87
367544280,JACK & ST MALO FPU,36-48h,6,4.819023764632356e-93,9.83210881071353e-94,43.0,102.17586769932002,interp,88
367657110,PECAN ISLAND,36-48h,8,2.217319167751191e-93,3.017209805062162e-94,37.0,102.48746476635867,interp,89
538009307,MAYAN,36-48h,1,8.358577006289529e-94,8.358577006289529e-94,45.0,102.47281151439486,interp,90
367537970,HARVEY STEELER,36-48h,3,1.0470427584107456e-97,3.4901425280358183e-98,48.0,104.37666321378228,interp,91
538009901,WEST VELA,36-48h,5,3.1149521217645496e-99,6.2299042435291e-100,48.0,105.23181789072632,interp,92
366667000,JUAN C,36-48h,10,3.519856276124324e-102,3.519856276124324e-103,39.0,107.19267080104164,interp,93
311062000,HELIX PRODUCER I,36-48h,12,5.100172253981254e-110,4.6852421846295774e-111,37.0,111.258541720346,interp,94
413349820,QIAN KUN,36-48h,2,3.7954930949150814e-129,1.8977465474575407e-129,48.0,120.49064231249143,interp,95
538090538,DIONI.GR,36-48h,3,6.5299790045732785e-133,2.1766807859667055e-133,37.0,122.33556205388649,interp,96
235095836,VECTIS ISLE,36-48h,4,1.3214440077982467e-134,3.3808784949300807e-135,38.0,123.11056658970726,interp,97
538005262,ASTURCON,36-48h,4,6.020880277304869e-135,1.5542512230301834e-135,39.0,123.23934379557323,interp,98
374026000,CHEMICAL HUNTER,36-48h,4,4.6090693809430956e-135,1.1533503287190542e-135,38.0,123.4106399123708,interp,99
538004609,DEEPWATER ASGARD,36-48h,12,1.4486895851835132e-136,1.2299564425008773e-137,48.0,124.14205064249117,edge_nearest,100
369139000,HOS BRIMSTONE,36-48h,7,3.136655362003321e-138,4.534353003512776e-139,47.0,124.92574888973603,interp,101
369240000,PEYTON CANDIES,36-48h,11,5.174481430951758e-140,6.541533850167903e-141,45.0,125.76847305812262,interp,102
366484000,JEAN PIERRE LAB,36-48h,1,3.0389007324082654e-146,3.0389007324082654e-146,48.0,128.3638677137549,interp,103
338628000,ODYSSEA BARON,36-48h,12,4.1780038512082566e-158,3.580404048154705e-159,48.0,133.5749909815197,interp,104
367067370,CHRISTIAN CHOUEST,36-48h,12,1.0410158267080163e-163,8.707477694101146e-165,48.0,135.96025962791384,edge_nearest,105
371765000,WEST NEPTUNE,36-48h,12,9.653566667862101e-164,8.076756338359525e-165,48.0,135.97414945879686,interp,106
367525280,MORNING STAR,36-48h,2,1.5846353162381417e-164,7.923176581190739e-165,39.0,136.3668385399378,interp,107
564538000,VIYADA NAREE,36-48h,1,4.497234412667509e-178,4.497234412667509e-178,48.0,141.90748985296287,interp,108
257040610,OLYMPIC ARTEMIS,36-48h,12,5.66885714400925e-194,4.729255051555958e-195,37.0,148.36602377720882,interp,109
354791000,VICTORY-G,36-48h,1,8.01209212605948e-198,8.01209212605948e-198,37.0,149.8373104843398,edge_nearest,110
367687040,TENNER C,36-48h,1,3.6022731742780684e-252,3.6022731742780684e-252,42.0,169.44128158080778,interp,111
