epoch,train_loss,train_bce,train_dice_loss,val_bce,val_iou,val_dice,val_precision,val_recall,lr,train_s,epoch_s
1,0.6420298493550923,0.45662962016231284,0.8274300772986726,0.20023203029797967,0.3187932309487328,0.4834620370615561,0.3278181550682641,0.9205070548841621,6e-05,80.26731014251709,103.70226788520813
2,0.343460355600911,0.16075680672587034,0.5261639021113961,0.07679440985493335,0.6319421211994758,0.7744663404300135,0.6880113631863388,0.8857717332452609,5.846153846153846e-05,76.05795168876648,98.86408829689026
3,0.24732270783293034,0.11975788968631965,0.37488752603530884,0.0704491678390802,0.5425413264207338,0.7034383029200654,0.5671832469763337,0.9258582497043912,5.692307692307692e-05,76.03180456161499,98.77011060714722
4,0.19722995028167428,0.09582068451016607,0.2986392150382082,0.05982549746831236,0.604047449824046,0.7531540914083387,0.6426833980562799,0.909485298730904,5.538461538461539e-05,76.21555089950562,99.0844178199768
5,0.1938173059753315,0.1106496968691399,0.27698491504806244,0.060867701472332655,0.5590257763102325,0.7171475735741669,0.5955394423498026,0.9011636412767693,5.384615384615385e-05,76.20965027809143,99.04013133049011
6,0.1534553381898803,0.07575721731465199,0.23115345853531433,0.053523362282008276,0.6915487805518394,0.8176515965755753,0.7970351662154729,0.8393628928402843,5.230769230769231e-05,76.05952095985413,98.76070809364319
7,0.15074426662957596,0.07973978264134622,0.22174875072376457,0.03819094498806855,0.7297853123813323,0.8437871534204016,0.8273384173715846,0.8609032081534624,5.076923076923077e-05,76.12318253517151,98.84694194793701
8,0.14387598437463453,0.08063054696550805,0.20712142112012394,0.046024855538576215,0.709552068469571,0.8301029042125377,0.8093012043070986,0.8520021589459517,4.923076923076923e-05,76.01090168952942,98.77311086654663
9,0.1327714164055393,0.06407721379693754,0.2014656195383586,0.03966557032808321,0.7529564145428309,0.8590703206265412,0.8495969303438239,0.8687573583531621,4.76923076923077e-05,76.00436329841614,98.67023515701294
10,0.14840993865164454,0.08515302265274846,0.21166685562647744,0.04182667197034937,0.7116057719943446,0.8315066280305765,0.7835238873290749,0.8857496395973687,4.615384615384615e-05,75.98541307449341,98.72671413421631
11,0.12254241010742987,0.06418299162481537,0.1809018297109775,0.05626604058698738,0.7179148372501826,0.8357979355942096,0.8660684437673766,0.8075719746608518,4.461538461538462e-05,76.10203862190247,98.96343493461609
12,0.14752333072532794,0.0753585892300049,0.21968807253295075,0.05144510317642449,0.6834073237856273,0.8119334092580619,0.8041979959449881,0.8198190785164342,4.307692307692308e-05,76.133460521698,98.84586548805237
13,0.11804758079216152,0.05584940121196835,0.18024576031519268,0.03969645521436282,0.727003628063937,0.8419248416738381,0.8153545158955463,0.8702852190804709,4.153846153846154e-05,76.20778107643127,98.8789963722229
14,0.11994754393657524,0.061752239518246786,0.17814284919978615,0.06375236820449579,0.7147776485261175,0.8336680258696885,0.8964306013265476,0.7791188968245055,4e-05,76.16002225875854,98.97884607315063
15,0.12699919238597332,0.06785987213276282,0.18613851248861074,0.03639086679082019,0.6606053850641315,0.795619948009044,0.6970526034762449,0.9266543291582476,3.8461538461538456e-05,79.55786156654358,102.25589990615845
16,0.1187163772295692,0.06345204794277509,0.17398070610925823,0.04550432694507343,0.658334132291003,0.7939704302914018,0.7258428911978483,0.8762115568756352,3.692307692307693e-05,76.14853000640869,98.86325192451477
17,0.12590284014265693,0.07005870835799835,0.18174697253518476,0.04460411852020462,0.7378028379283146,0.8491214559274984,0.8465933911846704,0.8516646643118049,3.538461538461539e-05,76.19493627548218,98.96798086166382
18,0.11191817696490687,0.06265053610891817,0.1611858174472512,0.041224318673856813,0.7339309048066739,0.8465515007225782,0.8212795113191228,0.8734281821190726,3.384615384615385e-05,76.30797147750854,99.1102032661438
19,0.11463397868468377,0.06232219558030724,0.16694576154925866,0.05141134969683284,0.5388993752140167,0.7003698667940147,0.5691341012155084,0.9102669323380617,3.230769230769231e-05,76.23545670509338,98.90491962432861
