MMSI,n_reports,track_span_h,p50_spread_km,position_spread_km,max_excursion_km,stationarity_score,median_sog,frac_sog_lt_slow,motion_state,classification_reason,ais_status_mode,ais_vessel_type_mode,metadata_hint,source_type,source_type_basis,stationary_flag
11,143,45.30361111111111,0.005418262737030054,0.011473988280703866,0.027140340778891322,1.0,0.1,1.0,stationary,"p90 0.01<= 0.25 km, max 0.03<= 1.0 km, slow frac 1.00>= 0.9",5.0,90.0,moored,unknown,not determined: needs vessel metadata + offshore-infrastructure database match (not joined yet); motion_state is not evidence of type,True
3660489,575,47.85055555555556,0.0037042757930465884,0.009175398243968446,0.024779748764569284,1.0,0.0,1.0,stationary,"p90 0.01<= 0.25 km, max 0.02<= 1.0 km, slow frac 1.00>= 0.9",5.0,90.0,moored,unknown,not determined: needs vessel metadata + offshore-infrastructure database match (not joined yet); motion_state is not evidence of type,True
229202000,99,3.647222222222222,15.350462335903272,41.79332265594244,52.93269287272188,0.030303030303030304,11.1,0.0,moving,"short track (n=99, span 3.6 h) but moved 52.9 km > 5.0 km",0.0,70.0,,unknown,not determined: needs vessel metadata + offshore-infrastructure database match (not joined yet); motion_state is not evidence of type,False
235053116,545,47.85583333333334,0.48420249581764385,17.216796776004944,17.99486223757334,0.5100917431192661,0.2,0.7871559633027523,mixed,0.51 of reports within 0.5 km of median position but max excursion 18.0 km,3.0,90.0,,unknown,not determined: needs vessel metadata + offshore-infrastructure database match (not joined yet); motion_state is not evidence of type,False
235076282,228,5.841944444444445,28.37397199795968,50.83633114101524,89.10248856462701,0.008771929824561403,13.3,0.0,moving,"short track (n=228, span 5.8 h) but moved 89.1 km > 5.0 km",0.0,80.0,,unknown,not determined: needs vessel metadata + offshore-infrastructure database match (not joined yet); motion_state is not evidence of type,False
235095836,249,7.711666666666667,38.377449593758996,80.44548903560519,94.05330595219448,0.004016064257028112,10.7,0.0,moving,"p90 spread 80.45 km, stationarity 0.00",0.0,70.0,,unknown,not determined: needs vessel metadata + offshore-infrastructure database match (not joined yet); motion_state is not evidence of type,False
240975000,44,0.8027777777777778,4.803671791811092,8.613589157020591,9.613540592762014,0.045454545454545456,12.6,0.0,moving,"short track (n=44, span 0.8 h) but moved 9.6 km > 5.0 km",0.0,80.0,,unknown,not determined: needs vessel metadata + offshore-infrastructure database match (not joined yet); motion_state is not evidence of type,False
241365000,23,3.3297222222222222,38.69592897379727,53.94590555071381,55.04416820213932,0.043478260869565216,18.0,0.0,moving,"short track (n=23, span 3.3 h) but moved 55.0 km > 5.0 km",0.0,80.0,,unknown,not determined: needs vessel metadata + offshore-infrastructure database match (not joined yet); motion_state is not evidence of type,False
244848000,28,4.161111111111111,5.929683706755657,39.774013817952884,101.81979282708963,0.07142857142857142,14.5,0.0,moving,"short track (n=28, span 4.2 h) but moved 101.8 km > 5.0 km",0.0,70.0,,unknown,not determined: needs vessel metadata + offshore-infrastructure database match (not joined yet); motion_state is not evidence of type,False
257040610,914,46.46361111111111,8.340056986162995,19.22960028152645,24.81052241589178,0.0087527352297593,0.9,0.19912472647702406,moving,"p90 spread 19.23 km, stationarity 0.01",3.0,90.0,,unknown,not determined: needs vessel metadata + offshore-infrastructure database match (not joined yet); motion_state is not evidence of type,False
257432000,32,5.780833333333334,28.415201454938135,86.84792892232835,89.24431717001781,0.0,11.6,0.0,moving,"short track (n=32, span 5.8 h) but moved 89.2 km > 5.0 km",0.0,70.0,,unknown,not determined: needs vessel metadata + offshore-infrastructure database match (not joined yet); motion_state is not evidence of type,False
303071000,86,9.7025,14.263741145652558,49.57321130862569,50.102249615511575,0.03488372093023256,10.0,0.05813953488372093,moving,"p90 spread 49.57 km, stationarity 0.03",0.0,90.0,,unknown,not determined: needs vessel metadata + offshore-infrastructure database match (not joined yet); motion_state is not evidence of type,False
303260000,41,15.091944444444444,0.10452337541972945,0.8784335909219985,0.9098108168102879,0.5121951219512195,0.2,0.8048780487804879,loitering,"p90 0.88<= 2.0 km, max 0.91<= 5.0 km, slow frac 0.80>= 0.8",0.0,60.0,,unknown,not determined: needs vessel metadata + offshore-infrastructure database match (not joined yet); motion_state is not evidence of type,False
303517000,467,38.51416666666667,0.02378487804773834,160.99075444350555,185.9322574032174,0.6659528907922913,0.3,0.6552462526766595,mixed,0.67 of reports within 0.5 km of median position but max excursion 185.9 km,0.0,90.0,,unknown,not determined: needs vessel metadata + offshore-infrastructure database match (not joined yet); motion_state is not evidence of type,False
303520000,218,5.838333333333333,30.237842355332557,60.286823803562385,101.28795427120424,0.0,14.9,0.0,moving,"short track (n=218, span 5.8 h) but moved 101.3 km > 5.0 km",0.0,80.0,,unknown,not determined: needs vessel metadata + offshore-infrastructure database match (not joined yet); motion_state is not evidence of type,False
308516000,4,1.6525,3.9407629992088364,34.272010914334565,47.165300090356475,0.0,13.899999999999999,0.0,moving,"short track (n=4, span 1.7 h) but moved 47.2 km > 5.0 km",0.0,60.0,,unknown,not determined: needs vessel metadata + offshore-infrastructure database match (not joined yet); motion_state is not evidence of type,False
310817000,3,0.03833333333333333,0.48178325816155904,0.52127614838265,0.5311493709379228,0.6666666666666666,14.1,0.0,undetermined,n_reports=3 or span=0.0h below minimum,0.0,80.0,,unknown,not determined: needs vessel metadata + offshore-infrastructure database match (not joined yet); motion_state is not evidence of type,False
311000143,6,1.5494444444444444,0.020358550915863645,0.030131078340010765,0.03147770283815779,1.0,0.0,1.0,undetermined,n_reports=6 or span=1.5h below minimum,5.0,80.0,moored,unknown,not determined: needs vessel metadata + offshore-infrastructure database match (not joined yet); motion_state is not evidence of type,False
311000222,237,5.4525,27.538010092375774,51.4678674881289,71.32177560529017,0.008438818565400843,12.4,0.0,moving,"short track (n=237, span 5.5 h) but moved 71.3 km > 5.0 km",0.0,80.0,,unknown,not determined: needs vessel metadata + offshore-infrastructure database match (not joined yet); motion_state is not evidence of type,False
311000246,83,2.3316666666666666,19.251180978710643,36.486298356322706,52.30578253935049,0.012048192771084338,21.0,0.0,moving,"short track (n=83, span 2.3 h) but moved 52.3 km > 5.0 km",0.0,80.0,,unknown,not determined: needs vessel metadata + offshore-infrastructure database match (not joined yet); motion_state is not evidence of type,False
311000467,5,0.33,1.21137254481227,4.76992249814171,6.09189616408914,0.2,14.4,0.0,moving,"short track (n=5, span 0.3 h) but moved 6.1 km > 5.0 km",0.0,80.0,,unknown,not determined: needs vessel metadata + offshore-infrastructure database match (not joined yet); motion_state is not evidence of type,False
311000876,7,1.8719444444444444,8.51897106432137,32.898717142525086,40.28559274795606,0.14285714285714285,19.6,0.0,moving,"short track (n=7, span 1.9 h) but moved 40.3 km > 5.0 km",0.0,70.0,,unknown,not determined: needs vessel metadata + offshore-infrastructure database match (not joined yet); motion_state is not evidence of type,False
311012300,664,46.8,35.10153610038035,49.48485856840179,53.15299656247221,0.0030120481927710845,4.8,0.0,moving,"p90 spread 49.48 km, stationarity 0.00",3.0,90.0,,unknown,not determined: needs vessel metadata + offshore-infrastructure database match (not joined yet); motion_state is not evidence of type,False
311062000,1344,47.983333333333334,0.0029699667734681546,0.00723975609809096,0.030271756653908657,1.0,0.0,1.0,stationary,"p90 0.01<= 0.25 km, max 0.03<= 1.0 km, slow frac 1.00>= 0.9",3.0,90.0,,unknown,not determined: needs vessel metadata + offshore-infrastructure database match (not joined yet); motion_state is not evidence of type,True
312407000,61,2.401388888888889,9.047896062697927,19.002666338257487,23.50737534413217,0.03278688524590164,9.4,0.0,moving,"short track (n=61, span 2.4 h) but moved 23.5 km > 5.0 km",0.0,84.0,,unknown,not determined: needs vessel metadata + offshore-infrastructure database match (not joined yet); motion_state is not evidence of type,False
338002000,141,23.328333333333333,0.29218378643637893,71.17702138685141,108.74431287580153,0.6028368794326241,0.5,0.3900709219858156,mixed,0.60 of reports within 0.5 km of median position but max excursion 108.7 km,5.0,90.0,moored,unknown,not determined: needs vessel metadata + offshore-infrastructure database match (not joined yet); motion_state is not evidence of type,False
338125915,1069,47.94166666666667,0.002267669743621799,0.004462752955686067,0.006917164614274846,1.0,0.1,1.0,stationary,"p90 0.00<= 0.25 km, max 0.01<= 1.0 km, slow frac 1.00>= 0.9",3.0,90.0,,unknown,not determined: needs vessel metadata + offshore-infrastructure database match (not joined yet); motion_state is not evidence of type,True
338147342,322,37.5,0.0014886499361406848,0.0031706830504465407,0.0077579597865570045,1.0,0.0,1.0,stationary,"p90 0.00<= 0.25 km, max 0.01<= 1.0 km, slow frac 1.00>= 0.9",1.0,90.0,at_anchor,unknown,not determined: needs vessel metadata + offshore-infrastructure database match (not joined yet); motion_state is not evidence of type,True
338174000,448,9.517222222222221,5.010028759684144,32.763497134173164,40.86944714341266,0.3080357142857143,6.6,0.11383928571428571,moving,"p90 spread 32.76 km, stationarity 0.31",0.0,90.0,,unknown,not determined: needs vessel metadata + offshore-infrastructure database match (not joined yet); motion_state is not evidence of type,False
338189000,209,22.19972222222222,22.771674136332578,35.54859264078393,101.45748566574348,0.014354066985645933,10.1,0.10047846889952153,moving,"p90 spread 35.55 km, stationarity 0.01",0.0,90.0,,unknown,not determined: needs vessel metadata + offshore-infrastructure database match (not joined yet); motion_state is not evidence of type,False
338197000,148,3.5225,15.907279807309578,29.637978392018987,35.88384826144438,0.02702702702702703,9.6,0.0,moving,"short track (n=148, span 3.5 h) but moved 35.9 km > 5.0 km",0.0,90.0,,unknown,not determined: needs vessel metadata + offshore-infrastructure database match (not joined yet); motion_state is not evidence of type,False
338297000,209,6.549722222222222,21.766355782807285,41.44868198578456,86.40637523576643,0.014354066985645933,10.5,0.0,moving,"p90 spread 41.45 km, stationarity 0.01",0.0,90.0,,unknown,not determined: needs vessel metadata + offshore-infrastructure database match (not joined yet); motion_state is not evidence of type,False
338302000,454,10.613888888888889,50.24162439801603,104.84298393249479,130.25991781783284,0.004405286343612335,11.6,0.0,moving,"p90 spread 104.84 km, stationarity 0.00",0.0,80.0,,unknown,not determined: needs vessel metadata + offshore-infrastructure database match (not joined yet); motion_state is not evidence of type,False
338615000,368,14.222222222222221,0.03566504102968607,50.38142029417997,110.34902025257153,0.6766304347826086,0.4,0.5135869565217391,mixed,0.68 of reports within 0.5 km of median position but max excursion 110.3 km,0.0,90.0,,unknown,not determined: needs vessel metadata + offshore-infrastructure database match (not joined yet); motion_state is not evidence of type,False
338628000,460,26.43888888888889,0.10230417620833575,0.1677234794770098,0.2201255105019073,1.0,0.7,0.24782608695652175,mixed,1.00 of reports within 0.5 km of median position but max excursion 0.2 km,0.0,90.0,,unknown,not determined: needs vessel metadata + offshore-infrastructure database match (not joined yet); motion_state is not evidence of type,False
352978139,8,0.9722222222222222,5.392884473728114,9.825603823823489,12.803342888699726,0.0,11.75,0.0,moving,"short track (n=8, span 1.0 h) but moved 12.8 km > 5.0 km",0.0,80.0,,unknown,not determined: needs vessel metadata + offshore-infrastructure database match (not joined yet); motion_state is not evidence of type,False
353984000,189,6.133333333333334,19.453523338625185,46.089436868030404,69.12970544209054,0.07407407407407407,11.9,0.0,moving,"p90 spread 46.09 km, stationarity 0.07",0.0,80.0,,unknown,not determined: needs vessel metadata + offshore-infrastructure database match (not joined yet); motion_state is not evidence of type,False
354791000,157,33.147777777777776,9.154479699469592,23.338856658126264,26.134876686238155,0.0,3.7,0.0,moving,"p90 spread 23.34 km, stationarity 0.00",0.0,90.0,,unknown,not determined: needs vessel metadata + offshore-infrastructure database match (not joined yet); motion_state is not evidence of type,False
366014000,324,8.358055555555556,24.464590533052316,53.8126356039771,73.13563484270057,0.012345679012345678,8.3,0.0,moving,"p90 spread 53.81 km, stationarity 0.01",0.0,90.0,,unknown,not determined: needs vessel metadata + offshore-infrastructure database match (not joined yet); motion_state is not evidence of type,False
366048300,141,47.50388888888889,0.008030512914327508,0.020015114441955455,0.03424501310992475,1.0,0.0,1.0,stationary,"p90 0.02<= 0.25 km, max 0.03<= 1.0 km, slow frac 1.00>= 0.9",5.0,90.0,moored,unknown,not determined: needs vessel metadata + offshore-infrastructure database match (not joined yet); motion_state is not evidence of type,True
366050100,757,47.81944444444444,0.003165968405199616,0.005950138987338007,0.011268174543322917,1.0,0.0,1.0,stationary,"p90 0.01<= 0.25 km, max 0.01<= 1.0 km, slow frac 1.00>= 0.9",3.0,90.0,,unknown,not determined: needs vessel metadata + offshore-infrastructure database match (not joined yet); motion_state is not evidence of type,True
366054900,1060,47.98361111111111,0.0038753734805604223,0.007760261237562994,0.01955513279636888,1.0,0.0,1.0,stationary,"p90 0.01<= 0.25 km, max 0.02<= 1.0 km, slow frac 1.00>= 0.9",15.0,90.0,,unknown,not determined: needs vessel metadata + offshore-infrastructure database match (not joined yet); motion_state is not evidence of type,True
366484000,16,0.4975,2.2021300417852228,4.265757985147157,5.31663831025503,0.1875,9.7,0.0,moving,"short track (n=16, span 0.5 h) but moved 5.3 km > 5.0 km",0.0,90.0,,unknown,not determined: needs vessel metadata + offshore-infrastructure database match (not joined yet); motion_state is not evidence of type,False
366495000,185,16.772222222222222,9.991681012510547,77.33199529221434,171.20252181285954,0.010810810810810811,7.4,0.02702702702702703,moving,"p90 spread 77.33 km, stationarity 0.01",0.0,80.0,,unknown,not determined: needs vessel metadata + offshore-infrastructure database match (not joined yet); motion_state is not evidence of type,False
366667000,456,37.94722222222222,0.2291087705297924,86.39340805989931,86.81307581788978,0.6491228070175439,0.4,0.5855263157894737,mixed,0.65 of reports within 0.5 km of median position but max excursion 86.8 km,3.0,90.0,,unknown,not determined: needs vessel metadata + offshore-infrastructure database match (not joined yet); motion_state is not evidence of type,False
366873670,241,7.841666666666667,13.819145297483807,34.37692877294642,39.63032362137587,0.02074688796680498,4.5,0.0,moving,"p90 spread 34.38 km, stationarity 0.02",0.0,31.0,,unknown,not determined: needs vessel metadata + offshore-infrastructure database match (not joined yet); motion_state is not evidence of type,False
366908680,515,47.655833333333334,0.003704449588119444,0.007365308013820013,0.015119636122623445,1.0,,,stationary,"p90 0.01<= 0.25 km, max 0.02<= 1.0 km, slow frac nan>= 0.9",15.0,90.0,,unknown,not determined: needs vessel metadata + offshore-infrastructure database match (not joined yet); motion_state is not evidence of type,True
366987890,15,1.7,6.326298068579476,15.071748734409768,18.622764852634035,0.06666666666666667,10.7,0.0,moving,"short track (n=15, span 1.7 h) but moved 18.6 km > 5.0 km",0.0,90.0,,unknown,not determined: needs vessel metadata + offshore-infrastructure database match (not joined yet); motion_state is not evidence of type,False
367067370,856,47.9775,0.08119611986517919,0.12778938144652227,0.14073988838635623,1.0,0.0,0.9988317757009346,stationary,"p90 0.13<= 0.25 km, max 0.14<= 1.0 km, slow frac 1.00>= 0.9",0.0,90.0,,unknown,not determined: needs vessel metadata + offshore-infrastructure database match (not joined yet); motion_state is not evidence of type,True
367127480,988,47.903333333333336,0.0044621571668291855,0.010833798269373066,0.06520907415698338,1.0,0.0,0.9989878542510121,stationary,"p90 0.01<= 0.25 km, max 0.07<= 1.0 km, slow frac 1.00>= 0.9",15.0,90.0,,unknown,not determined: needs vessel metadata + offshore-infrastructure database match (not joined yet); motion_state is not evidence of type,True
367325730,12,11.481111111111112,20.170117720042988,23.895553595062115,25.00974592690131,0.0,17.15,0.0,moving,"p90 spread 23.90 km, stationarity 0.00",15.0,60.0,,unknown,not determined: needs vessel metadata + offshore-infrastructure database match (not joined yet); motion_state is not evidence of type,False
367353110,375,7.870277777777778,51.113437247224105,99.43837423510993,119.70653755347651,0.0026666666666666666,15.6,0.0,moving,"p90 spread 99.44 km, stationarity 0.00",0.0,80.0,,unknown,not determined: needs vessel metadata + offshore-infrastructure database match (not joined yet); motion_state is not evidence of type,False
367357000,505,23.509166666666665,0.43567071427955634,35.08685383347042,91.98927790215788,0.5564356435643565,0.8,0.2198019801980198,mixed,0.56 of reports within 0.5 km of median position but max excursion 92.0 km,0.0,90.0,,unknown,not determined: needs vessel metadata + offshore-infrastructure database match (not joined yet); motion_state is not evidence of type,False
367391920,22,1.4594444444444445,6.7557958159175815,13.2883443815864,15.790511819286776,0.09090909090909091,10.350000000000001,0.0,moving,"short track (n=22, span 1.5 h) but moved 15.8 km > 5.0 km",0.0,90.0,,unknown,not determined: needs vessel metadata + offshore-infrastructure database match (not joined yet); motion_state is not evidence of type,False
367416060,170,26.699444444444445,13.16033023377706,35.26707158944048,88.83226684252269,0.023529411764705882,8.8,0.01764705882352941,moving,"p90 spread 35.27 km, stationarity 0.02",0.0,90.0,,unknown,not determined: needs vessel metadata + offshore-infrastructure database match (not joined yet); motion_state is not evidence of type,False
367428330,101,3.4644444444444447,17.24875244123628,30.081433271317263,34.506149270521945,0.019801980198019802,9.6,0.0,moving,"short track (n=101, span 3.5 h) but moved 34.5 km > 5.0 km",0.0,31.0,,unknown,not determined: needs vessel metadata + offshore-infrastructure database match (not joined yet); motion_state is not evidence of type,False
367445000,101,4.733333333333333,15.639117253253135,36.24575804312293,54.107857324638985,0.019801980198019802,10.2,0.0,moving,"short track (n=101, span 4.7 h) but moved 54.1 km > 5.0 km",12.0,31.0,,unknown,not determined: needs vessel metadata + offshore-infrastructure database match (not joined yet); motion_state is not evidence of type,False
367471840,7,0.8083333333333333,0.0034795900008600246,0.01027428389501734,0.012586711601278824,1.0,0.5,0.42857142857142855,undetermined,n_reports=7 or span=0.8h below minimum,8.0,60.0,,unknown,not determined: needs vessel metadata + offshore-infrastructure database match (not joined yet); motion_state is not evidence of type,False
367474360,258,29.51972222222222,23.828184598484604,58.95344937311306,70.220932693657,0.0,9.2,0.0,moving,"p90 spread 58.95 km, stationarity 0.00",0.0,90.0,,unknown,not determined: needs vessel metadata + offshore-infrastructure database match (not joined yet); motion_state is not evidence of type,False
367486440,31,1.8494444444444444,12.408848270170223,29.823509978135057,48.238687591817516,0.03225806451612903,18.5,0.0,moving,"short track (n=31, span 1.8 h) but moved 48.2 km > 5.0 km",5.0,60.0,moored,unknown,not determined: needs vessel metadata + offshore-infrastructure database match (not joined yet); motion_state is not evidence of type,False
367501540,63,3.5388888888888888,8.566786885747595,29.213047963093377,41.801767455300066,0.031746031746031744,12.2,0.0,moving,"short track (n=63, span 3.5 h) but moved 41.8 km > 5.0 km",0.0,31.0,,unknown,not determined: needs vessel metadata + offshore-infrastructure database match (not joined yet); motion_state is not evidence of type,False
367507790,1099,43.48888888888889,0.12743772599183595,70.58201052575582,109.76668866392868,0.6005459508644222,0.2,0.7279344858962693,mixed,0.60 of reports within 0.5 km of median position but max excursion 109.8 km,0.0,90.0,,unknown,not determined: needs vessel metadata + offshore-infrastructure database match (not joined yet); motion_state is not evidence of type,False
367525280,35,1.933888888888889,4.591738548696366,9.25733186583914,10.238696988637077,0.05714285714285714,5.6,0.0,moving,"short track (n=35, span 1.9 h) but moved 10.2 km > 5.0 km",,30.0,,unknown,not determined: needs vessel metadata + offshore-infrastructure database match (not joined yet); motion_state is not evidence of type,False
367537970,70,1.9744444444444444,7.487601993489221,14.683315680664998,17.44685645239519,0.02857142857142857,9.2,0.0,moving,"short track (n=70, span 2.0 h) but moved 17.4 km > 5.0 km",0.0,90.0,,unknown,not determined: needs vessel metadata + offshore-infrastructure database match (not joined yet); motion_state is not evidence of type,False
367539380,4,3.2519444444444443,0.006571445474752792,0.009507557808192743,0.009636068442729764,1.0,0.1,1.0,undetermined,n_reports=4 or span=3.3h below minimum,5.0,90.0,moored,unknown,not determined: needs vessel metadata + offshore-infrastructure database match (not joined yet); motion_state is not evidence of type,False
367544280,46,37.00416666666667,0.0021093568571182286,0.0038074736278192406,0.006313813273881364,1.0,0.0,1.0,stationary,"p90 0.00<= 0.25 km, max 0.01<= 1.0 km, slow frac 1.00>= 0.9",5.0,90.0,moored,unknown,not determined: needs vessel metadata + offshore-infrastructure database match (not joined yet); motion_state is not evidence of type,True
367550980,719,47.16388888888889,0.0045569422612663215,0.009525344623446305,0.01794284173334043,1.0,0.0,1.0,stationary,"p90 0.01<= 0.25 km, max 0.02<= 1.0 km, slow frac 1.00>= 0.9",15.0,90.0,,unknown,not determined: needs vessel metadata + offshore-infrastructure database match (not joined yet); motion_state is not evidence of type,True
367556730,788,47.97805555555556,0.805699704483914,1.2729225220352218,20.169046190540175,0.4467005076142132,0.4,0.5291878172588832,moving,"p90 spread 1.27 km, stationarity 0.45",0.0,90.0,,unknown,not determined: needs vessel metadata + offshore-infrastructure database match (not joined yet); motion_state is not evidence of type,False
367561140,324,47.05027777777778,29.87570173474336,63.61269030807703,134.40771161572795,0.012345679012345678,8.8,0.021604938271604937,moving,"p90 spread 63.61 km, stationarity 0.01",0.0,90.0,,unknown,not determined: needs vessel metadata + offshore-infrastructure database match (not joined yet); motion_state is not evidence of type,False
367580190,25,3.0144444444444445,8.690010180361751,26.70215771290195,73.00005405470294,0.04,18.1,0.0,moving,"short track (n=25, span 3.0 h) but moved 73.0 km > 5.0 km",0.0,31.0,,unknown,not determined: needs vessel metadata + offshore-infrastructure database match (not joined yet); motion_state is not evidence of type,False
367588580,327,40.69166666666667,31.55872823372294,58.135787480938525,69.95512915974362,0.0061162079510703364,9.4,0.0,moving,"p90 spread 58.14 km, stationarity 0.01",0.0,31.0,,unknown,not determined: needs vessel metadata + offshore-infrastructure database match (not joined yet); motion_state is not evidence of type,False
367602540,332,39.68416666666667,34.41181624813947,68.8037372209144,85.95075880490533,0.0,20.1,0.0,moving,"p90 spread 68.80 km, stationarity 0.00",0.0,60.0,,unknown,not determined: needs vessel metadata + offshore-infrastructure database match (not joined yet); motion_state is not evidence of type,False
367634690,456,37.75861111111111,39.888307350545176,67.9677215976225,89.55868148795041,0.0,19.0,0.24780701754385964,moving,"p90 spread 67.97 km, stationarity 0.00",0.0,90.0,,unknown,not determined: needs vessel metadata + offshore-infrastructure database match (not joined yet); motion_state is not evidence of type,False
367640510,297,7.450555555555556,15.991534700490249,59.17300964739547,75.39998219978878,0.010101010101010102,18.5,0.19528619528619529,moving,"p90 spread 59.17 km, stationarity 0.01",0.0,60.0,,unknown,not determined: needs vessel metadata + offshore-infrastructure database match (not joined yet); motion_state is not evidence of type,False
367643110,317,8.184444444444445,53.055477264501654,83.94626926128502,103.42184498222719,0.0031545741324921135,16.9,0.17665615141955837,moving,"p90 spread 83.95 km, stationarity 0.00",0.0,60.0,,unknown,not determined: needs vessel metadata + offshore-infrastructure database match (not joined yet); motion_state is not evidence of type,False
367653160,288,16.658333333333335,0.12947303929742543,1.3124848451311941,102.01019115142275,0.8333333333333334,0.5,0.4756944444444444,mixed,0.83 of reports within 0.5 km of median position but max excursion 102.0 km,0.0,60.0,,unknown,not determined: needs vessel metadata + offshore-infrastructure database match (not joined yet); motion_state is not evidence of type,False
367655260,551,46.68333333333333,4.236160645713481,7.814412737054478,8.601232841057186,0.047186932849364795,0.8,0.08892921960072596,moving,"p90 spread 7.81 km, stationarity 0.05",3.0,90.0,,unknown,not determined: needs vessel metadata + offshore-infrastructure database match (not joined yet); motion_state is not evidence of type,False
367657110,1205,44.06111111111111,0.13130232782849124,1.2787588144428266,39.20809990109772,0.7136929460580913,0.1,0.8423236514522822,mixed,0.71 of reports within 0.5 km of median position but max excursion 39.2 km,0.0,90.0,,unknown,not determined: needs vessel metadata + offshore-infrastructure database match (not joined yet); motion_state is not evidence of type,False
367666910,460,47.925,0.5687662670863906,59.38083653497668,92.44318345634053,0.32608695652173914,0.2,0.7043478260869566,moving,"p90 spread 59.38 km, stationarity 0.33",0.0,60.0,,unknown,not determined: needs vessel metadata + offshore-infrastructure database match (not joined yet); motion_state is not evidence of type,False
367684260,395,40.43944444444445,0.12660742690733648,0.25004396803087725,21.907721016662574,0.9215189873417722,0.3,0.7341772151898734,mixed,0.92 of reports within 0.5 km of median position but max excursion 21.9 km,0.0,90.0,,unknown,not determined: needs vessel metadata + offshore-infrastructure database match (not joined yet); motion_state is not evidence of type,False
367687040,19,0.3972222222222222,1.743401684494256,2.889952410896457,3.441701930988728,0.10526315789473684,8.5,0.0,undetermined,n_reports=19 or span=0.4h below minimum,11.0,31.0,,unknown,not determined: needs vessel metadata + offshore-infrastructure database match (not joined yet); motion_state is not evidence of type,False
367693810,238,5.6338888888888885,26.32592024873042,44.90999011154426,51.636266892934415,0.012605042016806723,9.6,0.0,moving,"short track (n=238, span 5.6 h) but moved 51.6 km > 5.0 km",0.0,90.0,,unknown,not determined: needs vessel metadata + offshore-infrastructure database match (not joined yet); motion_state is not evidence of type,False
367710550,101,4.6775,0.0029654951125585314,0.005931320739619136,0.6300633956710958,0.9801980198019802,0.3,0.8613861386138614,undetermined,n_reports=101 or span=4.7h below minimum,0.0,60.0,,unknown,not determined: needs vessel metadata + offshore-infrastructure database match (not joined yet); motion_state is not evidence of type,False
367730190,182,30.223055555555554,25.823792199794905,46.914938438443286,64.07381160500387,0.016483516483516484,22.3,0.0,moving,"p90 spread 46.91 km, stationarity 0.02",5.0,60.0,moored,unknown,not determined: needs vessel metadata + offshore-infrastructure database match (not joined yet); motion_state is not evidence of type,False
367763610,14,3.7975,4.332304572826909,12.59774852643272,14.219866125644765,0.0,7.15,0.07142857142857142,moving,"short track (n=14, span 3.8 h) but moved 14.2 km > 5.0 km",,30.0,,unknown,not determined: needs vessel metadata + offshore-infrastructure database match (not joined yet); motion_state is not evidence of type,False
367773540,369,8.644444444444444,27.01567448672569,53.34828522347343,64.66657678587158,0.0,8.4,0.2682926829268293,moving,"p90 spread 53.35 km, stationarity 0.00",0.0,90.0,,unknown,not determined: needs vessel metadata + offshore-infrastructure database match (not joined yet); motion_state is not evidence of type,False
367775000,181,7.486666666666666,35.59437041403261,103.89928619216171,156.83726327035922,0.0055248618784530384,15.8,0.0,moving,"p90 spread 103.90 km, stationarity 0.01",0.0,70.0,,unknown,not determined: needs vessel metadata + offshore-infrastructure database match (not joined yet); motion_state is not evidence of type,False
367780870,353,39.35583333333334,21.71510520711172,61.36093866502877,74.13192405803596,0.0,5.2,0.0,moving,"p90 spread 61.36 km, stationarity 0.00",0.0,90.0,,unknown,not determined: needs vessel metadata + offshore-infrastructure database match (not joined yet); motion_state is not evidence of type,False
367785160,532,47.950833333333335,0.002969180674302579,0.005872409707579216,0.024640262226181667,1.0,0.1,1.0,stationary,"p90 0.01<= 0.25 km, max 0.02<= 1.0 km, slow frac 1.00>= 0.9",5.0,19.0,moored,unknown,not determined: needs vessel metadata + offshore-infrastructure database match (not joined yet); motion_state is not evidence of type,True
368042000,530,46.742777777777775,0.0019749389527169195,3.90955772301486,6.4883997221381895,0.7943396226415095,0.1,0.7660377358490567,mixed,0.79 of reports within 0.5 km of median position but max excursion 6.5 km,0.0,90.0,,unknown,not determined: needs vessel metadata + offshore-infrastructure database match (not joined yet); motion_state is not evidence of type,False
368051000,63,3.9369444444444444,27.440172841462196,67.10898738015247,79.67412542604528,0.015873015873015872,18.4,0.0,moving,"short track (n=63, span 3.9 h) but moved 79.7 km > 5.0 km",0.0,60.0,,unknown,not determined: needs vessel metadata + offshore-infrastructure database match (not joined yet); motion_state is not evidence of type,False
368059520,387,47.219166666666666,0.9115579633134853,58.530765183336904,74.04291569713683,0.4134366925064599,0.8,0.46511627906976744,moving,"p90 spread 58.53 km, stationarity 0.41",0.0,20.0,,unknown,not determined: needs vessel metadata + offshore-infrastructure database match (not joined yet); motion_state is not evidence of type,False
368087000,374,47.971944444444446,0.006956261317329385,0.21218321852231392,46.24124237195644,0.9010695187165776,0.1,0.93048128342246,mixed,0.90 of reports within 0.5 km of median position but max excursion 46.2 km,0.0,90.0,,unknown,not determined: needs vessel metadata + offshore-infrastructure database match (not joined yet); motion_state is not evidence of type,False
368166560,1132,47.89416666666666,0.003169144136623284,0.005953143737243485,0.010496393050604869,1.0,0.0,1.0,stationary,"p90 0.01<= 0.25 km, max 0.01<= 1.0 km, slow frac 1.00>= 0.9",15.0,98.0,other_type_reserved,unknown,not determined: needs vessel metadata + offshore-infrastructure database match (not joined yet); motion_state is not evidence of type,True
368179260,1191,47.983333333333334,0.1620231604029666,0.783514543580864,0.7968306627153325,0.5491183879093199,0.0,0.9773299748110831,loitering,"p90 0.78<= 2.0 km, max 0.80<= 5.0 km, slow frac 0.98>= 0.8",0.0,79.0,,unknown,not determined: needs vessel metadata + offshore-infrastructure database match (not joined yet); motion_state is not evidence of type,False
368196410,1000,47.74444444444445,0.7806023161011815,1.6235081428904612,2.518733373653588,0.399,0.0,0.96,loitering,"p90 1.62<= 2.0 km, max 2.52<= 5.0 km, slow frac 0.96>= 0.8",3.0,20.0,,unknown,not determined: needs vessel metadata + offshore-infrastructure database match (not joined yet); motion_state is not evidence of type,False
368237180,430,12.016666666666667,0.035184025278349185,25.67855072614934,56.63969443856808,0.7976744186046512,0.1,0.772093023255814,mixed,0.80 of reports within 0.5 km of median position but max excursion 56.6 km,3.0,70.0,,unknown,not determined: needs vessel metadata + offshore-infrastructure database match (not joined yet); motion_state is not evidence of type,False
368508000,170,14.113333333333333,9.761098194701376,48.67238789694155,58.621028250207544,0.0,9.3,0.21764705882352942,moving,"p90 spread 48.67 km, stationarity 0.00",0.0,90.0,,unknown,not determined: needs vessel metadata + offshore-infrastructure database match (not joined yet); motion_state is not evidence of type,False
368589000,566,39.92,22.47772976213673,72.50747048237665,119.208955689557,0.0,11.6,0.0,moving,"p90 spread 72.51 km, stationarity 0.00",0.0,80.0,,unknown,not determined: needs vessel metadata + offshore-infrastructure database match (not joined yet); motion_state is not evidence of type,False
368615000,375,9.24388888888889,0.3495850616187591,22.581593603631926,37.68484746772049,0.5173333333333333,1.0,0.192,mixed,0.52 of reports within 0.5 km of median position but max excursion 37.7 km,0.0,90.0,,unknown,not determined: needs vessel metadata + offshore-infrastructure database match (not joined yet); motion_state is not evidence of type,False
369045000,522,45.036944444444444,47.51598027895332,86.38358680252044,100.03991500967183,0.0,10.2,0.03065134099616858,moving,"p90 spread 86.38 km, stationarity 0.00",0.0,90.0,,unknown,not determined: needs vessel metadata + offshore-infrastructure database match (not joined yet); motion_state is not evidence of type,False
369108000,382,40.02777777777778,0.12267210578227211,22.759629226626537,39.99439316214135,0.7329842931937173,0.0,0.8219895287958116,mixed,0.73 of reports within 0.5 km of median position but max excursion 40.0 km,3.0,90.0,,unknown,not determined: needs vessel metadata + offshore-infrastructure database match (not joined yet); motion_state is not evidence of type,False
369139000,202,43.510555555555555,0.10650400679239319,0.3049354974539233,32.8712954393522,0.900990099009901,0.1,0.8762376237623762,mixed,0.90 of reports within 0.5 km of median position but max excursion 32.9 km,0.0,90.0,,unknown,not determined: needs vessel metadata + offshore-infrastructure database match (not joined yet); motion_state is not evidence of type,False
369224000,443,45.31138888888889,0.11245628614729866,0.5469399588878819,2.7882190327327834,0.8961625282167043,0.4,0.6410835214446953,mixed,0.90 of reports within 0.5 km of median position but max excursion 2.8 km,0.0,90.0,,unknown,not determined: needs vessel metadata + offshore-infrastructure database match (not joined yet); motion_state is not evidence of type,False
369232000,193,5.682777777777778,22.187886857281196,40.08632408938407,44.83395676229291,0.015544041450777202,10.6,0.010362694300518135,moving,"short track (n=193, span 5.7 h) but moved 44.8 km > 5.0 km",5.0,90.0,moored,unknown,not determined: needs vessel metadata + offshore-infrastructure database match (not joined yet); motion_state is not evidence of type,False
369240000,1348,47.68333333333333,0.003477823341533369,0.21346044288989036,42.063000065459406,0.9287833827893175,0.1,0.9117210682492581,mixed,0.93 of reports within 0.5 km of median position but max excursion 42.1 km,0.0,90.0,,unknown,not determined: needs vessel metadata + offshore-infrastructure database match (not joined yet); motion_state is not evidence of type,False
369286000,491,45.007777777777775,0.02638231041886271,38.01010158839844,92.61139866401689,0.814663951120163,0.0,0.7067209775967414,mixed,0.81 of reports within 0.5 km of median position but max excursion 92.6 km,3.0,90.0,,unknown,not determined: needs vessel metadata + offshore-infrastructure database match (not joined yet); motion_state is not evidence of type,False
369494390,85,47.90277777777778,0.003708013360801302,0.005952633417992318,0.008330001406958816,1.0,0.0,1.0,stationary,"p90 0.01<= 0.25 km, max 0.01<= 1.0 km, slow frac 1.00>= 0.9",5.0,90.0,moored,unknown,not determined: needs vessel metadata + offshore-infrastructure database match (not joined yet); motion_state is not evidence of type,True
369494392,156,47.4025,0.005175001138906347,0.009560650463606619,0.01666012800397249,1.0,0.0,1.0,stationary,"p90 0.01<= 0.25 km, max 0.02<= 1.0 km, slow frac 1.00>= 0.9",5.0,90.0,moored,unknown,not determined: needs vessel metadata + offshore-infrastructure database match (not joined yet); motion_state is not evidence of type,True
369533000,357,45.555277777777775,33.96954721515078,49.909727679759314,68.58618297856088,0.0,10.5,0.22128851540616246,moving,"p90 spread 49.91 km, stationarity 0.00",0.0,90.0,,unknown,not determined: needs vessel metadata + offshore-infrastructure database match (not joined yet); motion_state is not evidence of type,False
369550000,665,45.75527777777778,0.018903163639467414,0.037806327279288496,0.05807895426438459,1.0,0.1,1.0,stationary,"p90 0.04<= 0.25 km, max 0.06<= 1.0 km, slow frac 1.00>= 0.9",0.0,90.0,,unknown,not determined: needs vessel metadata + offshore-infrastructure database match (not joined yet); motion_state is not evidence of type,True
369702000,80,5.674722222222222,8.310737929430953,40.187325783452536,53.8638046600925,0.025,9.6,0.0,moving,"short track (n=80, span 5.7 h) but moved 53.9 km > 5.0 km",0.0,31.0,,unknown,not determined: needs vessel metadata + offshore-infrastructure database match (not joined yet); motion_state is not evidence of type,False
370490000,74,2.274722222222222,15.63301260792936,35.21092148538308,52.10345339351115,0.0,19.4,0.0,moving,"short track (n=74, span 2.3 h) but moved 52.1 km > 5.0 km",0.0,60.0,,unknown,not determined: needs vessel metadata + offshore-infrastructure database match (not joined yet); motion_state is not evidence of type,False
371765000,1908,47.983333333333334,0.0,0.0,0.0,1.0,0.1,1.0,stationary,"p90 0.00<= 0.25 km, max 0.00<= 1.0 km, slow frac 1.00>= 0.9",3.0,90.0,,unknown,not determined: needs vessel metadata + offshore-infrastructure database match (not joined yet); motion_state is not evidence of type,True
374026000,248,6.365,39.1815495732725,71.11183756750484,85.26643379327153,0.0,12.3,0.0,moving,"p90 spread 71.11 km, stationarity 0.00",0.0,80.0,,unknown,not determined: needs vessel metadata + offshore-infrastructure database match (not joined yet); motion_state is not evidence of type,False
374113000,178,6.751388888888889,30.85855277643701,79.5895468239989,91.80261934426319,0.011235955056179775,11.6,0.0,moving,"p90 spread 79.59 km, stationarity 0.01",0.0,70.0,,unknown,not determined: needs vessel metadata + offshore-infrastructure database match (not joined yet); motion_state is not evidence of type,False
374788000,131,9.516666666666667,45.9482878571305,105.90792840780897,113.15631192133783,0.0,11.6,0.0,moving,"p90 spread 105.91 km, stationarity 0.00",0.0,80.0,,unknown,not determined: needs vessel metadata + offshore-infrastructure database match (not joined yet); motion_state is not evidence of type,False
408919000,50,3.5669444444444443,32.32385090595204,53.412766835410196,65.26343181119026,0.0,16.85,0.0,moving,"short track (n=50, span 3.6 h) but moved 65.3 km > 5.0 km",0.0,89.0,,unknown,not determined: needs vessel metadata + offshore-infrastructure database match (not joined yet); motion_state is not evidence of type,False
413349820,82,1.57,10.636337965310553,19.087344756403965,21.82078294053299,0.024390243902439025,14.6,0.0,moving,"short track (n=82, span 1.6 h) but moved 21.8 km > 5.0 km",0.0,70.0,,unknown,not determined: needs vessel metadata + offshore-infrastructure database match (not joined yet); motion_state is not evidence of type,False
477166800,44,3.589722222222222,13.3863952474798,46.1391575388823,48.49589024618246,0.045454545454545456,13.7,0.0,moving,"short track (n=44, span 3.6 h) but moved 48.5 km > 5.0 km",0.0,70.0,,unknown,not determined: needs vessel metadata + offshore-infrastructure database match (not joined yet); motion_state is not evidence of type,False
538003882,119,5.675277777777778,20.191032221617668,61.33186223735949,78.76965700746298,0.01680672268907563,12.0,0.0,moving,"short track (n=119, span 5.7 h) but moved 78.8 km > 5.0 km",0.0,80.0,,unknown,not determined: needs vessel metadata + offshore-infrastructure database match (not joined yet); motion_state is not evidence of type,False
538004028,77,3.084722222222222,14.323942220754027,25.650496671846508,51.10460709381983,0.012987012987012988,13.8,0.0,moving,"short track (n=77, span 3.1 h) but moved 51.1 km > 5.0 km",0.0,80.0,,unknown,not determined: needs vessel metadata + offshore-infrastructure database match (not joined yet); motion_state is not evidence of type,False
538004609,1176,47.964166666666664,0.001484517800596664,0.0036948568817399678,0.06388217562025639,1.0,0.0,1.0,stationary,"p90 0.00<= 0.25 km, max 0.06<= 1.0 km, slow frac 1.00>= 0.9",3.0,90.0,,unknown,not determined: needs vessel metadata + offshore-infrastructure database match (not joined yet); motion_state is not evidence of type,True
538004610,687,47.6275,0.013028373091236094,0.1548434221246573,0.1586575057203628,1.0,0.0,0.9898107714701602,stationary,"p90 0.15<= 0.25 km, max 0.16<= 1.0 km, slow frac 0.99>= 0.9",3.0,90.0,,unknown,not determined: needs vessel metadata + offshore-infrastructure database match (not joined yet); motion_state is not evidence of type,True
538005035,244,47.352222222222224,0.0014933910341831268,0.2864135976565641,0.28725201290024044,1.0,0.1,1.0,loitering,"p90 0.29<= 2.0 km, max 0.29<= 5.0 km, slow frac 1.00>= 0.8",3.0,90.0,,unknown,not determined: needs vessel metadata + offshore-infrastructure database match (not joined yet); motion_state is not evidence of type,False
538005123,376,47.9275,0.0353587615488581,0.09676715150480206,0.4158526399116277,1.0,0.0,1.0,stationary,"p90 0.10<= 0.25 km, max 0.42<= 1.0 km, slow frac 1.00>= 0.9",3.0,90.0,,unknown,not determined: needs vessel metadata + offshore-infrastructure database match (not joined yet); motion_state is not evidence of type,True
538005124,1474,47.925,0.08065512786389628,0.12090264051627465,0.1756811242875058,1.0,0.0,0.9925373134328358,stationary,"p90 0.12<= 0.25 km, max 0.18<= 1.0 km, slow frac 0.99>= 0.9",3.0,90.0,,unknown,not determined: needs vessel metadata + offshore-infrastructure database match (not joined yet); motion_state is not evidence of type,True
538005126,496,37.660833333333336,0.0022765033521671895,0.005933893606856944,0.0961314665442436,1.0,0.0,1.0,stationary,"p90 0.01<= 0.25 km, max 0.10<= 1.0 km, slow frac 1.00>= 0.9",3.0,99.0,other_type_no_info,unknown,not determined: needs vessel metadata + offshore-infrastructure database match (not joined yet); motion_state is not evidence of type,True
538005262,265,5.958333333333333,38.48966800876666,63.1475282535975,82.47659257814686,0.0037735849056603774,13.7,0.0,moving,"short track (n=265, span 6.0 h) but moved 82.5 km > 5.0 km",0.0,70.0,,unknown,not determined: needs vessel metadata + offshore-infrastructure database match (not joined yet); motion_state is not evidence of type,False
538005314,702,47.70861111111111,0.0011119508021343798,0.019904890194725494,0.021838616505957403,1.0,0.0,1.0,stationary,"p90 0.02<= 0.25 km, max 0.02<= 1.0 km, slow frac 1.00>= 0.9",3.0,90.0,,unknown,not determined: needs vessel metadata + offshore-infrastructure database match (not joined yet); motion_state is not evidence of type,True
538005361,650,47.94166666666667,0.07074823183979716,0.17203315757360796,0.17488988838586694,1.0,0.0,1.0,stationary,"p90 0.17<= 0.25 km, max 0.17<= 1.0 km, slow frac 1.00>= 0.9",3.0,90.0,,unknown,not determined: needs vessel metadata + offshore-infrastructure database match (not joined yet); motion_state is not evidence of type,True
538005579,893,47.85527777777778,0.0037089231960961613,0.14368698087787646,0.14892370296748952,1.0,0.0,1.0,stationary,"p90 0.14<= 0.25 km, max 0.15<= 1.0 km, slow frac 1.00>= 0.9",3.0,90.0,,unknown,not determined: needs vessel metadata + offshore-infrastructure database match (not joined yet); motion_state is not evidence of type,True
538005813,179,10.005277777777778,27.842608848812667,121.87806116050366,167.16316521945166,0.0,12.0,0.0,moving,"p90 spread 121.88 km, stationarity 0.00",0.0,80.0,,unknown,not determined: needs vessel metadata + offshore-infrastructure database match (not joined yet); motion_state is not evidence of type,False
538007655,182,6.516666666666667,29.62689594838362,65.16330868984704,87.46486381250536,0.01098901098901099,12.2,0.0,moving,"p90 spread 65.16 km, stationarity 0.01",0.0,70.0,,unknown,not determined: needs vessel metadata + offshore-infrastructure database match (not joined yet); motion_state is not evidence of type,False
538008511,125,6.924722222222222,25.28750192602201,60.75324196693031,87.86924383631396,0.008,12.9,0.0,moving,"p90 spread 60.75 km, stationarity 0.01",0.0,70.0,,unknown,not determined: needs vessel metadata + offshore-infrastructure database match (not joined yet); motion_state is not evidence of type,False
538008599,449,9.086388888888889,47.724394763879026,84.65388827701551,96.96559974858424,0.0066815144766146995,11.3,0.0,moving,"p90 spread 84.65 km, stationarity 0.01",0.0,80.0,,unknown,not determined: needs vessel metadata + offshore-infrastructure database match (not joined yet); motion_state is not evidence of type,False
538009307,15,3.663611111111111,15.901310330294878,29.882509625757404,34.64700312268212,0.06666666666666667,8.5,0.0,moving,"short track (n=15, span 3.7 h) but moved 34.6 km > 5.0 km",0.0,70.0,,unknown,not determined: needs vessel metadata + offshore-infrastructure database match (not joined yet); motion_state is not evidence of type,False
538009588,152,10.419444444444444,22.14455276499514,43.92586902133478,133.20242252183095,0.013157894736842105,11.5,0.0,moving,"p90 spread 43.93 km, stationarity 0.01",0.0,70.0,,unknown,not determined: needs vessel metadata + offshore-infrastructure database match (not joined yet); motion_state is not evidence of type,False
538009623,636,46.93277777777778,0.0,0.0745007037564426,0.12835721203036443,1.0,0.1,0.9968553459119497,stationary,"p90 0.07<= 0.25 km, max 0.13<= 1.0 km, slow frac 1.00>= 0.9",3.0,0.0,,unknown,not determined: needs vessel metadata + offshore-infrastructure database match (not joined yet); motion_state is not evidence of type,True
538009901,185,4.1275,10.909275235155587,19.852918098370047,23.107157870531307,0.021621621621621623,5.7,0.0,moving,"short track (n=185, span 4.1 h) but moved 23.1 km > 5.0 km",0.0,90.0,,unknown,not determined: needs vessel metadata + offshore-infrastructure database match (not joined yet); motion_state is not evidence of type,False
538010349,1,0.0,0.0,0.0,0.0,1.0,8.4,0.0,undetermined,n_reports=1 or span=0.0h below minimum,0.0,70.0,,unknown,not determined: needs vessel metadata + offshore-infrastructure database match (not joined yet); motion_state is not evidence of type,False
538090538,277,6.433888888888889,36.65243810966579,64.88492705902519,72.30477830319577,0.007220216606498195,12.3,0.0,moving,"p90 spread 64.88 km, stationarity 0.01",0.0,70.0,,unknown,not determined: needs vessel metadata + offshore-infrastructure database match (not joined yet); motion_state is not evidence of type,False
548704000,290,10.558333333333334,34.130735335990465,69.6332578991764,140.18334433633333,0.0,12.6,0.0,moving,"p90 spread 69.63 km, stationarity 0.00",8.0,70.0,,unknown,not determined: needs vessel metadata + offshore-infrastructure database match (not joined yet); motion_state is not evidence of type,False
563058600,24,0.9802777777777778,2.7904498611236077,5.767886327297375,16.808980789741618,0.08333333333333333,11.9,0.0,moving,"short track (n=24, span 1.0 h) but moved 16.8 km > 5.0 km",0.0,70.0,,unknown,not determined: needs vessel metadata + offshore-infrastructure database match (not joined yet); motion_state is not evidence of type,False
563073700,200,6.022222222222222,25.017953312976505,54.76229730726428,73.08844308326434,0.01,12.4,0.0,moving,"p90 spread 54.76 km, stationarity 0.01",0.0,71.0,,unknown,not determined: needs vessel metadata + offshore-infrastructure database match (not joined yet); motion_state is not evidence of type,False
563086300,100,46.50555555555555,0.10178299116529625,0.24752468858628474,0.2626963653471608,1.0,0.0,1.0,stationary,"p90 0.25<= 0.25 km, max 0.26<= 1.0 km, slow frac 1.00>= 0.9",5.0,90.0,moored,unknown,not determined: needs vessel metadata + offshore-infrastructure database match (not joined yet); motion_state is not evidence of type,True
564538000,9,0.16416666666666666,1.148347909801591,1.807263136597907,2.065353289031727,0.2222222222222222,12.6,0.0,undetermined,n_reports=9 or span=0.2h below minimum,8.0,70.0,,unknown,not determined: needs vessel metadata + offshore-infrastructure database match (not joined yet); motion_state is not evidence of type,False
564970000,148,2.6305555555555555,17.12589065037828,31.345786633847773,34.899956748430874,0.013513513513513514,14.1,0.0,moving,"short track (n=148, span 2.6 h) but moved 34.9 km > 5.0 km",0.0,80.0,,unknown,not determined: needs vessel metadata + offshore-infrastructure database match (not joined yet); motion_state is not evidence of type,False
577358000,1211,47.96111111111111,0.0011119508021343798,0.0056469931749934124,0.006744576522164114,1.0,0.1,1.0,stationary,"p90 0.01<= 0.25 km, max 0.01<= 1.0 km, slow frac 1.00>= 0.9",3.0,90.0,,unknown,not determined: needs vessel metadata + offshore-infrastructure database match (not joined yet); motion_state is not evidence of type,True
636016002,1254,47.8525,0.00822254869514124,0.17593408549778042,0.18075929382554598,1.0,0.0,0.9976076555023924,stationary,"p90 0.18<= 0.25 km, max 0.18<= 1.0 km, slow frac 1.00>= 0.9",3.0,90.0,,unknown,not determined: needs vessel metadata + offshore-infrastructure database match (not joined yet); motion_state is not evidence of type,True
636019868,143,5.454444444444444,28.911358390768587,77.26569830320463,95.54474025211711,0.006993006993006993,13.8,0.0,moving,"short track (n=143, span 5.5 h) but moved 95.5 km > 5.0 km",0.0,74.0,,unknown,not determined: needs vessel metadata + offshore-infrastructure database match (not joined yet); motion_state is not evidence of type,False
636020125,287,8.005277777777778,32.47136587616067,69.36424506393847,109.71213110429458,0.010452961672473868,11.8,0.0,moving,"p90 spread 69.36 km, stationarity 0.01",0.0,70.0,,unknown,not determined: needs vessel metadata + offshore-infrastructure database match (not joined yet); motion_state is not evidence of type,False
941202717,3,3.5997222222222223,0.4636930038434486,2.1254698953922553,2.540914118279457,0.6666666666666666,1.2,0.0,undetermined,n_reports=3 or span=3.6h below minimum,,,,unknown,not determined: needs vessel metadata + offshore-infrastructure database match (not joined yet); motion_state is not evidence of type,False
941202899,6,2.8497222222222223,0.1326003702858027,0.8219646335711936,1.3418433947795154,0.8333333333333334,1.55,0.0,undetermined,n_reports=6 or span=2.8h below minimum,,,,unknown,not determined: needs vessel metadata + offshore-infrastructure database match (not joined yet); motion_state is not evidence of type,False
941202904,7,1.25,0.2647320948199715,1.1113805702534871,1.1950914765735066,0.5714285714285714,1.8,0.0,undetermined,n_reports=7 or span=1.2h below minimum,,,,unknown,not determined: needs vessel metadata + offshore-infrastructure database match (not joined yet); motion_state is not evidence of type,False
